// clawd reference logo, RGB565, 267x240 (PIL LANCZOS)
#pragma once
#define CLAWD_IMG_W 267
#define CLAWD_IMG_H 240
static const uint16_t clawd_img[CLAWD_IMG_W*CLAWD_IMG_H] = {
0xEF7D,0xEF9D,0xF79D,0xF79D,0xEF9D,0xF79D,0xF79D,0xF79D,0xEF9D,0xEF9D,0xEF9D,0xEF7D,0xEF9D,0xEF9D,0xEF7D,0xEF9D,
0xEF9D,0xEF9D,0xEF7D,0xEF7D,0xF79D,0xF79D,0xEF7D,0xEF9D,0xEF9D,0xEF9D,0xEF9D,0xEF9D,0xEF9D,0xEF9D,0xEF9D,0xEF9D,
0xEF7D,0xEF9D,0xEF9D,0xEF9D,0xEF9D,0xEF9D,0xEF9D,0xEF9D,0xF79D,0xEF9D,0xEF9D,0xEF9D,0xEF7D,0xEF7D,0xEF9D,0xEF9D,
0xEF7D,0xEF7D,0xEF9D,0xF79D,0xF79D,0xF79D,0xEF9D,0xEF9D,0xF79D,0xF79D,0xF79D,0xEF7D,0xEF7D,0xEF7D,0xEF9D,0xEF9D,
0xEF7D,0xEF7D,0xEF9D,0xEF7D,0xEF7D,0xEF9D,0xF79D,0xEF9D,0xEF9D,0xEF9D,0xEF9D,0xEF9D,0xEF9D,0xEF9D,0xEF7D,0xEF9D,
0xEF9D,0xEF7D,0xEF9D,0xEF9D,0xEF9D,0xEF9D,0xEF7D,0xEF7D,0xEF9D,0xF79D,0xF79D,0xF79D,0xEF9D,0xEF9D,0xEF9D,0xF79D,
0xF79D,0xEF7D,0xEF7D,0xEF9D,0xEF7D,0xEF9D,0xEF9D,0xEF7D,0xEF7D,0xEF7D,0xEF9D,0xEF7D,0xEF7D,0xF77D,0xEF7D,0xF79D,
0xF79D,0xEF9D,0xEF7D,0xEF9D,0xEF9D,0xEF9D,0xEF9D,0xEF7D,0xEF9D,0xEF7D,0xEF9D,0xEF9D,0xEF9D,0xEF9D,0xF79D,0xF79D,
0xEF9D,0xEF7D,0xEF9D,0xEF9D,0xEF7D,0xEF7D,0xEF7D,0xEF9D,0xEF9D,0xEF9D,0xF79D,0xEF9D,0xEF9D,0xEF9D,0xF79D,0xF79D,
0xF79D,0xEF9D,0xEF9D,0xEF9D,0xEF9D,0xEF9D,0xF79D,0xF79D,0xF79D,0xF79D,0xF79D,0xEF9D,0xEF9D,0xF79D,0xF79D,0xEF9D,
0xEF9D,0xEF9D,0xEF9D,0xEF9D,0xEF7D,0xEF9D,0xEF9D,0xEF9D,0xEF9D,0xF79D,0xF77D,0xEF7D,0xEF9D,0xEF9D,0xEF9D,0xEF7D,
0xEF7D,0xEF7D,0xEF9D,0xEF9D,0xEF7D,0xF79D,0xEF9D,0xEF7D,0xEF9D,0xF77D,0xEF7D,0xEF7D,0xEF9D,0xEF7D,0xEF7D,0xEF7D,
0xEF7D,0xEF9D,0xEF9D,0xEF7D,0xEF7D,0xEF9D,0xEF9D,0xEF9D,0xF79D,0xF79D,0xEF9D,0xEF9D,0xEF9D,0xEF9D,0xEF9D,0xF79D,
0xF79D,0xF79D,0xEF9D,0xEF7D,0xEF7D,0xEF7D,0xEF9D,0xEF9D,0xEF9D,0xF79D,0xF79D,0xEF9D,0xF79D,0xF79D,0xEF9D,0xEF9D,
0xEF9D,0xEF7D,0xEF9D,0xEF9D,0xEF9D,0xEF9D,0xEF9D,0xEF7D,0xEF7D,0xEF9D,0xEF9D,0xEF7D,0xEF7D,0xEF7D,0xEF7D,0xEF7D,
0xEF7D,0xEF7D,0xEF9D,0xEF7D,0xEF7D,0xEF9D,0xEF9D,0xEF9D,0xEF9D,0xEF9D,0xEF9D,0xEF9D,0xEF9D,0xEF7D,0xEF7D,0xEF7D,
0xEF7D,0xEF7D,0xEF9D,0xEF9D,0xEF9D,0xEF9D,0xF79E,0xF79E,0xF79E,0xF79E,0xF79E,0xEF7D,0xF79D,0xEF9D,0xEF7D,0xEF7D,
0xEF9D,0xF79D,0xF79D,0xEF9D,0xEF7D,0xEF7D,0xEF7D,0xEF9D,0xEF9D,0xEF9D,0xEF7D,0xEF7D,0xF79D,0xF79D,0xEF7D,0xEF9D,
0xF79D,0xF79D,0xF79D,0xF79D,0xEF9D,0xEF9D,0xF79D,0xEF9D,0xEF9D,0xEF9D,0xEF9D,0xEF7D,0xEF7D,0xEF9D,0xF79D,0xF79D,
0xF79D,0xF79D,0xF79D,0xEF9D,0xEF9D,0xEF9D,0xEF7D,0xEF9D,0xEF9D,0xEF9D,0xEF9D,0xEF7D,0xEF7D,0xEF9D,0xF79D,0xF79D,
0xF79D,0xEF7D,0xEF7D,0xF79D,0xF79D,0xEF9D,0xEF9D,0xEF9D,0xEF9D,0xEF9D,0xEF9D,0xEF9D,0xEF7D,0xEF9D,0xEF7D,0xEF7D,
0xEF7D,0xEF7D,0xEF9D,0xEF9D,0xEF9D,0xEF9D,0xEF9D,0xEF9D,0xF79D,0xEF9D,0xEF9D,0xEF9D,0xEF7D,0xEF7D,0xEF9D,0xEF7D,
0xEF7D,0xEF7D,0xEF7D,0xEF7D,0xEF7D,0xEF7D,0xEF9D,0xEF9D,0xEF9D,0xEF9D,0xEF9D,0xEF9D,0xEF9D,0xEF7D,0xEF7D,0xEF7D,
0xEF9D,0xEF7D,0xEF7D,0xEF7D,0xEF7D,0xEF7D,0xEF7D,0xEF7D,0xEF9D,0xEF9D,0xEF9D,0xEF9D,0xEF9D,0xEF9D,0xEF9D,0xF79D,
0xF79D,0xEF9D,0xEF9D,0xF79D,0xEF7D,0xEF7D,0xEF7D,0xEF7D,0xEF7D,0xEF7D,0xEF7D,0xEF9D,0xEF7D,0xEF9D,0xEF9D,0xF79D,
0xF79D,0xEF9D,0xEF9D,0xEF9D,0xEF9D,0xEF9D,0xEF9D,0xEF9D,0xEF7D,0xEF7D,0xEF7D,0xEF7D,0xEF7D,0xEF7D,0xEF9D,0xEF9D,
0xEF9D,0xEF9D,0xEF9D,0xEF9D,0xF79D,0xF79D,0xEF9D,0xEF9D,0xEF9D,0xEF7D,0xEF9D,0xEF7D,0xEF9D,0xEF9D,0xEF9D,0xEF7D,
0xEF9D,0xEF9D,0xEF9D,0xEF7D,0xEF7D,0xEF9D,0xEF9D,0xEF9D,0xF79D,0xF79D,0xEF7D,0xEF7D,0xEF9D,0xEF9D,0xEF7D,0xEF7D,
0xEF9D,0xEF7D,0xEF7D,0xEF7D,0xEF7D,0xEF9D,0xF79D,0xEF9D,0xEF7D,0xEF7D,0xEF7D,0xEF9D,0xEF9D,0xEF9D,0xEF9D,0xEF7D,
0xEF9D,0xEF7D,0xEF7D,0xEF9D,0xEF7D,0xEF9D,0xEF7D,0xEF7D,0xF79D,0xF79D,0xF79D,0xF79D,0xEF9D,0xEF9D,0xEF9D,0xEF9D,
0xEF9D,0xEF9D,0xEF7D,0xEF7D,0xEF9D,0xEF7D,0xEF7D,0xEF7D,0xEF9D,0xEF7D,0xEF9D,0xF79D,0xF79D,0xEF9D,0xEF9D,0xEF9D,
0xEF9D,0xEF9D,0xEF9D,0xEF9D,0xEF9D,0xEF9D,0xEF7D,0xEF7D,0xEF7D,0xEF7D,0xEF7D,0xEF7D,0xEF7D,0xEF7D,0xF79D,0xEF9D,
0xEF9D,0xF79D,0xF79D,0xF79D,0xF79D,0xEF9D,0xEF9D,0xEF9D,0xEF7D,0xEF7D,0xEF7D,0xEF7D,0xEF7D,0xEF9D,0xEF7D,0xEF9C,
0xEF9D,0xF79E,0xF79E,0xF79E,0xF79E,0xF79E,0xEF7D,0xEF9D,0xF79D,0xEF9D,0xEF7D,0xEF7D,0xEF9D,0xEF9D,0xEF9D,0xEF7D,
0xEF7D,0xEF7D,0xEF7D,0xEF7D,0xEF7D,0xEF9D,0xEF9D,0xEF9D,0xEF9D,0xEF9D,0xEF9D,0xEF9D,0xF79D,0xF79D,0xEF9D,0xEF9D,
0xEF9D,0xEF9D,0xEF9D,0xEF9D,0xEF7D,0xEF7D,0xF79D,0xEF9D,0xEF9D,0xF79D,0xF79D,0xF79D,0xEF9D,0xEF9D,0xEF9D,0xEF9D,
0xEF9D,0xEF9D,0xEF9D,0xEF9D,0xEF9D,0xEF9D,0xEF7D,0xEF9D,0xEF7D,0xEF7D,0xF79D,0xEF9D,0xEF7D,0xEF9D,0xF79D,0xF79D,
0xEF9D,0xEF9D,0xEF9D,0xEF9D,0xEF9D,0xEF9D,0xEF9D,0xEF9D,0xEF9D,0xEF9D,0xEF9D,0xEF7D,0xEF9D,0xEF9D,0xEF7D,0xEF9D,
0xEF9D,0xEF9D,0xEF9D,0xEF9D,0xEF9D,0xEF9D,0xEF7D,0xEF7D,0xEF7D,0xEF7D,0xEF7D,0xEF7D,0xEF7D,0xEF7D,0xEF9D,0xEF9D,
0xEF7D,0xEF9D,0xEF9D,0xEF9D,0xEF9D,0xEF9D,0xEF9D,0xEF9D,0xEF9D,0xEF7D,0xEF9D,0xEF7D,0xEF9D,0xEF9D,0xEF7D,0xEF7D,
0xEF7D,0xEF7D,0xEF9D,0xEF9D,0xEF7D,0xEF9D,0xEF9D,0xEF9D,0xEF9D,0xEF9D,0xEF9D,0xEF9D,0xEF9D,0xEF9D,0xEF9D,0xEF9D,
0xEF9D,0xEF7D,0xEF7D,0xEF9D,0xEF7D,0xEF9D,0xEF9D,0xEF7D,0xEF7D,0xEF7D,0xEF9D,0xEF9D,0xEF7D,0xEF7D,0xEF9D,0xEF9D,
0xEF9D,0xEF9D,0xEF7D,0xEF7D,0xEF7D,0xEF9D,0xEF9D,0xEF7D,0xEF9D,0xEF9D,0xEF9D,0xEF9D,0xEF9D,0xEF9D,0xEF9D,0xEF9D,
0xEF7D,0xEF9D,0xEF9D,0xEF9D,0xEF7D,0xEF9D,0xEF9D,0xEF9D,0xEF9D,0xEF7D,0xEF9D,0xEF9D,0xEF9D,0xEF9D,0xEF7D,0xEF7D,
0xEF9D,0xEF9D,0xEF9D,0xF79D,0xF79D,0xEF9D,0xEF9D,0xEF9D,0xEF7D,0xEF7D,0xEF9D,0xEF9D,0xEF7D,0xEF7D,0xEF7D,0xEF9D,
0xEF9D,0xEF9D,0xEF7D,0xEF7D,0xEF7D,0xEF7D,0xEF7D,0xEF7D,0xEF9D,0xEF7D,0xEF7D,0xEF7D,0xEF7D,0xEF7D,0xEF7D,0xEF7D,
0xEF7D,0xEF9D,0xEF9D,0xF79D,0xEF9D,0xEF9D,0xEF9D,0xEF9D,0xEF9D,0xEF9D,0xEF9D,0xEF7D,0xEF7D,0xEF7D,0xEF7D,0xEF7D,
0xEF7D,0xEF9D,0xEF9D,0xEF7D,0xEF9D,0xEF9D,0xEF9D,0xEF9D,0xEF9D,0xEF9D,0xEF9D,0xEF9D,0xEF9D,0xEF9D,0xEF9D,0xEF9D,
0xEF9D,0xEF9D,0xEF9D,0xEF9D,0xEF9D,0xEF9D,0xEF9D,0xEF9D,0xEF9D,0xF79D,0xF79D,0xEF9D,0xF79D,0xF79D,0xEF9D,0xEF9D,
0xEF9D,0xEF9D,0xEF9D,0xEF9D,0xEF7D,0xEF7D,0xEF7D,0xEF9D,0xEF7D,0xEF9D,0xEF9D,0xEF9D,0xF79E,0xF79E,0xF79E,0xF79E,
0xF79E,0xEF7D,0xEF9D,0xEF9D,0xF79D,0xF79D,0xF79D,0xF79D,0xEF9D,0xEF9D,0xEF7D,0xEF7D,0xEF7D,0xEF7D,0xEF9D,0xF79D,
0xEF7D,0xEF9D,0xEF9D,0xEF7D,0xEF7D,0xEF9D,0xEF9D,0xEF9D,0xEF9D,0xEF9D,0xEF9D,0xEF9D,0xEF9D,0xEF9D,0xEF9D,0xEF9D,
0xEF7D,0xF79D,0xF79D,0xF79D,0xEF9D,0xF79D,0xEF9D,0xEF9D,0xEF9D,0xEF9D,0xF79D,0xEF9D,0xEF9D,0xEF7D,0xEF9D,0xEF9D,
0xEF9D,0xEF7D,0xEF7D,0xEF7D,0xEF9D,0xEF9D,0xEF7D,0xEF7D,0xEF9D,0xEF9D,0xEF9D,0xEF9D,0xEF9D,0xEF9D,0xEF7D,0xEF7D,
0xEF7D,0xEF7D,0xEF7D,0xEF9D,0xF79D,0xEF9D,0xF79D,0xEF7D,0xEF7D,0xEF9D,0xEF9D,0xEF9D,0xEF9D,0xEF9D,0xEF9D,0xEF9D,
0xEF9D,0xEF9D,0xEF9D,0xEF9D,0xEF7D,0xEF7D,0xEF7D,0xEF7D,0xEF7D,0xEF7D,0xEF9D,0xEF9D,0xEF9D,0xEF9D,0xEF9D,0xEF9D,
0xEF9D,0xEF9D,0xEF9D,0xEF9D,0xEF9D,0xEF9D,0xEF7D,0xEF9D,0xEF7D,0xEF7D,0xEF7D,0xEF7D,0xEF7D,0xEF9D,0xEF9D,0xEF9D,
0xEF9D,0xEF9D,0xEF9D,0xEF9D,0xEF9D,0xEF9D,0xEF7D,0xEF9D,0xEF9D,0xEF7D,0xEF9D,0xEF9D,0xEF9D,0xF79D,0xEF9D,0xEF9D,
0xF79D,0xEF9D,0xEF9D,0xEF9D,0xEF7D,0xEF7D,0xEF7D,0xEF7D,0xEF7D,0xEF9D,0xEF9D,0xEF9D,0xEF7D,0xEF7D,0xEF7D,0xEF9D,
0xEF7D,0xEF9D,0xEF7D,0xEF9D,0xEF9D,0xEF9D,0xEF9D,0xEF9D,0xEF9D,0xEF9D,0xEF9D,0xEF9D,0xEF9D,0xEF9D,0xEF9D,0xEF9D,
0xEF9D,0xEF9D,0xF79D,0xEF9D,0xEF7D,0xEF9D,0xEF7D,0xEF7D,0xF77D,0xF79D,0xEF9D,0xEF9D,0xEF9D,0xEF7D,0xEF7D,0xEF9D,
0xEF9D,0xEF7D,0xEF9D,0xEF9D,0xEF7D,0xEF7D,0xEF7D,0xEF9D,0xEF9D,0xEF9D,0xEF9D,0xEF9D,0xEF9D,0xEF9D,0xEF7D,0xEF9D,
0xEF7D,0xEF7D,0xEF7D,0xEF7D,0xEF9D,0xEF9D,0xEF7D,0xEF7D,0xEF9D,0xEF7D,0xEF7D,0xEF9D,0xEF9D,0xEF9D,0xEF9D,0xEF9D,
0xEF9D,0xEF9D,0xEF9D,0xEF9D,0xEF9D,0xEF9D,0xEF7D,0xEF7D,0xEF9D,0xEF9D,0xEF9D,0xEF7D,0xEF7D,0xEF9D,0xEF7D,0xEF9D,
0xF79D,0xEF7D,0xEF7D,0xEF9D,0xEF9D,0xEF9D,0xEF9D,0xEF9D,0xEF7D,0xEF7D,0xEF9D,0xEF9D,0xEF9D,0xEF9D,0xEF9D,0xEF9D,
0xEF9D,0xEF7D,0xEF7D,0xEF7D,0xEF9D,0xF79D,0xEF9D,0xF79D,0xF79D,0xEF9D,0xEF9D,0xEF9D,0xEF9D,0xEF9D,0xEF9D,0xEF9D,
0xEF9D,0xEF9D,0xEF7D,0xEF7D,0xEF7D,0xEF9D,0xEF9D,0xF79E,0xF79E,0xF79E,0xF79E,0xF79E,0xEF7D,0xEF9D,0xEF9D,0xEF9D,
0xEF9D,0xEF9D,0xEF7D,0xEF9D,0xEF9D,0xEF9D,0xEF9D,0xEF7D,0xEF7D,0xEF9D,0xEF9D,0xEF7D,0xEF7D,0xEF7D,0xEF7D,0xEF9D,
0xF79D,0xEF9D,0xEF7D,0xEF9D,0xEF9D,0xEF9D,0xEF9D,0xEF9D,0xEF9D,0xEF9D,0xF79D,0xF79D,0xF79D,0xEF9D,0xEF9D,0xEF9D,
0xEF7D,0xEF9D,0xEF9D,0xEF9D,0xEF9D,0xEF7D,0xEF7D,0xEF9D,0xEF7D,0xEF7D,0xEF9D,0xEF9D,0xEF7D,0xEF7D,0xEF9D,0xEF9D,
0xEF9D,0xEF9D,0xEF9D,0xEF9D,0xEF9D,0xEF9D,0xEF9D,0xEF9D,0xEF9D,0xEF7D,0xF79D,0xF79D,0xEF9D,0xEF7D,0xEF7D,0xEF9D,
0xEF9D,0xEF7D,0xEF9D,0xEF9D,0xEF9D,0xEF9D,0xEF9D,0xEF9D,0xEF9D,0xEF9D,0xEF9D,0xEF9D,0xEF7D,0xEF7D,0xEF7D,0xEF9D,
0xEF9D,0xEF9D,0xEF7D,0xEF7D,0xEF7D,0xEF9D,0xEF9D,0xEF9D,0xEF9D,0xEF9D,0xEF9D,0xEF9D,0xEF9D,0xEF9D,0xEF9D,0xEF9D,
0xEF9D,0xEF7D,0xEF9D,0xEF7D,0xEF7D,0xEF7D,0xEF9D,0xEF9D,0xEF9D,0xEF9D,0xEF9D,0xEF9D,0xEF9D,0xEF9D,0xEF9D,0xEF9D,
0xEF9D,0xEF9D,0xF79D,0xF79D,0xEF7D,0xEF7D,0xEF9D,0xEF9D,0xEF9D,0xF79D,0xEF9D,0xEF9D,0xEF7D,0xEF7D,0xEF9D,0xEF7D,
0xEF9D,0xEF9D,0xEF7D,0xEF9D,0xEF9D,0xEF9D,0xEF9D,0xEF9D,0xEF9D,0xEF9D,0xEF9D,0xEF7D,0xEF7D,0xEF9D,0xEF9D,0xEF9D,
0xEF9D,0xEF9D,0xEF9D,0xEF9D,0xEF9D,0xEF7D,0xEF9D,0xEF9D,0xEF9D,0xEF9D,0xEF9D,0xEF9D,0xEF9D,0xEF9D,0xEF9D,0xEF9D,
0xEF9D,0xEF7D,0xEF9D,0xEF9D,0xEF9D,0xEF9D,0xEF9D,0xEF9D,0xEF9D,0xEF9D,0xEF9D,0xEF7D,0xEF7D,0xEF9D,0xEF9D,0xEF9D,
0xEF9D,0xEF7D,0xEF9D,0xF79D,0xF79D,0xEF7D,0xEF7D,0xEF7D,0xEF7D,0xEF9D,0xEF9D,0xEF9D,0xEF9D,0xEF9D,0xEF7D,0xEF9D,
0xEF9D,0xEF9D,0xEF9D,0xEF9D,0xF79D,0xF79D,0xEF7D,0xEF7D,0xEF9D,0xEF9D,0xEF9D,0xEF9D,0xEF9D,0xEF9D,0xEF9D,0xEF9D,
0xEF9D,0xEF7D,0xEF7D,0xEF9D,0xEF9D,0xEF9D,0xEF7D,0xEF7D,0xEF9D,0xEF7D,0xEF7D,0xEF9D,0xEF7D,0xEF7D,0xEF9D,0xEF9D,
0xEF9D,0xF79D,0xEF9D,0xEF7D,0xEF7D,0xEF9D,0xEF9D,0xEF9D,0xEF9D,0xEF9D,0xEF9D,0xEF9D,0xEF9D,0xEF7D,0xEF7D,0xEF9D,
0xEF9D,0xEF7D,0xEF9D,0xEF9D,0xEF7D,0xEF7D,0xEF7D,0xEF7D,0xEF9D,0xEF9D,0xEF9D,0xEF9D,0xEF7D,0xEF7D,0xEF7D,0xEF7D,
0xEF9D,0xEF9D,0xF79E,0xF79E,0xF79E,0xF79E,0xF79E,0xEF7D,0xEF7D,0xEF9D,0xEF9D,0xEF9D,0xEF9D,0xEF9D,0xEF7D,0xEF7D,
0xF79D,0xEF9D,0xEF7D,0xEF7D,0xEF7D,0xEF7D,0xEF7D,0xEF9D,0xEF9D,0xEF9D,0xF79D,0xF79D,0xF79D,0xF79D,0xF79D,0xEF9D,
0xEF9D,0xEF9D,0xEF9D,0xEF7D,0xEF7D,0xEF9D,0xEF9D,0xEF7D,0xEF7D,0xF79D,0xEF9D,0xF79D,0xEF9D,0xF79D,0xEF9D,0xEF9D,
0xEF9D,0xEF7D,0xEF9D,0xEF7D,0xEF9D,0xEF9D,0xEF7D,0xEF7D,0xEF7D,0xEF7D,0xEF9D,0xEF7D,0xEF9D,0xF79D,0xEF9D,0xEF9D,
0xF79D,0xEF9D,0xEF9D,0xEF9D,0xEF9D,0xEF9D,0xEF9D,0xEF9D,0xEF7D,0xEF7D,0xEF9D,0xEF9D,0xEF7D,0xEF7D,0xEF9D,0xEF9D,
0xEF7D,0xEF9D,0xEF9D,0xEF7D,0xEF7D,0xEF9D,0xF79D,0xEF9D,0xEF7D,0xEF7D,0xEF7D,0xEF7D,0xEF7D,0xEF7D,0xEF7D,0xEF7D,
0xEF7D,0xEF9D,0xEF9D,0xEF9D,0xEF9D,0xEF9D,0xEF9D,0xEF9D,0xEF7D,0xEF9D,0xEF7D,0xEF9D,0xEF9D,0xEF7D,0xEF7D,0xEF7D,
0xEF7D,0xEF7D,0xEF7D,0xEF9D,0xEF9D,0xEF9D,0xEF9D,0xEF9D,0xEF9D,0xEF9D,0xEF9D,0xEF9D,0xF79D,0xF79D,0xF79D,0xEF7D,
0xEF7D,0xF79D,0xEF9D,0xEF7D,0xEF9D,0xEF9D,0xEF9D,0xEF9D,0xEF9D,0xEF7D,0xEF7D,0xF79D,0xEF9D,0xF79D,0xEF9D,0xEF9D,
0xF79D,0xEF7D,0xEF7D,0xEF9D,0xEF7D,0xEF7D,0xEF7D,0xEF9D,0xEF9D,0xEF7D,0xEF9D,0xEF9D,0xEF9D,0xEF7D,0xF79D,0xF79D,
0xEF9D,0xEF9D,0xEF9D,0xEF7D,0xEF9D,0xEF9D,0xEF9D,0xEF7D,0xEF7D,0xEF9D,0xEF7D,0xEF7D,0xEF9D,0xEF9D,0xEF9D,0xEF9D,
0xEF9D,0xEF9D,0xEF9D,0xEF9D,0xEF9D,0xEF9D,0xEF7D,0xEF7D,0xEF7D,0xEF9D,0xEF7D,0xEF9D,0xEF9D,0xEF9D,0xEF9D,0xEF9D,
0xEF9D,0xEF9D,0xEF9D,0xEF9D,0xEF9D,0xEF9D,0xEF9D,0xEF7D,0xEF9D,0xEF9D,0xEF7D,0xEF7D,0xEF9D,0xEF9D,0xEF7D,0xEF9D,
0xF79D,0xEF9D,0xEF7D,0xEF9D,0xEF9D,0xEF9D,0xEF9D,0xEF9D,0xEF9D,0xF79D,0xF79D,0xEF7D,0xEF7D,0xEF9D,0xEF7D,0xEF9D,
0xEF9D,0xEF7D,0xEF7D,0xF79D,0xF79D,0xEF9D,0xF79D,0xF79D,0xEF9D,0xF79D,0xEF9D,0xEF9D,0xF79D,0xF79D,0xEF9D,0xEF7D,
0xEF9D,0xEF9D,0xEF9D,0xEF9D,0xEF9D,0xEF7D,0xEF9D,0xEF7D,0xEF7D,0xEF9D,0xEF9D,0xEF9D,0xEF9D,0xEF9D,0xEF9D,0xEF9D,
0xEF9D,0xEF9D,0xEF9D,0xEF9D,0xEF9D,0xEF7D,0xEF7D,0xEF7D,0xEF7D,0xEF7D,0xEF7D,0xEF7D,0xEF9D,0xF79E,0xF79E,0xF79E,
0xF79E,0xF79E,0xEF7D,0xEF7D,0xF79D,0xEF9D,0xF79D,0xEF9D,0xEF9D,0xEF7D,0xEF7D,0xEF9D,0xEF9D,0xEF7D,0xEF7D,0xEF7D,
0xEF7D,0xEF7D,0xEF7D,0xEF7D,0xF79D,0xF79D,0xF79D,0xF79D,0xEF9D,0xEF9D,0xEF7D,0xEF7D,0xEF9D,0xEF9D,0xEF7D,0xF79D,
0xF79D,0xEF7D,0xEF7D,0xEF7D,0xEF9D,0xEF7D,0xF79D,0xF79D,0xEF9D,0xEF9D,0xEF9D,0xEF9D,0xEF9D,0xEF9D,0xEF7D,0xEF9D,
0xEF7D,0xEF9D,0xEF9D,0xEF9D,0xEF9D,0xEF7D,0xEF9D,0xEF9D,0xF79D,0xF79D,0xEF9D,0xEF9D,0xEF9D,0xEF9D,0xEF9D,0xEF9D,
0xEF9D,0xEF7D,0xEF7D,0xEF9D,0xEF7D,0xEF7D,0xEF9D,0xEF9D,0xEF7D,0xEF9D,0xEF9D,0xEF7D,0xEF7D,0xEF9D,0xEF7D,0xEF7D,
0xEF9D,0xF79D,0xEF9D,0xEF7D,0xEF7D,0xEF7D,0xEF7D,0xEF7D,0xEF7D,0xEF7D,0xEF7D,0xEF7D,0xEF9D,0xEF9D,0xEF9D,0xEF7D,
0xEF7D,0xEF9D,0xEF9D,0xEF7D,0xEF7D,0xEF7D,0xEF7D,0xEF7D,0xEF7D,0xEF7D,0xEF7D,0xEF7D,0xEF7D,0xEF7D,0xEF7D,0xEF9D,
0xEF9D,0xEF9D,0xEF9D,0xEF9D,0xEF9D,0xEF9D,0xEF9D,0xF79D,0xEF9D,0xEF7D,0xEF7D,0xEF7D,0xEF9D,0xEF9D,0xEF9D,0xEF9D,
0xEF9D,0xEF9D,0xF79D,0xF79D,0xEF7D,0xEF7D,0xEF9D,0xEF9D,0xF79D,0xF79D,0xEF9D,0xEF9D,0xEF9D,0xEF9D,0xEF7D,0xEF7D,
0xEF7D,0xEF7D,0xF79D,0xF79D,0xEF9D,0xEF9D,0xEF9D,0xF79D,0xEF9D,0xEF9D,0xF79D,0xEF9D,0xEF9D,0xEF7D,0xEF7D,0xEF9D,
0xF79D,0xEF9D,0xEF7D,0xEF7D,0xEF9D,0xEF9D,0xEF9D,0xF79D,0xF79D,0xEF9D,0xEF9D,0xEF9D,0xEF9D,0xEF9D,0xEF9D,0xEF7D,
0xEF7D,0xEF9D,0xEF9D,0xEF7D,0xEF9D,0xEF7D,0xEF7D,0xEF9D,0xEF9D,0xEF9D,0xEF9D,0xEF9D,0xEF9D,0xEF9D,0xEF9D,0xEF9D,
0xEF9D,0xEF9D,0xEF9D,0xF79D,0xF79D,0xEF9D,0xEF7D,0xEF7D,0xEF7D,0xEF7D,0xEF9D,0xEF9D,0xEF7D,0xEF7D,0xEF9D,0xEF9D,
0xEF9D,0xEF9D,0xEF9D,0xEF9D,0xEF9D,0xEF9D,0xEF9D,0xEF9D,0xEF9D,0xEF7D,0xEF7D,0xEF9D,0xEF7D,0xEF9D,0xF79D,0xEF9D,
0xEF9D,0xEF9D,0xEF9D,0xEF9D,0xF79D,0xEF9D,0xEF9D,0xEF9D,0xF79D,0xEF7D,0xEF7D,0xEF9D,0xEF7D,0xEF7D,0xEF9D,0xEF9D,
0xEF7D,0xEF9D,0xEF9D,0xEF9D,0xEF9D,0xEF9D,0xEF9D,0xEF9D,0xEF9D,0xF79D,0xEF9D,0xEF9D,0xEF9D,0xEF9D,0xEF9D,0xEF9D,
0xEF7D,0xEF7D,0xEF7D,0xEF9D,0xEF9D,0xEF9D,0xEF9D,0xEF9D,0xF79E,0xF79E,0xF79E,0xF79E,0xF79E,0xEF7D,0xEF7D,0xF79D,
0xF79D,0xF79D,0xF79D,0xF79D,0xEF9D,0xEF7D,0xEF7D,0xEF7D,0xEF7D,0xEF7D,0xEF9D,0xEF7D,0xEF9D,0xEF7D,0xEF7D,0xEF9D,
0xEF9D,0xEF9D,0xEF9D,0xEF9D,0xEF9D,0xEF7D,0xEF7D,0xEF9D,0xF79D,0xEF9D,0xEF9D,0xF79D,0xEF7D,0xEF7D,0xF79D,0xEF9D,
0xF79D,0xEF9D,0xEF9D,0xEF9D,0xEF9D,0xEF9D,0xEF7D,0xEF7D,0xF79D,0xEF9D,0xEF7D,0xEF7D,0xEF9D,0xEF9D,0xEF7D,0xEF7D,
0xEF7D,0xEF9D,0xEF9D,0xEF9D,0xEF9D,0xEF9D,0xEF9D,0xEF9D,0xEF9D,0xEF9D,0xEF9D,0xEF9D,0xEF7D,0xEF7D,0xEF9D,0xEF7D,
0xEF7D,0xEF9D,0xEF7D,0xEF9D,0xEF7D,0xEF7D,0xEF7D,0xEF7D,0xEF7D,0xEF7D,0xEF7D,0xEF7D,0xEF9D,0xEF9D,0xEF7D,0xEF7D,
0xEF9D,0xEF9D,0xEF7D,0xEF7D,0xEF7D,0xEF7D,0xEF7D,0xEF7D,0xEF7D,0xEF7D,0xEF7D,0xEF7D,0xEF9D,0xEF9D,0xEF7D,0xEF7D,
0xEF7D,0xEF9D,0xEF7D,0xEF7D,0xEF7D,0xEF7D,0xEF7D,0xEF9D,0xEF7D,0xEF7D,0xEF7D,0xEF7D,0xEF9D,0xEF9D,0xEF9D,0xEF9D,
0xEF9D,0xEF7D,0xF79D,0xEF9D,0xEF7D,0xEF7D,0xEF7D,0xEF7D,0xEF9D,0xEF9D,0xF79D,0xF79D,0xF79D,0xEF9D,0xEF9D,0xEF7D,
0xEF7D,0xEF9D,0xEF9D,0xF79D,0xF79D,0xEF9D,0xF79D,0xEF9D,0xEF7D,0xEF9D,0xEF9D,0xEF9D,0xEF7D,0xEF9D,0xF79D,0xEF9D,
0xEF9D,0xEF9D,0xEF9D,0xEF9D,0xEF9D,0xEF7D,0xEF7D,0xEF7D,0xEF7D,0xEF7D,0xEF7D,0xEF7D,0xEF9D,0xEF9D,0xEF9D,0xEF9D,
0xEF9D,0xEF9D,0xEF9D,0xEF9D,0xEF9D,0xEF9D,0xEF9D,0xEF7D,0xEF9D,0xEF9D,0xEF7D,0xEF9D,0xF79D,0xEF9D,0xEF9D,0xEF9D,
0xEF7D,0xEF7D,0xEF9D,0xEF9D,0xEF9D,0xEF9D,0xEF9D,0xEF9D,0xF79D,0xEF7D,0xEF9D,0xEF9D,0xF79D,0xEF9D,0xEF9D,0xF77D,
0xEF7D,0xEF7D,0xEF7D,0xEF7D,0xEF7D,0xEF9D,0xEF9D,0xEF9D,0xEF9D,0xEF9D,0xEF9D,0xEF9D,0xEF9D,0xEF9D,0xEF9D,0xEF9D,
0xEF9D,0xEF7D,0xEF7D,0xEF7D,0xEF7D,0xEF7D,0xEF9D,0xEF7D,0xEF9D,0xEF9D,0xEF7D,0xF79D,0xF79D,0xEF9D,0xEF9D,0xEF9D,
0xEF7D,0xEF7D,0xEF9D,0xEF7D,0xEF7D,0xEF7D,0xEF9D,0xEF7D,0xEF7D,0xEF9D,0xEF9D,0xEF9D,0xEF9D,0xF79D,0xEF9D,0xEF9D,
0xEF9D,0xEF9D,0xEF9D,0xEF9D,0xEF9D,0xEF9D,0xEF9D,0xEF9D,0xEF9D,0xEF9D,0xEF7D,0xEF7D,0xEF9D,0xEF9D,0xEF9D,0xEF7D,
0xEF7D,0xEF9D,0xEF9D,0xF79E,0xF79E,0xF79E,0xF79E,0xF79E,0xEF7D,0xEF7D,0xEF9D,0xEF9D,0xEF9D,0xEF9D,0xF77D,0xEF7D,
0xEF7D,0xF79D,0xEF9D,0xEF7D,0xEF7D,0xEF9D,0xEF7D,0xEF7D,0xEF9D,0xEF9D,0xEF9D,0xEF9D,0xEF9D,0xEF9D,0xEF9D,0xEF9D,
0xEF9D,0xEF9D,0xF79D,0xF79D,0xEF9D,0xF79D,0xEF9D,0xEF7D,0xEF7D,0xEF7D,0xEF9D,0xEF7D,0xEF7D,0xEF7D,0xEF9D,0xEF9D,
0xEF9D,0xEF9D,0xEF7D,0xF79D,0xEF7D,0xEF9D,0xEF9D,0xEF9D,0xEF9D,0xEF9D,0xEF9D,0xEF7D,0xEF7D,0xEF9D,0xEF9D,0xEF7D,
0xEF7D,0xEF9D,0xEF7D,0xEF7D,0xEF9D,0xEF9D,0xEF9D,0xEF9D,0xEF9D,0xEF9D,0xEF7D,0xEF7D,0xEF7D,0xEF9D,0xEF7D,0xEF7D,
0xEF7D,0xEF7D,0xEF7D,0xEF7D,0xEF7D,0xEF7D,0xEF7D,0xEF9D,0xEF9D,0xEF7D,0xEF7D,0xEF9D,0xEF7D,0xEF7D,0xEF7D,0xEF7D,
0xEF7D,0xEF7D,0xEF7D,0xEF7D,0xEF7D,0xEF7D,0xEF7D,0xEF7D,0xEF7D,0xEF7D,0xEF9D,0xEF7D,0xEF7D,0xEF7D,0xEF9D,0xEF7D,
0xEF7D,0xEF7D,0xEF7D,0xEF7D,0xEF7D,0xEF7D,0xEF7D,0xEF7D,0xEF7D,0xEF7D,0xEF7D,0xF79D,0xF79D,0xF79D,0xEF7D,0xEF7D,
0xEF9D,0xEF9D,0xEF9D,0xEF9D,0xEF7D,0xEF7D,0xEF9D,0xEF9D,0xF79D,0xF79D,0xEF9D,0xEF9D,0xEF9D,0xEF9D,0xEF9D,0xF79D,
0xF79D,0xEF9D,0xEF9D,0xEF7D,0xEF7D,0xEF7D,0xEF9D,0xEF9D,0xF79D,0xF79D,0xEF9D,0xEF9D,0xF79D,0xEF7D,0xEF7D,0xEF7D,
0xEF7D,0xEF7D,0xEF7D,0xEF7D,0xEF7D,0xEF7D,0xEF7D,0xEF9D,0xF79D,0xF79D,0xEF9D,0xEF9D,0xEF7D,0xEF9D,0xEF9D,0xEF9D,
0xEF9D,0xEF9D,0xEF7D,0xEF7D,0xEF9D,0xEF9D,0xEF7D,0xEF9D,0xEF9D,0xEF9D,0xEF7D,0xEF9D,0xEF9D,0xEF9D,0xEF9D,0xEF7D,
0xEF7D,0xEF9D,0xEF9D,0xEF9D,0xEF7D,0xEF7D,0xEF9D,0xEF9D,0xEF9D,0xEF9D,0xEF7D,0xEF7D,0xEF7D,0xEF7D,0xEF7D,0xEF7D,
0xEF9D,0xEF9D,0xEF7D,0xEF7D,0xEF9D,0xEF9D,0xEF9D,0xEF9D,0xEF9D,0xEF7D,0xEF7D,0xEF9D,0xEF7D,0xEF7D,0xEF9D,0xEF9D,
0xEF7D,0xEF9D,0xEF7D,0xEF7D,0xEF7D,0xEF7D,0xEF9D,0xEF9D,0xEF9D,0xEF9D,0xEF9D,0xEF7D,0xEF7D,0xEF9D,0xEF7D,0xEF9D,
0xEF9D,0xEF7D,0xEF9D,0xEF9D,0xEF7D,0xEF7D,0xEF7D,0xEF9D,0xEF7D,0xEF9D,0xEF9D,0xEF7D,0xEF9D,0xEF9D,0xEF7D,0xEF9D,
0xEF9D,0xEF7D,0xEF7D,0xEF9D,0xEF9D,0xEF9D,0xEF9D,0xEF7D,0xEF9D,0xEF7D,0xEF7D,0xEF7D,0xEF9D,0xEF9D,0xF79E,0xF79E,
0xF79E,0xF79E,0xF79E,0xEF9D,0xEF7D,0xEF7D,0xEF9D,0xEF9D,0xEF9D,0xF77D,0xF77D,0xEF7D,0xEF7D,0xEF9D,0xEF7D,0xEF7D,
0xF79D,0xEF9D,0xEF9D,0xF79D,0xF79D,0xEF9D,0xEF9D,0xEF9D,0xEF9D,0xEF9D,0xEF9D,0xEF9D,0xEF9D,0xF79D,0xEF7D,0xEF7D,
0xEF9D,0xEF7D,0xEF9D,0xEF9D,0xEF9D,0xF79D,0xEF9D,0xEF9D,0xEF9D,0xEF9D,0xEF9D,0xEF9D,0xEF7D,0xEF7D,0xEF7D,0xEF7D,
0xEF7D,0xEF9D,0xEF7D,0xEF7D,0xEF9D,0xEF9D,0xEF7D,0xEF7D,0xF79D,0xF79D,0xF79D,0xF79D,0xEF9D,0xEF9D,0xEF9D,0xEF9D,
0xEF9D,0xEF7D,0xEF7D,0xEF7D,0xEF7D,0xEF7D,0xEF7D,0xEF7D,0xEF9D,0xF79D,0xEF7D,0xEF7D,0xEF9D,0xEF7D,0xEF7D,0xEF7D,
0xEF9D,0xEF9D,0xEF9D,0xEF7D,0xEF7D,0xEF7D,0xEF7D,0xEF7D,0xEF7D,0xEF7D,0xEF7D,0xEF7D,0xEF9D,0xF79D,0xF79D,0xEF9D,
0xEF9D,0xEF9D,0xEF9D,0xEF9D,0xEF9D,0xEF7D,0xEF7D,0xEF7D,0xEF7D,0xEF9D,0xEF7D,0xEF7D,0xEF7D,0xEF7D,0xEF7D,0xEF9D,
0xEF9D,0xEF9D,0xF79D,0xF79D,0xF79D,0xF79D,0xF79D,0xEF9D,0xF79D,0xF79D,0xEF7D,0xEF7D,0xEF7D,0xEF9D,0xEF9D,0xEF7D,
0xEF9D,0xEF9D,0xEF9D,0xEF9D,0xF79D,0xF79D,0xF79D,0xF79D,0xF79D,0xEF9D,0xEF9D,0xF79D,0xEF9D,0xEF7D,0xEF7D,0xEF7D,
0xEF7D,0xEF9D,0xEF9D,0xF79D,0xEF9D,0xEF9D,0xF79D,0xF79D,0xF79D,0xEF9D,0xEF9D,0xEF9D,0xEF7D,0xEF7D,0xEF7D,0xEF7D,
0xEF7D,0xEF7D,0xEF7D,0xEF9D,0xEF9D,0xEF7D,0xEF9D,0xEF9D,0xF79D,0xF79D,0xEF9D,0xEF9D,0xEF9D,0xEF9D,0xF79D,0xF79D,
0xEF7D,0xEF7D,0xEF7D,0xEF7D,0xEF7D,0xEF7D,0xEF9D,0xEF7D,0xEF9D,0xEF9D,0xEF9D,0xEF9D,0xF79D,0xF79D,0xF79D,0xF79D,
0xEF9D,0xEF9D,0xEF9D,0xEF7D,0xEF9D,0xEF7D,0xEF7D,0xEF9D,0xEF7D,0xEF7D,0xEF7D,0xEF7D,0xEF9D,0xF79D,0xEF9D,0xEF9D,
0xEF9D,0xEF9D,0xEF9D,0xEF9D,0xF79D,0xF79D,0xF79D,0xEF7D,0xEF7D,0xEF7D,0xEF7D,0xEF7D,0xEF7D,0xEF7D,0xEF7D,0xEF9D,
0xEF7D,0xF79D,0xEF9D,0xF79D,0xEF9D,0xEF9D,0xEF9D,0xEF9D,0xEF9D,0xEF7D,0xEF7D,0xEF7D,0xEF7D,0xEF7D,0xEF9D,0xEF7D,
0xEF7D,0xEF9D,0xF79D,0xEF9D,0xEF7D,0xEF9D,0xF79D,0xEF9D,0xEF7D,0xEF7D,0xEF9D,0xEF9D,0xEF7D,0xEF7D,0xEF9D,0xEF9D,
0xEF9D,0xEF9D,0xEF7D,0xEF9D,0xEF7D,0xEF7D,0xEF7D,0xEF9D,0xEF9D,0xF79E,0xF79E,0xF79E,0xF79E,0xF79E,0xEF9D,0xEF7D,
0xEF9D,0xEF9D,0xEF9D,0xEF9D,0xF79D,0xF79D,0xEF7D,0xEF7D,0xEF7D,0xEF9D,0xEF9D,0xEF9D,0xEF9D,0xEF7D,0xEF9D,0xF79D,
0xEF9D,0xEF9D,0xF79D,0xEF9D,0xF79D,0xF79D,0xEF9D,0xEF9D,0xF79D,0xEF7D,0xEF7D,0xEF7D,0xEF9D,0xF79D,0xF79D,0xF79D,
0xF79D,0xF79D,0xEF7D,0xEF9D,0xEF9D,0xEF9D,0xEF7D,0xEF7D,0xEF9D,0xEF9D,0xEF7D,0xEF7D,0xEF9D,0xEF9D,0xF79D,0xEF9D,
0xEF7D,0xEF7D,0xEF9D,0xEF9D,0xEF9D,0xF79D,0xF79D,0xEF9D,0xEF9D,0xEF7D,0xEF7D,0xEF9D,0xEF9D,0xEF7D,0xEF7D,0xEF9D,
0xEF7D,0xEF7D,0xEF7D,0xEF7D,0xEF9D,0xEF9D,0xEF7D,0xEF9D,0xEF7D,0xEF9D,0xEF7D,0xEF9D,0xF79D,0xEF7D,0xEF7D,0xEF7D,
0xEF7D,0xEF7D,0xEF7D,0xEF7D,0xEF7D,0xEF9D,0xEF7D,0xEF7D,0xF79D,0xF79D,0xEF7D,0xEF7D,0xEF9D,0xEF7D,0xEF9D,0xEF9D,
0xEF9D,0xEF7D,0xEF7D,0xEF7D,0xEF7D,0xEF7D,0xEF7D,0xEF7D,0xEF7D,0xEF7D,0xEF9D,0xEF9D,0xEF9D,0xEF9D,0xF79D,0xF79D,
0xEF9D,0xEF9D,0xF79D,0xEF9D,0xF79D,0xEF7D,0xEF7D,0xEF7D,0xEF9D,0xEF7D,0xEF7D,0xEF7D,0xEF9D,0xF79D,0xEF9D,0xEF9D,
0xEF9D,0xEF9D,0xEF9D,0xEF9D,0xEF9D,0xEF9D,0xEF7D,0xEF7D,0xEF9D,0xEF7D,0xEF7D,0xEF7D,0xEF9D,0xEF9D,0xEF9D,0xEF9D,
0xEF9D,0xEF9D,0xEF9D,0xEF9D,0xEF9D,0xEF9D,0xEF9D,0xEF7D,0xEF9D,0xEF9D,0xEF7D,0xEF7D,0xEF7D,0xEF7D,0xEF9D,0xEF7D,
0xEF7D,0xEF7D,0xEF7D,0xEF7D,0xEF9D,0xEF9D,0xF79D,0xF79D,0xEF7D,0xEF9D,0xEF9D,0xF79D,0xF79D,0xEF9D,0xEF7D,0xEF9D,
0xEF9D,0xEF7D,0xEF7D,0xEF9D,0xEF7D,0xEF9D,0xEF9D,0xEF9D,0xEF9D,0xEF9D,0xEF9D,0xEF9D,0xF79D,0xEF9D,0xEF7D,0xEF7D,
0xEF9D,0xEF9D,0xEF7D,0xEF7D,0xEF7D,0xEF7D,0xEF7D,0xEF9D,0xEF9D,0xEF7D,0xF79D,0xF79D,0xEF7D,0xEF9D,0xEF9D,0xEF9D,
0xF79D,0xF79D,0xF79D,0xEF9D,0xEF7D,0xEF7D,0xEF9D,0xEF9D,0xEF9D,0xEF9D,0xEF9D,0xEF9D,0xF79D,0xF79D,0xEF9D,0xEF9D,
0xEF9D,0xEF9D,0xEF9D,0xEF9D,0xEF7D,0xEF7D,0xEF7D,0xEF7D,0xEF7D,0xEF7D,0xEF9D,0xEF9D,0xEF9D,0xEF9D,0xEF9D,0xEF9D,
0xEF9D,0xF79D,0xEF9D,0xEF9D,0xEF7D,0xEF7D,0xEF9D,0xEF9D,0xEF9D,0xEF9D,0xF79D,0xF79D,0xEF9D,0xEF7D,0xEF9D,0xEF9D,
0xEF7D,0xEF7D,0xEF9D,0xEF9D,0xF79E,0xF79E,0xF79E,0xF79E,0xF79E,0xEF7D,0xEF9D,0xF79D,0xEF9D,0xEF7D,0xEF9D,0xEF9D,
0xF79D,0xF79D,0xEF9D,0xEF7D,0xEF9D,0xEF9D,0xEF9D,0xEF7D,0xEF9D,0xEF7D,0xEF9D,0xEF9D,0xEF9D,0xF79D,0xEF7D,0xEF9D,
0xF79D,0xEF9D,0xEF9D,0xF79D,0xF79D,0xEF9D,0xEF9D,0xF79D,0xEF9D,0xEF9D,0xEF9D,0xEF9D,0xEF9D,0xEF9D,0xEF9D,0xEF7D,
0xEF7D,0xEF7D,0xEF7D,0xEF7D,0xEF7D,0xEF7D,0xEF9D,0xEF9D,0xEF9D,0xEF9D,0xEF9D,0xEF9D,0xEF7D,0xEF7D,0xEF7D,0xEF7D,
0xEF9D,0xEF9D,0xEF9D,0xEF9D,0xEF7D,0xEF7D,0xEF7D,0xEF7D,0xEF9D,0xEF7D,0xEF9D,0xEF9D,0xEF7D,0xEF9D,0xEF9D,0xEF7D,
0xEF9D,0xEF9D,0xEF7D,0xEF9D,0xEF7D,0xEF7D,0xEF7D,0xEF9D,0xEF9D,0xEF9D,0xEF7D,0xEF7D,0xEF9D,0xEF9D,0xEF9D,0xEF7D,
0xEF9D,0xEF7D,0xEF7D,0xF79D,0xEF9D,0xEF7D,0xEF9D,0xEF9D,0xEF7D,0xEF7D,0xEF9D,0xEF9D,0xEF7D,0xEF7D,0xEF7D,0xEF7D,
0xEF7D,0xEF7D,0xEF7D,0xEF7D,0xEF7D,0xEF9D,0xEF9D,0xEF9D,0xEF7D,0xEF7D,0xEF9D,0xEF9D,0xEF9D,0xEF9D,0xEF9D,0xEF7D,
0xEF7D,0xEF7D,0xEF9D,0xEF9D,0xF79D,0xEF9D,0xEF9D,0xEF7D,0xEF9D,0xF79D,0xEF9D,0xEF9D,0xEF7D,0xEF7D,0xEF9D,0xEF9D,
0xEF9D,0xEF9D,0xEF9D,0xEF9D,0xEF9D,0xEF9D,0xEF9D,0xEF9D,0xEF7D,0xEF7D,0xEF9D,0xEF9D,0xEF9D,0xF79D,0xEF7D,0xEF7D,
0xEF7D,0xEF7D,0xEF7D,0xEF9D,0xEF7D,0xEF9D,0xEF7D,0xEF7D,0xEF7D,0xEF7D,0xEF9D,0xEF9D,0xEF7D,0xEF9D,0xEF9D,0xEF7D,
0xEF7D,0xEF9D,0xEF9D,0xEF7D,0xEF7D,0xEF7D,0xEF9D,0xEF9D,0xEF9D,0xEF9D,0xEF9D,0xEF9D,0xEF7D,0xEF7D,0xEF9D,0xEF7D,
0xEF9D,0xEF9D,0xEF9D,0xEF7D,0xEF9D,0xEF7D,0xEF7D,0xF79D,0xF79D,0xEF9D,0xEF9D,0xEF9D,0xEF9D,0xEF7D,0xEF7D,0xEF7D,
0xEF7D,0xF79D,0xF79D,0xEF9D,0xEF7D,0xF79D,0xF79D,0xEF9D,0xEF9D,0xEF9D,0xEF9D,0xF79D,0xF79D,0xEF9D,0xEF9D,0xEF9D,
0xEF7D,0xEF9D,0xEF9D,0xEF7D,0xEF7D,0xEF9D,0xEF9D,0xF79D,0xF79D,0xF79D,0xEF9D,0xEF9D,0xEF9D,0xEF9D,0xEF9D,0xEF9D,
0xEF7D,0xEF7D,0xEF7D,0xEF7D,0xEF9D,0xEF9D,0xEF7D,0xEF9D,0xEF9D,0xEF9D,0xEF9D,0xEF7D,0xEF9D,0xEF9D,0xEF7D,0xEF7D,
0xEF7D,0xEF9D,0xEF9D,0xEF7D,0xEF9D,0xEF9D,0xF79D,0xEF9D,0xEF7D,0xEF7D,0xEF9D,0xEF9D,0xEF9D,0xEF9D,0xEF9D,0xF79E,
0xF79E,0xF79E,0xF79E,0xF79E,0xEF7D,0xF79D,0xEF9D,0xEF9D,0xEF9D,0xEF9D,0xEF7D,0xEF9D,0xEF9D,0xEF9D,0xEF9D,0xEF7D,
0xEF7D,0xEF7D,0xEF7D,0xEF7D,0xEF7D,0xEF7D,0xEF9D,0xEF9D,0xF79D,0xF79D,0xEF9D,0xF79D,0xEF9D,0xEF9D,0xEF9D,0xEF9D,
0xEF7D,0xEF9D,0xEF9D,0xEF9D,0xEF9D,0xEF7D,0xEF7D,0xEF9D,0xEF7D,0xEF7D,0xEF7D,0xEF7D,0xEF9D,0xEF7D,0xEF7D,0xEF9D,
0xEF9D,0xEF9D,0xEF9D,0xEF7D,0xEF9D,0xEF7D,0xEF9D,0xEF7D,0xEF9D,0xEF7D,0xEF7D,0xEF9D,0xEF7D,0xEF7D,0xEF7D,0xEF7D,
0xEF7D,0xEF7D,0xEF7D,0xEF7D,0xEF7D,0xEF7D,0xEF7D,0xEF7D,0xEF9D,0xEF7D,0xEF7D,0xEF7D,0xEF7D,0xEF7D,0xEF7D,0xEF7D,
0xEF7D,0xEF7D,0xEF7D,0xEF7D,0xEF7D,0xEF7D,0xEF7D,0xEF9D,0xEF9D,0xEF9D,0xEF7D,0xEF7D,0xEF9D,0xEF9D,0xEF7D,0xEF7D,
0xEF9D,0xEF9D,0xEF7D,0xEF7D,0xEF7D,0xEF9D,0xEF7D,0xEF7D,0xEF7D,0xEF7D,0xEF7D,0xEF9D,0xEF7D,0xEF7D,0xEF7D,0xEF7D,
0xEF7D,0xEF7D,0xEF7D,0xEF7D,0xEF7D,0xEF7D,0xEF7D,0xF79D,0xEF7D,0xF79D,0xEF9D,0xEF9D,0xEF9D,0xEF9D,0xF79D,0xEF9D,
0xF79D,0xF79D,0xEF7D,0xEF9D,0xF79D,0xEF9D,0xEF9D,0xEF7D,0xEF9D,0xEF9D,0xEF7D,0xEF9D,0xEF9D,0xEF9D,0xEF9D,0xEF7D,
0xEF7D,0xEF9D,0xEF9D,0xEF7D,0xEF7D,0xEF9D,0xEF9D,0xEF9D,0xF79D,0xEF7D,0xEF7D,0xEF7D,0xEF7D,0xEF7D,0xEF7D,0xEF9D,
0xEF7D,0xEF7D,0xEF7D,0xEF7D,0xEF7D,0xEF7D,0xEF7D,0xEF7D,0xEF9D,0xEF9D,0xEF7D,0xEF7D,0xEF9D,0xEF7D,0xEF7D,0xEF9D,
0xEF7D,0xEF7D,0xEF9D,0xEF7D,0xEF7D,0xEF7D,0xEF7D,0xEF7D,0xEF7D,0xEF7D,0xEF9D,0xEF7D,0xEF7D,0xEF9D,0xEF9D,0xEF7D,
0xEF7D,0xEF7D,0xEF9D,0xEF9D,0xEF7D,0xEF9D,0xEF7D,0xEF7D,0xEF7D,0xEF7D,0xF77D,0xEF7D,0xF79D,0xEF9D,0xEF9D,0xEF9D,
0xF79D,0xEF7D,0xEF7D,0xEF9D,0xEF9D,0xEF7D,0xEF7D,0xEF7D,0xEF7D,0xF79D,0xF79D,0xEF9D,0xEF9D,0xEF7D,0xEF7D,0xEF7D,
0xEF9D,0xEF9D,0xEF7D,0xEF7D,0xEF9D,0xEF9D,0xEF9D,0xEF7D,0xEF7D,0xEF7D,0xEF9D,0xEF7D,0xEF7D,0xEF7D,0xF77D,0xEF9D,
0xEF7D,0xEF9D,0xEF7D,0xEF7D,0xEF9D,0xEF7D,0xEF9D,0xEF7D,0xEF7D,0xEF7D,0xEF7D,0xEF7D,0xEF7D,0xEF7D,0xEF7D,0xEF7D,
0xEF9D,0xEF9D,0xEF7D,0xEF7D,0xEF7D,0xEF7D,0xEF9D,0xEF9D,0xEF9D,0xEF9D,0xF79E,0xF79E,0xF79E,0xF79E,0xF79E,0xEF7D,
0xEF9D,0xEF7D,0xEF7D,0xF79D,0xEF9D,0xEF9D,0xEF9D,0xF79D,0xF79D,0xEF7D,0xEF7D,0xEF7D,0xEF7D,0xEF7D,0xEF7D,0xEF7D,
0xEF7D,0xF79D,0xEF9D,0xF79D,0xF79D,0xF79D,0xEF9D,0xEF9D,0xEF7D,0xEF7D,0xEF9D,0xEF7D,0xEF9D,0xEF9D,0xEF9D,0xEF9D,
0xEF9D,0xEF9D,0xEF9D,0xEF7D,0xEF9D,0xEF9D,0xEF7D,0xEF7D,0xEF7D,0xEF7D,0xEF7D,0xEF7D,0xEF9D,0xEF9D,0xEF9D,0xEF9D,
0xEF7D,0xEF7D,0xF79D,0xEF9D,0xEF9D,0xEF9D,0xEF9D,0xEF9D,0xEF9D,0xEF7D,0xEF7D,0xEF7D,0xEF7D,0xEF7D,0xEF7D,0xEF7D,
0xEF7D,0xEF7D,0xEF7D,0xEF7D,0xEF9D,0xEF7D,0xEF7D,0xEF7D,0xEF7D,0xEF9D,0xEF7D,0xEF9D,0xEF7D,0xEF9D,0xEF7D,0xEF7D,
0xEF7D,0xEF7D,0xEF7D,0xEF9D,0xEF7D,0xEF7D,0xEF7D,0xEF9D,0xEF9D,0xEF9D,0xEF7D,0xEF7D,0xEF9D,0xEF9D,0xEF9D,0xEF9D,
0xEF9D,0xEF7D,0xEF7D,0xEF7D,0xEF7D,0xEF7D,0xEF7D,0xEF7D,0xEF7D,0xEF7D,0xEF7D,0xEF9D,0xEF7D,0xEF9D,0xEF7D,0xEF7D,
0xEF7D,0xEF7D,0xEF9D,0xEF7D,0xEF9D,0xEF9D,0xEF9D,0xEF9D,0xEF9D,0xEF7D,0xEF9D,0xEF9D,0xEF9D,0xEF9D,0xF79D,0xEF9D,
0xEF9D,0xEF9D,0xEF9D,0xEF9D,0xEF9D,0xEF9D,0xEF9D,0xEF7D,0xEF7D,0xEF7D,0xEF7D,0xEF7D,0xEF9D,0xEF9D,0xEF9D,0xEF9D,
0xF79D,0xF79D,0xEF9D,0xF79D,0xEF9D,0xEF7D,0xEF9D,0xEF9D,0xEF7D,0xEF7D,0xEF9D,0xEF7D,0xEF7D,0xEF9D,0xEF9D,0xEF7D,
0xEF7D,0xEF9D,0xEF9D,0xEF7D,0xEF7D,0xEF9D,0xEF9D,0xEF9D,0xEF7D,0xEF7D,0xEF9D,0xEF7D,0xEF7D,0xEF7D,0xEF7D,0xEF7D,
0xEF9D,0xEF9D,0xEF7D,0xEF7D,0xEF7D,0xEF9D,0xEF9D,0xEF9D,0xEF9D,0xEF9D,0xEF9D,0xEF9D,0xEF9D,0xEF9D,0xF79D,0xEF9D,
0xEF7D,0xEF7D,0xEF7D,0xEF7D,0xEF9D,0xF79D,0xEF9D,0xEF9D,0xF79D,0xEF9D,0xEF9D,0xEF9D,0xEF9D,0xEF7D,0xEF7D,0xEF7D,
0xEF7D,0xEF7D,0xEF9D,0xEF9D,0xEF9D,0xEF9D,0xEF9D,0xEF7D,0xEF7D,0xEF9D,0xEF9D,0xEF7D,0xEF9D,0xEF9D,0xEF9D,0xEF7D,
0xEF7D,0xEF7D,0xEF9D,0xEF9D,0xEF7D,0xEF7D,0xEF7D,0xEF7D,0xEF9D,0xEF9D,0xEF9D,0xEF9D,0xEF7D,0xEF9D,0xEF7D,0xEF7D,
0xEF7D,0xEF9D,0xEF7D,0xEF7D,0xEF7D,0xEF7D,0xEF7D,0xEF7D,0xEF7D,0xEF7D,0xEF9D,0xEF9D,0xEF9D,0xEF7D,0xEF7D,0xEF9D,
0xEF7D,0xEF9D,0xEF7D,0xEF9D,0xEF9D,0xF79E,0xF79E,0xF79E,0xF79E,0xF79E,0xEF9D,0xEF7D,0xEF9D,0xEF9D,0xEF9D,0xEF9D,
0xF79D,0xF79D,0xEF9D,0xEF9D,0xEF7D,0xEF7D,0xEF7D,0xEF7D,0xEF7D,0xEF9D,0xEF9D,0xEF7D,0xEF9D,0xF79D,0xF79D,0xF79D,
0xEF9D,0xEF9D,0xEF7D,0xEF7D,0xEF9D,0xEF9D,0xEF9D,0xEF9D,0xEF9D,0xF79D,0xF79D,0xEF9D,0xF79D,0xEF9D,0xEF9D,0xEF9D,
0xEF9D,0xEF7D,0xEF7D,0xEF7D,0xEF7D,0xEF7D,0xEF7D,0xEF9D,0xEF9D,0xEF7D,0xEF9D,0xEF9D,0xEF9D,0xEF9D,0xEF9D,0xEF9D,
0xEF9D,0xEF9D,0xEF9D,0xEF9D,0xEF7D,0xEF7D,0xEF7D,0xEF7D,0xEF7D,0xEF7D,0xEF7D,0xEF7D,0xEF7D,0xEF7D,0xEF9D,0xEF9D,
0xEF7D,0xEF7D,0xEF9D,0xEF9D,0xEF9D,0xEF7D,0xEF7D,0xEF7D,0xEF9D,0xEF9D,0xEF7D,0xEF7D,0xEF7D,0xEF7D,0xEF7D,0xEF9D,
0xEF7D,0xEF7D,0xEF7D,0xEF7D,0xEF7D,0xEF9D,0xEF9D,0xEF7D,0xEF9D,0xEF9D,0xEF7D,0xEF7D,0xEF7D,0xEF7D,0xEF7D,0xEF7D,
0xEF7D,0xEF7D,0xEF7D,0xEF7D,0xEF7D,0xEF9D,0xEF9D,0xEF9D,0xEF9D,0xEF7D,0xEF7D,0xEF9D,0xEF7D,0xEF7D,0xEF9D,0xEF9D,
0xEF9D,0xEF7D,0xEF7D,0xEF7D,0xEF7D,0xEF9D,0xEF9D,0xEF9D,0xEF9D,0xEF9D,0xEF9D,0xEF9D,0xEF7D,0xEF7D,0xEF9D,0xEF9D,
0xEF7D,0xEF9D,0xEF7D,0xEF7D,0xEF7D,0xEF7D,0xEF7D,0xEF7D,0xEF7D,0xEF7D,0xF79D,0xF79D,0xF79D,0xEF9D,0xEF9D,0xEF7D,
0xEF7D,0xEF7D,0xEF7D,0xEF7D,0xEF7D,0xEF7D,0xEF7D,0xEF7D,0xEF9D,0xEF9D,0xEF7D,0xEF7D,0xEF7D,0xEF7D,0xEF7D,0xEF9D,
0xEF7D,0xEF7D,0xEF7D,0xEF7D,0xEF7D,0xEF7D,0xEF7D,0xEF7D,0xEF7D,0xEF7D,0xEF7D,0xEF9D,0xEF9D,0xEF9D,0xEF7D,0xEF9D,
0xEF7D,0xEF9D,0xEF9D,0xEF9D,0xEF9D,0xEF9D,0xEF9D,0xEF9D,0xEF7D,0xEF9D,0xEF9D,0xEF7D,0xEF7D,0xEF7D,0xEF7D,0xEF7D,
0xEF9D,0xEF9D,0xEF9D,0xF79D,0xEF9D,0xEF9D,0xEF9D,0xEF9D,0xEF9D,0xEF7D,0xEF7D,0xEF7D,0xEF7D,0xEF9D,0xEF9D,0xEF9D,
0xEF7D,0xEF7D,0xEF7D,0xEF7D,0xEF9D,0xEF9D,0xEF7D,0xEF9D,0xEF9D,0xEF9D,0xEF7D,0xEF7D,0xEF9D,0xEF9D,0xEF7D,0xEF7D,
0xEF7D,0xEF7D,0xEF7D,0xEF7D,0xEF7D,0xEF9D,0xEF9D,0xEF7D,0xEF9D,0xEF9D,0xEF9D,0xEF9D,0xEF9D,0xEF9D,0xEF9D,0xEF7D,
0xEF7D,0xEF9D,0xEF7D,0xEF7D,0xEF9D,0xEF9D,0xEF7D,0xEF7D,0xEF9D,0xEF7D,0xEF7D,0xEF7D,0xEF9D,0xEF7D,0xEF7D,0xEF9D,
0xF79E,0xF79E,0xF79E,0xF79E,0xF79E,0xEF7D,0xEF7D,0xEF7D,0xEF9D,0xF79D,0xEF9D,0xF79D,0xF79D,0xEF9D,0xEF7D,0xEF7D,
0xEF9D,0xEF7D,0xEF7D,0xEF9D,0xEF7D,0xEF7D,0xEF7D,0xEF7D,0xF79D,0xEF9D,0xEF7D,0xEF9D,0xEF7D,0xEF7D,0xEF7D,0xEF7D,
0xEF9D,0xEF9D,0xEF9D,0xEF9D,0xEF9D,0xF79D,0xEF9D,0xEF9D,0xEF9D,0xEF9D,0xEF7D,0xEF7D,0xEF7D,0xEF7D,0xEF7D,0xEF7D,
0xEF7D,0xEF7D,0xEF7D,0xEF7D,0xEF7D,0xF79D,0xEF9D,0xEF9D,0xEF9D,0xEF9D,0xEF7D,0xEF7D,0xEF7D,0xEF7D,0xEF7D,0xEF7D,
0xEF7D,0xEF7D,0xEF7D,0xEF7D,0xEF7D,0xEF7D,0xEF7D,0xEF7D,0xEF9D,0xEF9D,0xEF7D,0xEF7D,0xEF7D,0xEF9D,0xEF7D,0xEF7D,
0xEF7D,0xEF7D,0xEF7D,0xEF7D,0xEF7D,0xEF7D,0xEF7D,0xEF7D,0xEF7D,0xEF7D,0xEF9D,0xEF7D,0xEF9D,0xEF7D,0xEF7D,0xEF7D,
0xEF7D,0xEF7D,0xEF7D,0xEF7D,0xEF7D,0xEF7D,0xEF7D,0xEF7D,0xEF7D,0xEF7D,0xEF7D,0xEF7D,0xEF7D,0xEF7D,0xEF7D,0xEF7D,
0xEF7D,0xEF9D,0xEF9D,0xEF7D,0xEF7D,0xEF7D,0xEF7D,0xEF7D,0xEF9D,0xEF7D,0xEF9D,0xEF9D,0xEF7D,0xEF7D,0xF79D,0xEF9D,
0xEF9D,0xEF9D,0xEF9D,0xEF9D,0xEF9D,0xEF7D,0xEF7D,0xEF7D,0xEF7D,0xEF9D,0xEF9D,0xEF7D,0xEF7D,0xEF9D,0xEF9D,0xEF7D,
0xEF7D,0xEF7D,0xEF7D,0xEF7D,0xEF7D,0xF79D,0xEF9D,0xEF9D,0xEF9D,0xEF7D,0xEF7D,0xEF7D,0xEF7D,0xEF7D,0xEF7D,0xEF7D,
0xEF7D,0xEF7D,0xEF7D,0xEF7D,0xEF7D,0xEF7D,0xEF7D,0xEF7D,0xEF7D,0xEF7D,0xEF7D,0xEF7D,0xEF7D,0xEF7D,0xEF7D,0xEF7D,
0xEF7D,0xEF7D,0xEF7D,0xEF7D,0xEF7D,0xEF7D,0xEF7D,0xEF7D,0xEF7D,0xEF9D,0xF79D,0xEF9D,0xEF9D,0xEF9D,0xEF7D,0xEF9D,
0xEF7D,0xEF7D,0xEF7D,0xEF7D,0xEF7D,0xEF7D,0xEF7D,0xEF7D,0xEF7D,0xEF7D,0xEF7D,0xEF7D,0xEF9D,0xEF9D,0xEF7D,0xEF9D,
0xEF9D,0xEF7D,0xEF7D,0xEF7D,0xEF7D,0xEF7D,0xEF7D,0xEF7D,0xEF7D,0xEF7D,0xEF7D,0xEF7D,0xEF7D,0xEF7D,0xEF7D,0xEF7D,
0xEF7D,0xEF7D,0xEF9D,0xEF9D,0xEF9D,0xEF9D,0xEF9D,0xEF7D,0xEF7D,0xEF7D,0xEF7D,0xEF7D,0xEF7D,0xEF7D,0xEF7D,0xEF7D,
0xEF9D,0xEF9D,0xEF7D,0xEF7D,0xEF7D,0xEF9D,0xEF9D,0xEF9D,0xEF9D,0xEF7D,0xEF7D,0xEF9D,0xEF9D,0xEF7D,0xEF7D,0xEF9D,
0xEF7D,0xEF9D,0xEF9D,0xEF7D,0xEF7D,0xEF7D,0xEF9D,0xEF7D,0xEF7D,0xEF9D,0xEF9D,0xF79E,0xF79E,0xF79E,0xF79E,0xF79E,
0xEF7D,0xEF7D,0xEF7D,0xEF9D,0xEF9D,0xF79D,0xF79D,0xF79D,0xF79D,0xEF7D,0xEF7D,0xEF9D,0xEF7D,0xEF9D,0xEF7D,0xEF7D,
0xEF9D,0xEF9D,0xEF7D,0xEF7D,0xF79D,0xEF9D,0xEF9D,0xEF7D,0xEF7D,0xF77D,0xF77D,0xF79D,0xEF9D,0xEF9D,0xEF9D,0xEF9D,
0xF79D,0xEF9D,0xF79D,0xF79D,0xEF9D,0xEF9D,0xEF7D,0xEF7D,0xEF7D,0xEF7D,0xEF7D,0xEF9D,0xEF9D,0xEF9D,0xEF9D,0xEF9D,
0xEF9D,0xEF7D,0xEF9D,0xEF7D,0xEF9D,0xEF7D,0xEF7D,0xEF7D,0xEF9D,0xEF7D,0xEF7D,0xEF7D,0xEF7D,0xEF7D,0xF77D,0xEF7D,
0xEF7D,0xEF7D,0xEF7D,0xEF7D,0xEF7D,0xEF7D,0xEF7D,0xEF7D,0xEF7D,0xEF7D,0xEF7D,0xEF7D,0xEF9D,0xEF7D,0xEF7D,0xEF7D,
0xEF9D,0xEF7D,0xEF7D,0xEF7D,0xEF7D,0xEF7D,0xEF7D,0xEF9D,0xEF7D,0xEF7D,0xEF7D,0xEF7D,0xEF7D,0xEF7D,0xEF7D,0xEF7D,
0xEF7D,0xEF7D,0xEF7D,0xEF7D,0xEF7D,0xEF7D,0xEF7D,0xEF7D,0xEF7D,0xEF7D,0xEF7D,0xEF7D,0xEF9D,0xEF7D,0xEF7D,0xEF9D,
0xEF9D,0xEF7D,0xEF7D,0xEF7D,0xEF7D,0xEF9D,0xEF9D,0xEF7D,0xEF9D,0xEF9D,0xEF9D,0xF79D,0xEF9D,0xEF9D,0xEF9D,0xF79D,
0xEF9D,0xEF9D,0xEF9D,0xEF7D,0xEF9D,0xEF9D,0xEF9D,0xEF9D,0xEF7D,0xEF9D,0xEF7D,0xEF7D,0xEF7D,0xEF7D,0xEF7D,0xEF7D,
0xEF7D,0xEF7D,0xEF7D,0xEF7D,0xEF7D,0xEF7D,0xEF9D,0xEF7D,0xEF7D,0xEF7D,0xEF7D,0xEF7D,0xEF7D,0xEF7D,0xEF7D,0xEF7D,
0xEF7D,0xEF7D,0xEF7D,0xEF7D,0xEF7D,0xEF7D,0xEF7D,0xEF7D,0xEF7D,0xEF7D,0xEF7D,0xEF9D,0xEF9D,0xEF7D,0xEF7D,0xEF7D,
0xEF7D,0xEF7D,0xEF9D,0xEF7D,0xEF7D,0xEF9D,0xF79D,0xEF9D,0xEF9D,0xEF7D,0xEF7D,0xEF9D,0xEF7D,0xEF7D,0xEF7D,0xEF7D,
0xEF9D,0xEF9D,0xEF7D,0xEF7D,0xEF7D,0xEF7D,0xEF7D,0xEF9D,0xEF7D,0xEF7D,0xEF7D,0xEF9D,0xEF7D,0xEF7D,0xEF7D,0xEF7D,
0xEF9D,0xEF7D,0xEF7D,0xEF7D,0xEF7D,0xEF7D,0xEF7D,0xEF9D,0xEF9D,0xEF7D,0xEF9D,0xEF7D,0xEF7D,0xEF7D,0xEF9D,0xEF7D,
0xEF9D,0xEF9D,0xEF7D,0xEF7D,0xF79D,0xEF9D,0xEF7D,0xEF9D,0xEF7D,0xEF7D,0xEF7D,0xEF9D,0xEF9D,0xEF9D,0xEF7D,0xEF7D,
0xEF9D,0xEF9D,0xEF9D,0xEF9D,0xEF9D,0xEF7D,0xEF9D,0xEF9D,0xEF7D,0xF79D,0xF79D,0xEF9D,0xEF9D,0xEF9D,0xEF7D,0xEF7D,
0xEF7D,0xEF9D,0xEF7D,0xEF7D,0xEF9D,0xEF9D,0xF79E,0xF79E,0xF79E,0xF79E,0xF79E,0xEF9D,0xEF9D,0xEF9D,0xEF7D,0xF79D,
0xEF9D,0xEF9D,0xEF9D,0xEF9D,0xEF7D,0xEF7D,0xEF9D,0xEF7D,0xEF9D,0xEF9D,0xEF7D,0xEF7D,0xEF9D,0xEF9D,0xEF9D,0xF79D,
0xF79D,0xEF7D,0xF79D,0xF77D,0xEF7D,0xF77D,0xF79D,0xEF9D,0xEF9D,0xEF9D,0xEF9D,0xF79D,0xEF9D,0xEF9D,0xEF9D,0xEF9D,
0xEF9D,0xEF7D,0xEF7D,0xEF7D,0xEF7D,0xEF7D,0xEF9D,0xEF9D,0xEF9D,0xEF9D,0xEF7D,0xEF9D,0xEF7D,0xEF9D,0xEF7D,0xEF7D,
0xEF9D,0xEF7D,0xEF7D,0xEF7D,0xEF7D,0xEF7D,0xEF7D,0xEF7D,0xEF7D,0xF77D,0xF77D,0xEF7D,0xEF7D,0xEF7D,0xEF7D,0xEF7D,
0xEF7D,0xEF7D,0xEF7D,0xEF7D,0xEF7D,0xEF7D,0xEF7D,0xEF7D,0xEF7D,0xEF7D,0xEF7D,0xEF7D,0xEF7D,0xEF7D,0xEF7D,0xEF7D,
0xEF7D,0xEF7D,0xEF7D,0xEF7D,0xEF7D,0xEF7D,0xEF7D,0xEF7D,0xEF7D,0xEF7D,0xEF7D,0xEF7D,0xEF7D,0xEF7D,0xEF7D,0xEF7D,
0xEF7D,0xEF7D,0xEF7D,0xEF7D,0xEF7D,0xEF7D,0xEF7D,0xEF7D,0xEF7D,0xEF7D,0xEF9D,0xEF9D,0xEF7D,0xEF7D,0xEF7D,0xEF7D,
0xEF7D,0xEF7D,0xEF7D,0xEF9D,0xEF9D,0xEF9D,0xEF9D,0xEF7D,0xEF7D,0xEF9D,0xF79D,0xEF7D,0xEF9D,0xEF9D,0xEF7D,0xEF7D,
0xEF7D,0xEF7D,0xEF9D,0xEF7D,0xEF7D,0xEF7D,0xEF7D,0xEF7D,0xEF7D,0xEF7D,0xEF7D,0xEF7D,0xEF9D,0xEF9D,0xEF7D,0xEF7D,
0xEF7D,0xEF9D,0xEF7D,0xEF7D,0xEF7D,0xEF7D,0xEF7D,0xEF7D,0xEF7D,0xEF7D,0xEF7D,0xEF7D,0xEF7D,0xEF7D,0xEF7D,0xEF7D,
0xEF7D,0xEF7D,0xEF7D,0xEF7D,0xEF7D,0xEF7D,0xEF7D,0xEF7D,0xEF7D,0xEF7D,0xEF7D,0xEF7D,0xEF7D,0xEF9D,0xEF7D,0xEF7D,
0xEF9D,0xEF9D,0xEF9D,0xEF9D,0xEF7D,0xEF7D,0xEF9D,0xEF9D,0xEF7D,0xEF7D,0xEF7D,0xEF7D,0xEF7D,0xEF7D,0xEF7D,0xEF7D,
0xEF7D,0xEF7D,0xEF7D,0xEF7D,0xEF9D,0xEF7D,0xEF7D,0xEF7D,0xEF7D,0xEF7D,0xEF7D,0xEF7D,0xEF9D,0xEF9D,0xEF7D,0xEF7D,
0xEF7D,0xEF7D,0xEF9D,0xEF9D,0xEF7D,0xEF9D,0xEF9D,0xEF9D,0xEF7D,0xEF7D,0xEF7D,0xEF7D,0xEF7D,0xEF7D,0xEF7D,0xEF9D,
0xEF7D,0xEF7D,0xEF9D,0xEF7D,0xEF7D,0xEF7D,0xEF7D,0xEF7D,0xEF9D,0xEF9D,0xEF7D,0xEF7D,0xEF9D,0xEF9D,0xEF7D,0xEF7D,
0xEF7D,0xEF9D,0xEF7D,0xEF7D,0xEF7D,0xEF9D,0xEF9D,0xEF7D,0xEF7D,0xEF7D,0xEF7D,0xEF7D,0xEF7D,0xEF7D,0xEF7D,0xEF9D,
0xEF9D,0xF79E,0xF79E,0xF79E,0xF79E,0xF79E,0xEF7D,0xEF7D,0xEF7D,0xEF7D,0xF79D,0xEF9D,0xEF7D,0xEF7D,0xEF7D,0xEF9D,
0xEF9D,0xEF7D,0xEF7D,0xEF7D,0xEF9D,0xEF9D,0xEF7D,0xEF7D,0xF79D,0xF79D,0xEF9D,0xEF7D,0xEF7D,0xF77D,0xEF7D,0xEF7D,
0xEF7D,0xEF7D,0xEF9D,0xEF9D,0xEF9D,0xEF9D,0xEF9D,0xEF7D,0xEF7D,0xF79D,0xF79D,0xEF7D,0xEF7D,0xEF7D,0xEF7D,0xEF7D,
0xEF7D,0xEF7D,0xEF7D,0xEF9D,0xEF9D,0xEF7D,0xEF9D,0xEF9D,0xF79D,0xEF9D,0xEF7D,0xEF7D,0xEF7D,0xEF7D,0xEF7D,0xEF7D,
0xEF7D,0xEF7D,0xEF7D,0xEF7D,0xEF7D,0xF77D,0xEF7D,0xEF7D,0xEF7D,0xEF9D,0xEF9D,0xEF7D,0xEF7D,0xEF7D,0xEF7D,0xEF7D,
0xEF7D,0xEF7D,0xEF7D,0xEF7D,0xEF7D,0xEF7D,0xEF7D,0xEF7D,0xEF7D,0xEF7D,0xEF7D,0xEF7D,0xEF7D,0xEF7D,0xEF7D,0xEF7D,
0xEF7D,0xEF7D,0xEF7D,0xEF7D,0xEF7D,0xEF7D,0xEF7D,0xEF7D,0xEF7D,0xEF7D,0xEF7D,0xEF7D,0xEF7D,0xEF7D,0xEF9D,0xEF9D,
0xEF9D,0xEF9D,0xEF7D,0xEF7D,0xEF7D,0xEF7D,0xEF7D,0xEF7D,0xEF7D,0xEF7D,0xEF9D,0xEF7D,0xEF7D,0xEF9D,0xEF7D,0xEF9D,
0xEF7D,0xEF7D,0xEF7D,0xEF7D,0xEF7D,0xEF7D,0xEF7D,0xEF7D,0xEF7D,0xEF7D,0xEF7D,0xEF7D,0xEF7D,0xEF7D,0xEF7D,0xEF7D,
0xEF7D,0xEF7D,0xEF7D,0xEF7D,0xEF7D,0xEF7D,0xEF9D,0xEF9D,0xEF9D,0xEF9D,0xEF7D,0xEF7D,0xEF9D,0xEF7D,0xEF7D,0xEF7D,
0xEF7D,0xEF7D,0xEF7D,0xEF7D,0xEF7D,0xEF7D,0xEF7D,0xEF7D,0xEF7D,0xEF7D,0xEF7D,0xEF7D,0xEF7D,0xEF7D,0xEF7D,0xEF7D,
0xEF7D,0xEF7D,0xEF7D,0xEF7D,0xEF7D,0xEF7D,0xEF7D,0xEF7D,0xEF7D,0xEF7D,0xEF7D,0xEF7D,0xEF9D,0xEF9D,0xEF9D,0xEF7D,
0xEF7D,0xEF7D,0xF77D,0xEF7D,0xEF7D,0xEF7D,0xEF7D,0xEF7D,0xEF7D,0xEF7D,0xEF7D,0xEF7D,0xEF7D,0xEF7D,0xEF7D,0xEF9D,
0xEF9D,0xEF7D,0xEF7D,0xEF7D,0xEF7D,0xEF7D,0xEF7D,0xEF7D,0xEF7D,0xEF7D,0xEF7D,0xEF7D,0xEF7D,0xEF7D,0xEF7D,0xEF7D,
0xEF9D,0xF79D,0xEF9D,0xEF7D,0xEF7D,0xEF7D,0xEF7D,0xEF7D,0xEF7D,0xEF7D,0xEF7D,0xEF7D,0xEF7D,0xEF7D,0xEF7D,0xEF7D,
0xEF7D,0xEF7D,0xEF7D,0xEF9D,0xEF7D,0xEF7D,0xEF7D,0xEF9D,0xEF7D,0xEF7D,0xEF9D,0xEF7D,0xEF7D,0xEF7D,0xEF7D,0xEF7D,
0xEF7D,0xEF7D,0xEF7D,0xEF7D,0xEF7D,0xEF9D,0xEF9D,0xEF7D,0xEF9D,0xF79D,0xEF9D,0xEF9D,0xF79E,0xF79E,0xF79E,0xF79E,
0xF79E,0xEF7D,0xEF7D,0xEF7D,0xEF7D,0xEF9D,0xEF9D,0xEF9D,0xEF9D,0xEF7D,0xEF7D,0xEF7D,0xEF7D,0xEF7D,0xEF9D,0xEF7D,
0xEF7D,0xEF9D,0xEF7D,0xEF9D,0xEF9D,0xEF9D,0xEF9D,0xEF9D,0xEF7D,0xEF7D,0xEF9D,0xEF9D,0xEF7D,0xEF7D,0xF79D,0xEF9D,
0xEF9D,0xEF9D,0xEF7D,0xEF7D,0xF79D,0xEF9D,0xEF7D,0xEF7D,0xEF7D,0xEF7D,0xEF7D,0xEF7D,0xEF7D,0xEF7D,0xEF9D,0xEF9D,
0xEF9D,0xEF7D,0xEF9D,0xF79D,0xEF9D,0xEF9D,0xEF7D,0xEF7D,0xEF7D,0xEF7D,0xEF7D,0xEF7D,0xEF7D,0xEF7D,0xEF7D,0xEF7D,
0xEF9D,0xEF7D,0xEF7D,0xEF9D,0xEF9D,0xEF7D,0xEF7D,0xEF9D,0xEF7D,0xEF7D,0xEF7D,0xEF7D,0xEF7D,0xEF7D,0xEF7D,0xEF7D,
0xEF7D,0xEF7D,0xEF7D,0xEF7D,0xEF7D,0xEF7D,0xEF7D,0xEF7D,0xEF7D,0xEF7D,0xEF7D,0xEF7D,0xEF7D,0xEF7D,0xEF7D,0xEF7D,
0xEF7D,0xEF7D,0xEF7D,0xEF7D,0xEF7D,0xEF7D,0xEF7D,0xEF7D,0xEF7D,0xEF7D,0xEF7D,0xEF7D,0xEF9D,0xEF7D,0xEF7D,0xEF7D,
0xEF7D,0xEF9D,0xEF7D,0xEF7D,0xEF9D,0xEF9D,0xEF7D,0xEF9D,0xEF9D,0xEF7D,0xEF7D,0xEF7D,0xEF9D,0xEF9D,0xEF7D,0xEF7D,
0xEF7D,0xEF9D,0xEF7D,0xEF7D,0xEF7D,0xEF7D,0xEF7D,0xEF7D,0xEF7D,0xEF7D,0xEF7D,0xEF7D,0xEF7D,0xEF7D,0xEF7D,0xEF7D,
0xEF7D,0xEF9D,0xEF7D,0xEF7D,0xEF7D,0xEF7D,0xEF7D,0xF77D,0xEF7D,0xEF7D,0xEF7D,0xEF7D,0xEF7D,0xEF7D,0xEF7D,0xEF7D,
0xEF7D,0xEF7D,0xEF7D,0xEF7D,0xEF7D,0xEF7D,0xEF7D,0xEF7D,0xEF7D,0xEF7D,0xEF7D,0xEF7D,0xEF7D,0xEF7D,0xEF7D,0xEF7D,
0xEF7D,0xEF7D,0xEF7D,0xEF7D,0xEF7D,0xEF7D,0xEF7D,0xEF9D,0xEF7D,0xEF7D,0xEF9D,0xEF7D,0xEF7D,0xF77D,0xF77D,0xF77D,
0xEF7D,0xEF9D,0xEF9D,0xEF7D,0xEF7D,0xEF7D,0xEF7D,0xEF7D,0xEF9D,0xEF7D,0xEF9D,0xEF9D,0xEF7D,0xEF9D,0xEF7D,0xEF7D,
0xEF7D,0xEF7D,0xEF7D,0xEF7D,0xEF7D,0xEF7D,0xEF7D,0xEF7D,0xEF7D,0xEF7D,0xEF7D,0xEF7D,0xEF7D,0xEF7D,0xEF9D,0xEF9D,
0xEF7D,0xEF9D,0xEF7D,0xEF7D,0xEF7D,0xEF7D,0xEF7D,0xEF7D,0xEF7D,0xEF7D,0xEF9D,0xEF9D,0xEF9D,0xEF9D,0xF79D,0xEF7D,
0xEF7D,0xEF7D,0xEF7D,0xEF7D,0xEF9D,0xEF9D,0xEF7D,0xEF7D,0xEF7D,0xEF9D,0xEF9D,0xEF9D,0xEF7D,0xEF9D,0xEF9D,0xEF9D,
0xEF9D,0xEF7D,0xEF7D,0xEF9D,0xF79D,0xEF9D,0xEF9D,0xF79E,0xF79E,0xF79E,0xF79E,0xF79E,0xEF7D,0xEF9D,0xEF9D,0xEF9D,
0xEF9D,0xEF7D,0xEF9D,0xF79D,0xF79D,0xEF7D,0xEF7D,0xEF7D,0xEF7D,0xEF9D,0xEF9D,0xEF7D,0xEF9D,0xEF9D,0xEF9D,0xEF9D,
0xEF9D,0xEF7D,0xF79D,0xF79D,0xEF9D,0xEF9D,0xEF9D,0xEF9D,0xEF7D,0xF79D,0xF79D,0xEF9D,0xEF9D,0xEF9D,0xEF7D,0xEF9D,
0xEF7D,0xEF7D,0xF77D,0xEF7D,0xEF7D,0xEF9D,0xEF7D,0xEF7D,0xEF7D,0xEF9D,0xEF9D,0xEF9D,0xEF7D,0xEF7D,0xF79D,0xEF7D,
0xEF7D,0xEF9D,0xEF9D,0xEF7D,0xEF7D,0xEF7D,0xEF7D,0xEF9D,0xEF9D,0xEF7D,0xEF7D,0xEF9D,0xEF9D,0xEF9D,0xEF9D,0xEF7D,
0xEF9D,0xEF7D,0xEF9D,0xEF7D,0xEF7D,0xEF7D,0xEF7D,0xEF7D,0xEF7D,0xEF7D,0xEF7D,0xEF7D,0xEF7D,0xEF7D,0xEF7D,0xEF7D,
0xEF7D,0xEF7D,0xEF7D,0xEF7D,0xEF7D,0xEF7D,0xEF7D,0xEF7D,0xEF7D,0xEF7D,0xEF7D,0xEF7D,0xEF7D,0xEF7D,0xEF7D,0xEF7D,
0xEF7D,0xEF7D,0xEF7D,0xEF7D,0xEF7D,0xEF7D,0xEF9D,0xEF7D,0xEF7D,0xEF7D,0xEF7D,0xEF7D,0xEF7D,0xEF9D,0xEF7D,0xEF9D,
0xEF7D,0xEF7D,0xEF9D,0xEF7D,0xEF7D,0xEF7D,0xEF9D,0xEF9D,0xEF7D,0xEF9D,0xEF9D,0xF79D,0xEF9D,0xEF7D,0xEF7D,0xEF7D,
0xEF7D,0xEF7D,0xEF7D,0xEF7D,0xEF7D,0xEF7D,0xEF7D,0xEF7D,0xEF7D,0xEF7D,0xEF7D,0xEF7D,0xEF7D,0xEF7D,0xEF7D,0xEF7D,
0xEF7D,0xEF7D,0xEF7D,0xF77D,0xF77D,0xEF7D,0xEF7D,0xEF7D,0xEF7D,0xEF7D,0xEF7D,0xEF7D,0xEF7D,0xEF7D,0xEF7D,0xEF7D,
0xEF7D,0xEF7D,0xEF7D,0xEF7D,0xEF7D,0xF77D,0xEF7D,0xEF7D,0xF77D,0xEF7D,0xEF7D,0xEF9D,0xEF9D,0xEF9D,0xEF7D,0xEF7D,
0xEF7D,0xEF7D,0xEF9D,0xEF7D,0xEF7D,0xF77D,0xEF7D,0xEF7D,0xEF7D,0xF77D,0xF79D,0xEF7D,0xEF9D,0xEF9D,0xEF7D,0xEF7D,
0xEF7D,0xEF7D,0xEF7D,0xEF9D,0xEF7D,0xEF9D,0xEF9D,0xEF9D,0xEF7D,0xEF9D,0xEF7D,0xEF7D,0xEF7D,0xEF7D,0xEF7D,0xEF7D,
0xEF7D,0xEF9D,0xEF9D,0xEF7D,0xEF7D,0xEF7D,0xEF7D,0xEF7D,0xEF7D,0xEF9D,0xEF9D,0xEF7D,0xEF7D,0xEF7D,0xEF7D,0xEF7D,
0xEF7D,0xEF7D,0xEF7D,0xEF7D,0xEF7D,0xEF9D,0xEF9D,0xEF9D,0xEF9D,0xF79D,0xEF9D,0xEF7D,0xEF7D,0xEF7D,0xEF7D,0xEF9D,
0xEF7D,0xEF7D,0xEF7D,0xEF7D,0xEF9D,0xEF9D,0xEF7D,0xF79D,0xF79D,0xF79D,0xEF9D,0xEF7D,0xEF7D,0xEF7D,0xEF9D,0xF79D,
0xEF9D,0xEF9D,0xF79E,0xF79E,0xF79E,0xF79E,0xF79E,0xEF9D,0xEF7D,0xEF9D,0xEF9D,0xEF9D,0xEF9D,0xEF9D,0xEF9D,0xF79D,
0xEF9D,0xEF9D,0xEF7D,0xEF7D,0xEF9D,0xF79D,0xEF9D,0xEF7D,0xEF7D,0xEF7D,0xEF9D,0xF77D,0xF77D,0xF77D,0xF77D,0xEF9D,
0xEF9D,0xEF9D,0xEF9D,0xEF9D,0xEF9D,0xF79D,0xEF7D,0xEF9D,0xEF9D,0xEF7D,0xEF7D,0xEF7D,0xEF7D,0xF77D,0xEF7D,0xEF7D,
0xEF7D,0xEF7D,0xEF7D,0xEF7D,0xEF7D,0xEF9D,0xEF9D,0xEF7D,0xEF7D,0xEF7D,0xEF7D,0xEF7D,0xEF9D,0xEF9D,0xEF7D,0xEF7D,
0xEF7D,0xEF7D,0xEF7D,0xEF7D,0xEF7D,0xEF7D,0xEF7D,0xEF9D,0xEF9D,0xEF7D,0xEF7D,0xEF7D,0xEF7D,0xEF7D,0xEF7D,0xEF7D,
0xEF7D,0xEF7D,0xEF7D,0xEF7D,0xEF7D,0xEF7D,0xEF7D,0xEF7D,0xEF7D,0xEF9D,0xEF7D,0xEF7D,0xEF7D,0xEF7D,0xEF7D,0xEF7D,
0xEF7D,0xEF7D,0xEF7D,0xEF7D,0xEF7D,0xEF7D,0xEF7D,0xEF7D,0xEF7D,0xEF7D,0xEF7D,0xEF7D,0xEF7D,0xEF7D,0xEF7D,0xEF9D,
0xEF9D,0xEF9D,0xEF7D,0xEF7D,0xEF7D,0xEF7D,0xEF7D,0xEF7D,0xEF7D,0xEF7D,0xEF7D,0xEF7D,0xEF9D,0xEF9D,0xEF7D,0xEF7D,
0xEF7D,0xEF7D,0xEF7D,0xEF7D,0xEF9D,0xEF9D,0xEF7D,0xEF7D,0xEF7D,0xEF7D,0xEF7D,0xEF7D,0xEF7D,0xEF7D,0xEF7D,0xEF7D,
0xEF7D,0xEF7D,0xEF7D,0xEF7D,0xEF7D,0xEF7D,0xEF7D,0xEF7D,0xEF7D,0xEF7D,0xEF7D,0xEF7D,0xEF7D,0xEF7D,0xEF7D,0xEF7D,
0xEF7D,0xEF7D,0xEF7D,0xEF7D,0xEF7D,0xEF7D,0xEF7D,0xEF7D,0xEF7D,0xEF7D,0xEF7D,0xEF7D,0xEF7D,0xEF7D,0xEF7D,0xEF7D,
0xF77D,0xEF7D,0xEF7D,0xF77D,0xEF7D,0xEF7D,0xEF7D,0xEF7D,0xEF7D,0xEF7D,0xEF7D,0xEF7D,0xEF7D,0xEF7D,0xEF7D,0xEF7D,
0xF77D,0xF77D,0xF77D,0xEF7D,0xF77D,0xEF9D,0xEF9D,0xEF9D,0xEF7D,0xEF7D,0xEF7D,0xEF7D,0xEF7D,0xEF7D,0xEF7D,0xEF7D,
0xEF9D,0xEF7D,0xEF7D,0xEF7D,0xEF7D,0xEF7D,0xEF7D,0xEF7D,0xEF7D,0xEF7D,0xEF7D,0xEF7D,0xEF7D,0xEF7D,0xEF7D,0xEF7D,
0xEF7D,0xEF7D,0xEF7D,0xEF7D,0xEF9D,0xEF9D,0xEF7D,0xEF7D,0xEF7D,0xEF7D,0xEF7D,0xEF7D,0xEF7D,0xEF7D,0xEF7D,0xEF7D,
0xEF7D,0xEF9D,0xEF9D,0xEF9D,0xEF9D,0xEF9D,0xEF7D,0xEF7D,0xEF9D,0xEF7D,0xEF7D,0xEF7D,0xEF7D,0xEF7D,0xEF7D,0xEF7D,
0xEF9D,0xEF7D,0xEF9D,0xF79D,0xEF9D,0xEF7D,0xEF7D,0xEF9D,0xEF9D,0xEF9D,0xEF7D,0xEF9C,0xEF9D,0xF79E,0xF79E,0xF79E,
0xF79E,0xF79E,0xEF7D,0xEF7D,0xEF7D,0xEF7D,0xEF9D,0xF79D,0xF79D,0xEF7D,0xEF7D,0xEF7D,0xEF7D,0xEF9D,0xF79D,0xF79D,
0xEF9D,0xEF7D,0xEF7D,0xEF7D,0xEF7D,0xEF9D,0xF77D,0xEF7D,0xEF7D,0xF77D,0xEF9D,0xEF9D,0xEF9D,0xEF9D,0xEF9D,0xEF9D,
0xEF9D,0xEF7D,0xEF9D,0xEF7D,0xEF9D,0xEF9D,0xEF7D,0xEF7D,0xEF7D,0xEF7D,0xEF7D,0xEF7D,0xEF7D,0xEF7D,0xEF7D,0xEF7D,
0xEF9D,0xEF9D,0xEF7D,0xEF7D,0xEF7D,0xEF9D,0xEF7D,0xEF9D,0xEF7D,0xEF7D,0xEF7D,0xEF7D,0xEF7D,0xEF7D,0xEF7D,0xEF7D,
0xEF7D,0xEF7D,0xEF7D,0xEF7D,0xEF7D,0xEF7D,0xEF9D,0xEF7D,0xEF7D,0xEF7D,0xEF7D,0xEF7D,0xEF7D,0xEF7D,0xEF7D,0xEF7D,
0xEF7D,0xEF7D,0xEF7D,0xEF7D,0xEF9D,0xEF7D,0xEF7D,0xEF7D,0xEF7D,0xEF7D,0xEF7D,0xEF7D,0xEF7D,0xEF7D,0xEF7D,0xEF7D,
0xEF7D,0xEF7D,0xEF7D,0xEF7D,0xEF7D,0xEF7D,0xEF7D,0xEF7D,0xEF7D,0xEF7D,0xEF9D,0xEF9D,0xEF9D,0xEF7D,0xEF9D,0xEF7D,
0xEF7D,0xEF7D,0xEF7D,0xEF7D,0xEF7D,0xEF7D,0xEF7D,0xEF9D,0xEF9D,0xEF7D,0xEF7D,0xEF7D,0xEF7D,0xEF7D,0xEF7D,0xEF7D,
0xEF7D,0xEF7D,0xEF9D,0xEF7D,0xEF7D,0xEF7D,0xEF7D,0xEF7D,0xEF7D,0xEF7D,0xEF7D,0xEF7D,0xEF7D,0xEF7D,0xEF7D,0xEF9D,
0xEF9D,0xEF7D,0xEF7D,0xEF7D,0xEF7D,0xEF7D,0xEF7D,0xEF7D,0xEF7D,0xEF7D,0xEF7D,0xEF7D,0xEF7D,0xEF7D,0xEF7D,0xEF7D,
0xEF7D,0xEF7D,0xEF7D,0xEF9D,0xEF9D,0xEF7D,0xEF7D,0xEF7D,0xEF7D,0xEF7D,0xEF7D,0xEF7D,0xEF7D,0xEF7D,0xEF7D,0xEF7D,
0xEF7D,0xEF7D,0xEF7D,0xEF7D,0xEF7D,0xEF7D,0xEF7D,0xEF7D,0xEF7D,0xEF7D,0xEF7D,0xEF7D,0xEF7D,0xEF7D,0xEF7D,0xF77D,
0xEF7D,0xEF7D,0xEF7D,0xEF7D,0xEF7D,0xEF7D,0xEF7D,0xEF7D,0xEF7D,0xEF7D,0xEF9D,0xF79D,0xEF7D,0xEF7D,0xEF9D,0xEF7D,
0xEF7D,0xEF7D,0xEF7D,0xEF7D,0xEF7D,0xEF7D,0xEF7D,0xEF7D,0xEF7D,0xEF7D,0xEF7D,0xEF7D,0xEF7D,0xEF7D,0xEF7D,0xEF9D,
0xEF9D,0xEF7D,0xEF7D,0xEF7D,0xEF7D,0xEF7D,0xEF7D,0xEF7D,0xEF7D,0xEF7D,0xEF7D,0xEF7D,0xEF9D,0xEF9D,0xEF9D,0xEF9D,
0xEF9D,0xEF7D,0xEF7D,0xEF7D,0xEF7D,0xEF7D,0xEF7D,0xEF7D,0xEF7D,0xEF9D,0xEF7D,0xEF9D,0xEF7D,0xEF7D,0xEF9D,0xEF9D,
0xEF7D,0xEF7D,0xEF9D,0xEF9D,0xEF9D,0xEF7D,0xEF9D,0xEF9D,0xF79E,0xF79E,0xF79E,0xF79E,0xF79E,0xEF7D,0xEF7D,0xEF7D,
0xEF7D,0xF79D,0xF79D,0xEF9D,0xEF7D,0xEF7D,0xEF9D,0xEF9D,0xEF9D,0xF79D,0xF79D,0xEF7D,0xEF9D,0xEF9D,0xEF9D,0xEF9D,
0xEF7D,0xEF7D,0xEF7D,0xEF7D,0xF77D,0xEF9D,0xEF9D,0xF79D,0xF79D,0xF79D,0xEF9D,0xF79D,0xEF9D,0xEF9D,0xEF7D,0xEF9D,
0xEF9D,0xEF9D,0xF77D,0xEF7D,0xEF7D,0xEF7D,0xEF9D,0xEF7D,0xEF7D,0xEF7D,0xEF7D,0xEF7D,0xEF9D,0xEF7D,0xEF7D,0xEF9D,
0xEF7D,0xEF7D,0xEF7D,0xEF7D,0xEF7D,0xEF7D,0xEF7D,0xEF7D,0xEF7D,0xEF7D,0xEF7D,0xEF7D,0xEF7D,0xEF9D,0xEF7D,0xEF7D,
0xEF7D,0xEF9D,0xEF7D,0xEF7D,0xEF7D,0xEF7D,0xEF7D,0xEF7D,0xEF7D,0xEF7D,0xEF7D,0xEF7D,0xEF7D,0xEF7D,0xEF7D,0xEF7D,
0xEF7D,0xEF7D,0xEF7D,0xEF7D,0xEF7D,0xEF7D,0xEF7D,0xEF7D,0xEF7D,0xEF7D,0xEF7D,0xEF7D,0xEF7D,0xEF7D,0xEF7D,0xEF7D,
0xEF7D,0xEF7D,0xEF7D,0xEF9D,0xEF9D,0xEF7D,0xEF9D,0xEF9D,0xEF7D,0xEF9D,0xEF7D,0xEF7D,0xEF7D,0xEF7D,0xEF7D,0xEF7D,
0xEF7D,0xEF7D,0xEF9D,0xEF9D,0xEF7D,0xEF7D,0xEF7D,0xEF9D,0xEF7D,0xEF7D,0xEF7D,0xEF7D,0xEF9D,0xEF9D,0xEF7D,0xEF7D,
0xEF7D,0xEF7D,0xEF7D,0xEF7D,0xEF7D,0xEF7D,0xEF7D,0xEF9D,0xEF7D,0xEF9D,0xF79D,0xEF9D,0xEF7D,0xEF7D,0xEF7D,0xEF7D,
0xEF7D,0xEF7D,0xEF7D,0xEF7D,0xEF7D,0xEF7D,0xEF7D,0xEF7D,0xEF7D,0xEF7D,0xEF7D,0xEF9D,0xEF7D,0xEF9D,0xEF9D,0xEF9D,
0xEF7D,0xEF7D,0xEF7D,0xEF7D,0xEF7D,0xEF9D,0xEF7D,0xEF7D,0xEF7D,0xEF7D,0xEF7D,0xEF7D,0xEF7D,0xEF7D,0xEF9D,0xEF9D,
0xEF7D,0xEF7D,0xEF7D,0xEF7D,0xEF9D,0xEF9D,0xEF7D,0xEF7D,0xEF7D,0xEF7D,0xEF7D,0xEF9D,0xEF9D,0xEF7D,0xEF7D,0xEF7D,
0xEF7D,0xEF7D,0xEF7D,0xEF9D,0xEF9D,0xEF9D,0xF79D,0xEF9D,0xEF7D,0xEF7D,0xEF7D,0xEF7D,0xEF7D,0xEF7D,0xEF7D,0xEF7D,
0xEF7D,0xEF7D,0xEF7D,0xEF9D,0xEF9D,0xEF7D,0xEF9D,0xEF7D,0xEF7D,0xEF7D,0xEF9D,0xEF7D,0xEF7D,0xEF7D,0xEF7D,0xEF7D,
0xEF7D,0xEF7D,0xEF7D,0xEF7D,0xEF7D,0xEF7D,0xEF7D,0xEF9D,0xEF9D,0xEF9D,0xEF9D,0xEF9D,0xEF9D,0xEF9D,0xEF7D,0xEF7D,
0xEF7D,0xEF7D,0xEF7D,0xEF9D,0xEF9D,0xEF9D,0xEF9D,0xEF7D,0xEF9D,0xF79D,0xEF9D,0xEF7D,0xEF9D,0xEF9D,0xEF9D,0xEF7D,
0xEF7D,0xEF9D,0xEF9D,0xF79E,0xF79E,0xF79E,0xF79E,0xF79E,0xEF7D,0xEF9D,0xEF9D,0xEF9D,0xF79D,0xEF9D,0xEF7D,0xEF9D,
0xEF9D,0xEF9D,0xEF9D,0xF79D,0xEF7D,0xEF9D,0xEF9D,0xEF9D,0xEF9D,0xEF9D,0xEF9D,0xEF7D,0xF79D,0xF79D,0xEF7D,0xEF7D,
0xEF9D,0xEF9D,0xF79D,0xEF7D,0xF79D,0xF79D,0xF79D,0xEF9D,0xEF9D,0xEF7D,0xEF7D,0xEF7D,0xEF9D,0xF79D,0xEF7D,0xEF7D,
0xF77D,0xEF7D,0xEF7D,0xEF7D,0xEF7D,0xEF7D,0xEF7D,0xEF9D,0xEF7D,0xEF9D,0xEF9D,0xEF7D,0xEF7D,0xEF7D,0xEF7D,0xEF7D,
0xEF7D,0xEF7D,0xEF7D,0xEF7D,0xEF7D,0xEF7D,0xEF7D,0xEF7D,0xEF7D,0xEF7D,0xEF7D,0xEF7D,0xEF7D,0xEF7D,0xEF9D,0xEF7D,
0xEF7D,0xEF7D,0xEF7D,0xEF7D,0xEF9D,0xEF9D,0xEF7D,0xEF9D,0xEF7D,0xEF9D,0xEF7D,0xEF7D,0xEF7D,0xEF7D,0xEF7D,0xEF9D,
0xEF7D,0xEF7D,0xEF7D,0xEF7D,0xEF7D,0xEF7D,0xEF7D,0xEF7D,0xEF7D,0xEF7D,0xEF7D,0xEF7D,0xEF7D,0xEF7D,0xEF9D,0xEF7D,
0xEF7D,0xEF7D,0xEF7D,0xEF7D,0xEF7D,0xEF7D,0xEF7D,0xEF7D,0xEF7D,0xEF7D,0xEF9D,0xEF7D,0xEF9D,0xEF9D,0xEF9D,0xEF7D,
0xEF7D,0xEF7D,0xEF9D,0xEF7D,0xEF9D,0xEF7D,0xEF7D,0xEF7D,0xEF7D,0xEF7D,0xEF7D,0xEF7D,0xEF7D,0xEF7D,0xEF7D,0xEF7D,
0xEF7D,0xEF7D,0xEF9D,0xEF7D,0xEF7D,0xEF9D,0xEF7D,0xEF7D,0xEF7D,0xEF7D,0xEF7D,0xEF9D,0xEF7D,0xEF7D,0xEF7D,0xEF7D,
0xF79D,0xEF7D,0xEF7D,0xEF7D,0xEF9D,0xEF7D,0xEF9D,0xEF7D,0xEF9D,0xEF7D,0xEF9D,0xEF7D,0xEF7D,0xEF7D,0xEF7D,0xEF9D,
0xEF9D,0xEF9D,0xEF7D,0xEF9D,0xEF7D,0xEF7D,0xEF7D,0xEF7D,0xEF7D,0xEF9D,0xEF9D,0xEF7D,0xEF7D,0xEF7D,0xEF7D,0xEF9D,
0xEF9D,0xEF7D,0xEF7D,0xEF9D,0xEF7D,0xEF7D,0xEF9D,0xEF7D,0xEF7D,0xEF7D,0xEF7D,0xEF7D,0xEF7D,0xEF9D,0xEF9D,0xEF9D,
0xF79D,0xEF9D,0xEF9D,0xEF9D,0xEF7D,0xEF7D,0xEF7D,0xEF7D,0xEF7D,0xEF7D,0xEF9D,0xEF9D,0xEF7D,0xEF7D,0xEF9D,0xEF7D,
0xEF7D,0xEF9D,0xEF7D,0xEF7D,0xEF7D,0xEF7D,0xEF7D,0xEF7D,0xEF7D,0xEF7D,0xEF7D,0xEF7D,0xEF7D,0xEF9D,0xEF7D,0xEF7D,
0xEF7D,0xEF7D,0xEF9D,0xEF9D,0xEF7D,0xEF9D,0xEF9D,0xEF9D,0xEF7D,0xEF7D,0xEF7D,0xEF7D,0xEF9D,0xEF9D,0xEF9D,0xEF7D,
0xEF7D,0xEF9D,0xEF7D,0xEF9D,0xEF9D,0xEF7D,0xEF7D,0xEF9D,0xEF9D,0xEF9D,0xEF7D,0xEF7D,0xEF9D,0xEF9D,0xF79E,0xF79E,
0xF79E,0xF79E,0xF79E,0xEF9D,0xEF9D,0xEF9D,0xEF7D,0xEF9D,0xEF9D,0xF79D,0xF79D,0xF79D,0xEF9D,0xF79D,0xF79D,0xEF7D,
0xEF9D,0xF79D,0xEF9D,0xEF9D,0xEF9D,0xEF9D,0xEF9D,0xF79D,0xF79D,0xEF7D,0xEF7D,0xEF7D,0xEF9D,0xF79D,0xEF9D,0xEF9D,
0xF79D,0xEF9D,0xEF7D,0xF79D,0xEF9D,0xEF9D,0xEF7D,0xEF7D,0xEF7D,0xF77D,0xF77D,0xF77D,0xEF7D,0xEF7D,0xEF7D,0xEF9D,
0xEF9D,0xEF9D,0xEF7D,0xEF7D,0xEF7D,0xEF7D,0xEF7D,0xEF7D,0xEF9D,0xEF7D,0xEF7D,0xEF9D,0xEF9D,0xEF9D,0xEF7D,0xEF7D,
0xEF7D,0xEF7D,0xEF7D,0xEF7D,0xEF7D,0xEF7D,0xEF7D,0xEF9D,0xEF7D,0xEF7D,0xEF7D,0xEF7D,0xEF7D,0xEF7D,0xEF7D,0xEF7D,
0xEF7D,0xEF7D,0xEF7D,0xEF7D,0xEF7D,0xEF7D,0xEF7D,0xEF7D,0xEF7D,0xEF7D,0xEF9D,0xEF9D,0xEF7D,0xEF7D,0xEF7D,0xEF7D,
0xEF7D,0xEF7D,0xEF7D,0xEF7D,0xEF9D,0xEF9D,0xEF9D,0xEF7D,0xEF7D,0xEF7D,0xEF7D,0xEF7D,0xEF7D,0xEF7D,0xEF7D,0xEF9D,
0xEF7D,0xEF7D,0xEF9D,0xEF9D,0xEF7D,0xEF7D,0xEF9D,0xEF9D,0xEF9D,0xEF7D,0xEF7D,0xEF7D,0xEF7D,0xEF7D,0xEF7D,0xEF7D,
0xEF7D,0xEF7D,0xEF7D,0xEF9D,0xEF7D,0xEF7D,0xEF7D,0xEF9D,0xEF9D,0xEF7D,0xEF7D,0xEF7D,0xEF7D,0xEF7D,0xEF7D,0xEF7D,
0xEF7D,0xEF7D,0xEF7D,0xEF7D,0xEF9D,0xEF7D,0xEF7D,0xEF9D,0xEF7D,0xEF7D,0xF77D,0xF77D,0xEF9D,0xEF7D,0xEF7D,0xEF9D,
0xEF7D,0xEF7D,0xEF9D,0xEF9D,0xEF7D,0xEF7D,0xEF7D,0xEF7D,0xEF7D,0xEF7D,0xEF9D,0xEF7D,0xEF7D,0xEF9D,0xEF9D,0xEF9D,
0xEF7D,0xEF7D,0xEF7D,0xEF9D,0xEF9D,0xEF9D,0xEF7D,0xEF7D,0xEF7D,0xEF7D,0xEF9D,0xEF7D,0xEF7D,0xEF7D,0xEF9D,0xEF7D,
0xF77D,0xEF9D,0xEF7D,0xEF7D,0xEF7D,0xEF7D,0xEF7D,0xEF7D,0xEF7D,0xEF9D,0xEF9D,0xEF9D,0xEF9D,0xEF9D,0xEF9D,0xEF7D,
0xEF7D,0xEF7D,0xEF7D,0xEF7D,0xEF7D,0xEF7D,0xEF7D,0xEF7D,0xEF7D,0xEF7D,0xEF7D,0xEF7D,0xEF7D,0xEF7D,0xEF7D,0xEF9D,
0xEF9D,0xEF9D,0xEF9D,0xEF7D,0xEF7D,0xEF7D,0xEF7D,0xEF7D,0xEF9D,0xEF7D,0xEF9D,0xEF7D,0xEF7D,0xEF7D,0xEF9D,0xEF7D,
0xEF7D,0xEF9D,0xEF7D,0xEF7D,0xEF7D,0xEF7D,0xEF9D,0xEF9D,0xEF7D,0xEF7D,0xEF7D,0xEF7D,0xEF9D,0xEF9D,0xEF7D,0xEF7D,
0xEF7D,0xEF9D,0xEF9D,0xEF7D,0xEF7D,0xEF9D,0xEF7D,0xEF9D,0xEF9D,0xF79E,0xF79E,0xF79E,0xF79E,0xF79E,0xEF9D,0xEF7D,
0xEF7D,0xEF9D,0xF79D,0xEF9D,0xF79D,0xF79D,0xEF9D,0xEF9D,0xEF9D,0xEF9D,0xEF7D,0xEF9D,0xEF9D,0xEF7D,0xEF9D,0xEF9D,
0xEF7D,0xEF7D,0xF79D,0xEF7D,0xEF7D,0xEF7D,0xEF9D,0xEF9D,0xF79D,0xF79D,0xF79D,0xEF9D,0xEF9D,0xEF7D,0xEF9D,0xEF7D,
0xEF7D,0xEF7D,0xEF7D,0xEF7D,0xEF7D,0xF77D,0xEF7D,0xEF7D,0xEF7D,0xEF7D,0xEF7D,0xEF9D,0xEF9D,0xEF9D,0xEF7D,0xEF7D,
0xEF7D,0xEF7D,0xEF7D,0xEF7D,0xEF7D,0xEF7D,0xEF7D,0xEF7D,0xEF7D,0xEF7D,0xEF7D,0xEF7D,0xEF7D,0xEF7D,0xEF7D,0xEF7D,
0xEF7D,0xEF7D,0xEF7D,0xEF7D,0xEF7D,0xEF7D,0xEF7D,0xEF7D,0xEF7D,0xEF7D,0xEF7D,0xEF7D,0xEF7D,0xEF7D,0xEF7D,0xEF7D,
0xEF7D,0xEF9D,0xEF9D,0xEF7D,0xEF7D,0xEF7D,0xEF9D,0xEF7D,0xEF7D,0xEF7D,0xEF7D,0xEF7D,0xEF7D,0xEF7D,0xEF7D,0xEF7D,
0xEF7D,0xEF7D,0xEF7D,0xEF9D,0xEF7D,0xEF7D,0xEF7D,0xEF7D,0xEF7D,0xEF7D,0xEF7D,0xEF7D,0xEF7D,0xEF7D,0xEF7D,0xEF7D,
0xEF7D,0xEF9D,0xEF9D,0xEF7D,0xEF7D,0xEF7D,0xEF7D,0xEF7D,0xEF9D,0xEF7D,0xEF7D,0xEF7D,0xEF7D,0xEF7D,0xEF7D,0xEF7D,
0xEF7D,0xEF7D,0xEF7D,0xEF7D,0xEF7D,0xEF7D,0xEF7D,0xEF7D,0xEF7D,0xEF7D,0xEF7D,0xEF7D,0xEF9D,0xEF7D,0xEF9D,0xEF9D,
0xEF7D,0xEF7D,0xEF7D,0xEF7D,0xEF7D,0xEF7D,0xF77D,0xEF7D,0xEF7D,0xEF7D,0xEF7D,0xEF7D,0xEF7D,0xEF9D,0xEF9D,0xEF7D,
0xEF7D,0xEF7D,0xEF7D,0xEF7D,0xEF7D,0xEF7D,0xEF7D,0xEF7D,0xEF7D,0xEF7D,0xEF7D,0xEF7D,0xEF7D,0xEF7D,0xF79D,0xEF9D,
0xEF7D,0xEF7D,0xEF7D,0xEF7D,0xEF7D,0xEF7D,0xEF7D,0xEF7D,0xEF7D,0xEF7D,0xEF7D,0xF77D,0xEF7D,0xEF7D,0xEF7D,0xEF7D,
0xEF7D,0xEF7D,0xEF7D,0xEF9D,0xEF7D,0xEF7D,0xEF7D,0xEF7D,0xEF7D,0xEF7D,0xEF7D,0xEF7D,0xEF7D,0xEF7D,0xEF7D,0xEF7D,
0xEF7D,0xEF7D,0xEF7D,0xEF7D,0xEF7D,0xEF7D,0xEF9D,0xEF7D,0xEF7D,0xEF9D,0xEF9D,0xEF7D,0xEF7D,0xEF7D,0xEF7D,0xEF7D,
0xEF7D,0xEF7D,0xEF7D,0xEF7D,0xEF7D,0xEF7D,0xEF9D,0xEF9D,0xEF9D,0xEF7D,0xEF9D,0xEF7D,0xEF7D,0xEF7D,0xEF7D,0xEF7D,
0xEF7D,0xEF7D,0xEF7D,0xEF7D,0xEF7D,0xEF7D,0xEF7D,0xEF9D,0xEF9D,0xEF9D,0xEF9D,0xEF9D,0xEF7D,0xEF7D,0xEF7D,0xEF7D,
0xEF7D,0xEF7D,0xEF9D,0xEF7D,0xF79E,0xF79E,0xF79E,0xF79E,0xF79E,0xEF7D,0xEF7D,0xEF9D,0xEF9D,0xEF9D,0xEF9D,0xEF9D,
0xF79D,0xF79D,0xEF9D,0xEF9D,0xEF9D,0xEF7D,0xEF9D,0xEF9D,0xEF7D,0xEF7D,0xEF9D,0xEF7D,0xEF7D,0xEF9D,0xEF7D,0xEF7D,
0xEF9D,0xF79D,0xEF9D,0xEF9D,0xF79D,0xF79D,0xEF9D,0xEF9D,0xEF9D,0xEF9D,0xEF7D,0xEF7D,0xEF7D,0xEF7D,0xEF7D,0xEF7D,
0xEF7D,0xEF7D,0xEF7D,0xEF7D,0xEF7D,0xEF7D,0xEF7D,0xEF9D,0xEF9D,0xEF7D,0xEF7D,0xEF7D,0xEF9D,0xEF7D,0xEF7D,0xEF7D,
0xEF7D,0xEF7D,0xEF7D,0xEF7D,0xEF7D,0xEF7D,0xEF9D,0xEF9D,0xEF9D,0xEF7D,0xEF7D,0xEF7D,0xEF7D,0xEF7D,0xEF7D,0xEF7D,
0xEF7D,0xEF7D,0xEF7D,0xEF7D,0xEF7D,0xEF7D,0xEF7D,0xEF7D,0xEF7D,0xEF7D,0xEF7D,0xEF7D,0xEF9D,0xEF7D,0xEF9D,0xEF9D,
0xEF7D,0xEF9D,0xEF7D,0xEF7D,0xEF7D,0xEF7D,0xEF7D,0xEF7D,0xEF7D,0xEF7D,0xEF7D,0xEF7D,0xEF7D,0xEF7D,0xEF7D,0xEF7D,
0xEF7D,0xEF7D,0xEF7D,0xEF7D,0xEF7D,0xEF7D,0xEF7D,0xEF7D,0xEF7D,0xEF7D,0xEF7D,0xEF7D,0xEF7D,0xEF7D,0xEF7D,0xEF9D,
0xEF7D,0xEF7D,0xEF7D,0xEF7D,0xEF7D,0xEF7D,0xEF7D,0xEF7D,0xEF7D,0xEF7D,0xEF7D,0xEF7D,0xEF7D,0xEF7D,0xEF7D,0xEF7D,
0xEF7D,0xEF7D,0xEF7D,0xEF9D,0xEF9D,0xEF9D,0xEF7D,0xEF7D,0xEF7D,0xEF7D,0xEF7D,0xEF7D,0xEF7D,0xEF7D,0xEF7D,0xEF7D,
0xEF7D,0xEF7D,0xEF7D,0xEF7D,0xEF7D,0xEF7D,0xEF7D,0xEF7D,0xEF7D,0xEF9D,0xEF9D,0xEF7D,0xEF7D,0xEF7D,0xEF7D,0xEF7D,
0xEF7D,0xEF7D,0xEF7D,0xEF7D,0xEF7D,0xEF7D,0xEF7D,0xEF7D,0xEF7D,0xEF7D,0xEF9D,0xEF7D,0xEF7D,0xEF7D,0xEF7D,0xEF7D,
0xEF7D,0xEF7D,0xEF7D,0xEF7D,0xEF7D,0xEF7D,0xEF7D,0xEF7D,0xEF7D,0xEF7D,0xEF7D,0xEF9D,0xEF7D,0xEF9D,0xEF9D,0xEF9D,
0xEF7D,0xEF7D,0xEF7D,0xEF7D,0xEF7D,0xEF7D,0xEF7D,0xEF7D,0xEF7D,0xEF7D,0xEF7D,0xEF7D,0xEF9D,0xEF9D,0xEF7D,0xEF7D,
0xEF7D,0xEF7D,0xEF9D,0xEF7D,0xEF7D,0xEF7D,0xEF7D,0xEF7D,0xEF7D,0xEF9D,0xEF7D,0xEF7D,0xEF7D,0xEF7D,0xEF7D,0xEF7D,
0xEF9D,0xEF9D,0xEF9D,0xEF9D,0xEF7D,0xEF7D,0xEF7D,0xEF7D,0xEF7D,0xEF7D,0xEF7D,0xEF7D,0xEF7D,0xEF7D,0xEF7D,0xEF7D,
0xEF7D,0xEF7D,0xEF9D,0xEF7D,0xEF7D,0xEF9D,0xEF9D,0xEF7D,0xEF9D,0xEF7D,0xEF7D,0xEF7D,0xEF9D,0xEF9D,0xEF7D,0xF79E,
0xF79E,0xF79E,0xF79E,0xF79E,0xEF7D,0xEF9D,0xEF9D,0xEF9D,0xEF9D,0xEF9D,0xEF9D,0xEF9D,0xEF7D,0xEF9D,0xEF7D,0xEF7D,
0xEF7D,0xEF9D,0xEF9D,0xEF7D,0xEF7D,0xEF9D,0xEF9D,0xEF9D,0xF79D,0xF79D,0xEF9D,0xEF9D,0xEF9D,0xEF9D,0xF79D,0xEF9D,
0xEF7D,0xEF9D,0xF79D,0xEF9D,0xEF9D,0xEF7D,0xEF7D,0xEF7D,0xEF7D,0xEF7D,0xEF7D,0xEF7D,0xEF7D,0xEF7D,0xEF7D,0xEF7D,
0xEF7D,0xEF9D,0xEF9D,0xEF7D,0xEF7D,0xEF7D,0xEF7D,0xEF9D,0xEF7D,0xEF7D,0xEF7D,0xEF9D,0xEF9D,0xEF7D,0xEF7D,0xEF7D,
0xEF7D,0xEF9D,0xEF9D,0xEF7D,0xEF7D,0xEF7D,0xEF7D,0xEF7D,0xEF7D,0xEF7D,0xEF7D,0xEF7D,0xEF7D,0xEF7D,0xEF7D,0xEF7D,
0xEF7D,0xEF7D,0xEF7D,0xEF7D,0xEF7D,0xEF7D,0xEF9D,0xEF9D,0xEF7D,0xEF7D,0xEF7D,0xEF7D,0xEF7D,0xEF7D,0xEF7D,0xEF7D,
0xEF9D,0xEF7D,0xEF7D,0xEF7D,0xEF7D,0xEF9D,0xEF9D,0xEF7D,0xEF7D,0xEF7D,0xEF7D,0xEF7D,0xEF7D,0xEF7D,0xEF7D,0xEF7D,
0xEF9D,0xEF7D,0xEF7D,0xEF7D,0xEF7D,0xEF7D,0xEF7D,0xEF7D,0xEF7D,0xEF9D,0xEF9D,0xEF7D,0xEF7D,0xEF9D,0xEF7D,0xEF7D,
0xEF7D,0xEF7D,0xEF7D,0xEF7D,0xEF7D,0xEF7D,0xEF7D,0xEF7D,0xEF7D,0xEF7D,0xEF7D,0xEF7D,0xEF7D,0xEF7D,0xEF7D,0xEF7D,
0xEF7D,0xEF7D,0xEF7D,0xEF7D,0xEF7D,0xEF7D,0xEF7D,0xEF7D,0xEF9D,0xEF9D,0xEF9D,0xEF7D,0xEF7D,0xEF9D,0xEF9D,0xEF7D,
0xEF7D,0xEF7D,0xEF7D,0xEF7D,0xEF7D,0xEF7D,0xEF9D,0xEF7D,0xEF7D,0xEF9D,0xEF9D,0xEF7D,0xEF7D,0xEF7D,0xEF7D,0xEF7D,
0xEF7D,0xEF7D,0xEF7D,0xEF7D,0xEF7D,0xEF7D,0xEF9D,0xEF9D,0xEF9D,0xEF9D,0xEF7D,0xEF7D,0xEF9D,0xEF7D,0xEF7D,0xEF7D,
0xEF9D,0xEF9D,0xEF7D,0xEF7D,0xEF7D,0xEF7D,0xEF7D,0xEF7D,0xEF9D,0xEF7D,0xEF7D,0xEF9D,0xEF7D,0xEF7D,0xEF7D,0xEF7D,
0xEF7D,0xEF7D,0xEF7D,0xEF7D,0xEF7D,0xEF7D,0xEF9D,0xEF7D,0xEF7D,0xEF9D,0xEF9D,0xEF7D,0xEF7D,0xEF7D,0xEF7D,0xEF7D,
0xEF7D,0xEF7D,0xEF9D,0xEF7D,0xEF7D,0xEF7D,0xEF7D,0xEF7D,0xEF7D,0xEF9D,0xEF7D,0xEF7D,0xEF9D,0xEF7D,0xEF7C,0xEF9D,
0xEF9D,0xEF7D,0xEF7D,0xEF7D,0xEF7D,0xEF7D,0xEF9D,0xEF7D,0xEF7D,0xEF7D,0xEF7D,0xEF7D,0xEF7D,0xEF7D,0xEF7D,0xEF7D,
0xEF7D,0xF79D,0xEF9D,0xEF7D,0xEF7D,0xEF7D,0xEF9D,0xEF9D,0xEF9D,0xEF7D,0xF79E,0xF79E,0xF79E,0xF79E,0xF79E,0xEF7D,
0xEF9D,0xEF9D,0xEF7D,0xEF9D,0xEF9D,0xEF9D,0xEF9D,0xEF7D,0xEF9D,0xEF9D,0xEF9D,0xEF9D,0xF79D,0xF79D,0xEF7D,0xEF7D,
0xEF9D,0xEF9D,0xEF9D,0xF79D,0xF79D,0xEF7D,0xEF7D,0xEF9D,0xEF9D,0xEF9D,0xEF9D,0xEF9D,0xEF7D,0xEF7D,0xEF7D,0xEF7D,
0xEF7D,0xEF7D,0xEF7D,0xEF7D,0xEF7D,0xEF7D,0xEF7D,0xEF7D,0xEF7D,0xEF7D,0xEF9D,0xEF9D,0xF79D,0xF79D,0xEF9D,0xEF7D,
0xEF7D,0xEF7D,0xEF7D,0xEF7D,0xEF9D,0xEF9D,0xEF7D,0xEF7D,0xEF7D,0xEF7D,0xEF7D,0xEF7D,0xEF7D,0xEF7D,0xEF7D,0xEF9D,
0xEF9D,0xEF7D,0xEF7D,0xEF7D,0xEF7D,0xEF7D,0xEF7D,0xEF7D,0xEF7D,0xEF7D,0xEF7D,0xEF7D,0xEF7D,0xEF7D,0xEF7D,0xEF7D,
0xEF7D,0xEF7D,0xEF7D,0xEF7D,0xEF7D,0xEF7D,0xEF7D,0xEF7D,0xEF7D,0xEF7D,0xEF7D,0xEF9D,0xEF7D,0xEF7D,0xEF7D,0xEF7D,
0xEF9D,0xEF9D,0xEF7D,0xEF7D,0xEF7D,0xEF7D,0xEF7D,0xEF7D,0xEF7D,0xEF7D,0xEF7D,0xEF9D,0xEF7D,0xEF7D,0xEF9D,0xEF7D,
0xEF7D,0xEF7D,0xEF7D,0xEF7D,0xEF7D,0xEF7D,0xEF9D,0xEF7D,0xEF7D,0xEF9D,0xEF7D,0xEF7D,0xEF7D,0xF77D,0xEF7D,0xEF7D,
0xEF7D,0xEF7D,0xEF7D,0xEF7D,0xEF7D,0xEF7D,0xEF7D,0xEF7D,0xEF7D,0xEF7D,0xEF7D,0xEF7D,0xEF7D,0xEF7D,0xEF7D,0xEF7D,
0xEF9D,0xEF7D,0xEF7D,0xEF7D,0xEF9D,0xEF9D,0xEF9D,0xEF9D,0xEF7D,0xEF7D,0xEF7D,0xEF7D,0xEF7D,0xEF9D,0xEF9D,0xEF7D,
0xEF7D,0xEF7D,0xEF7D,0xEF7D,0xEF7D,0xEF7D,0xEF7D,0xEF7D,0xEF7D,0xEF7D,0xEF7D,0xEF9D,0xEF9D,0xEF9D,0xEF9D,0xEF9D,
0xEF9D,0xEF9D,0xEF7D,0xEF7D,0xEF7D,0xEF7D,0xEF7D,0xEF7D,0xEF7D,0xEF7D,0xEF7D,0xEF9D,0xEF9D,0xEF9D,0xEF9D,0xEF9D,
0xEF7D,0xEF7D,0xEF9D,0xEF7D,0xEF7D,0xEF7D,0xEF7D,0xEF7D,0xEF7D,0xEF7D,0xEF7D,0xEF7D,0xEF7D,0xEF7D,0xEF7D,0xEF7D,
0xEF7D,0xEF7D,0xEF7D,0xEF7D,0xEF9D,0xEF9D,0xEF9D,0xEF7D,0xEF7D,0xEF7D,0xEF7D,0xEF9D,0xEF9D,0xEF9D,0xEF9D,0xEF7D,
0xEF7D,0xEF7D,0xEF7D,0xEF7D,0xEF9D,0xEF9D,0xEF7D,0xEF9D,0xEF7D,0xEF7D,0xEF9D,0xEF9D,0xEF7D,0xEF7D,0xEF7D,0xEF7D,
0xEF9D,0xEF9D,0xEF7D,0xEF9D,0xEF9D,0xEF7D,0xEF7D,0xEF7D,0xEF7D,0xEF9D,0xEF9D,0xF79D,0xEF9D,0xEF9D,0xEF9D,0xEF9D,
0xEF7D,0xEF9D,0xEF9D,0xEF9D,0xEF9D,0xF79E,0xF79E,0xF79E,0xF79E,0xF79E,0xEF7D,0xF79D,0xEF7D,0xEF9D,0xEF9D,0xEF9D,
0xF79D,0xEF9D,0xEF7D,0xEF9D,0xEF9D,0xEF7D,0xEF9D,0xEF9D,0xEF9D,0xEF7D,0xEF7D,0xEF9D,0xEF9D,0xEF7D,0xF79D,0xF79D,
0xEF9D,0xEF9D,0xEF9D,0xEF9D,0xEF9D,0xEF9D,0xEF9D,0xEF7D,0xEF9D,0xF79D,0xEF7D,0xEF7D,0xEF7D,0xEF7D,0xEF9D,0xEF9D,
0xEF7D,0xEF7D,0xEF7D,0xEF7D,0xEF9D,0xEF9D,0xEF7D,0xEF9D,0xEF9D,0xEF9D,0xEF7D,0xEF7D,0xEF7D,0xEF7D,0xEF9D,0xEF9D,
0xEF7D,0xEF7D,0xEF9D,0xEF9D,0xEF7D,0xEF7D,0xEF7D,0xEF7D,0xEF9D,0xEF9D,0xEF7D,0xEF7D,0xEF7D,0xEF7D,0xEF7D,0xEF7D,
0xEF7D,0xEF7D,0xEF7D,0xEF7D,0xEF7D,0xEF9D,0xEF9D,0xEF7D,0xEF7D,0xEF9D,0xEF7D,0xEF7D,0xEF7D,0xEF7D,0xEF7D,0xEF7D,
0xEF7D,0xEF7D,0xEF7D,0xEF7D,0xEF7D,0xEF7D,0xEF7D,0xEF9D,0xEF9D,0xEF7D,0xEF7D,0xEF7D,0xEF7D,0xEF7D,0xEF7D,0xEF7D,
0xEF7D,0xEF7D,0xEF7D,0xEF7D,0xEF7D,0xEF7D,0xEF7D,0xEF7D,0xEF7D,0xEF7D,0xEF7D,0xEF9D,0xEF7D,0xEF7D,0xEF7D,0xEF9D,
0xEF9D,0xEF9D,0xEF9D,0xEF7D,0xEF7D,0xEF7D,0xEF7D,0xEF7D,0xF77D,0xEF7D,0xEF7D,0xEF7D,0xEF7D,0xEF9D,0xEF7D,0xEF7D,
0xEF9D,0xEF9D,0xEF9D,0xEF7D,0xEF7D,0xEF9D,0xEF9D,0xEF7D,0xEF7D,0xEF7D,0xEF7D,0xEF9D,0xEF7D,0xEF7D,0xEF7D,0xEF7D,
0xEF7D,0xEF7D,0xEF7D,0xEF7D,0xEF7D,0xEF9D,0xEF7D,0xEF7D,0xEF9D,0xEF7D,0xEF7D,0xEF7D,0xEF7D,0xEF9D,0xEF7D,0xEF7D,
0xEF7D,0xEF9D,0xEF7D,0xEF7D,0xEF9D,0xEF9D,0xEF7D,0xEF7D,0xEF9D,0xEF9D,0xEF9D,0xEF9D,0xEF9D,0xEF7D,0xEF7D,0xEF7D,
0xEF7D,0xEF7D,0xEF7D,0xEF7D,0xEF7D,0xEF7D,0xEF7D,0xEF7D,0xEF9D,0xEF7D,0xEF7D,0xEF7D,0xEF7D,0xEF9D,0xEF7D,0xEF9D,
0xEF7D,0xEF7D,0xEF7D,0xEF7D,0xEF7D,0xEF7D,0xEF7D,0xEF7D,0xEF7D,0xEF7D,0xEF9D,0xEF7D,0xEF7D,0xEF9D,0xEF9D,0xEF9D,
0xEF9D,0xEF9D,0xEF9D,0xEF9D,0xEF7D,0xEF7D,0xEF9D,0xF79D,0xF79D,0xF79D,0xEF7D,0xEF9D,0xEF7D,0xEF7D,0xEF7D,0xEF7D,
0xEF7D,0xEF7D,0xEF7D,0xEF9D,0xEF7D,0xEF7D,0xEF7D,0xEF7D,0xEF7D,0xEF7D,0xEF7D,0xEF7D,0xEF9D,0xEF9D,0xEF9D,0xEF7D,
0xEF7D,0xEF9D,0xEF9D,0xEF9D,0xEF9D,0xEF9D,0xF79D,0xEF7D,0xEF7D,0xEF7D,0xEF7D,0xEF7D,0xEF9D,0xEF9D,0xEF9D,0xEF7D,
0xF79E,0xF79E,0xF79E,0xF79E,0xF79E,0xEF7D,0xEF9D,0xEF7D,0xEF9D,0xF79D,0xF79D,0xF79D,0xEF9D,0xEF7D,0xEF7D,0xF79D,
0xEF9D,0xEF7D,0xF79D,0xF79D,0xEF9D,0xEF9D,0xEF9D,0xEF7D,0xEF7D,0xEF9D,0xEF9D,0xEF9D,0xEF9D,0xEF9D,0xEF9D,0xEF9D,
0xEF9D,0xEF9D,0xEF9D,0xF79D,0xEF9D,0xEF7D,0xEF7D,0xEF7D,0xEF7D,0xEF7D,0xEF7D,0xEF7D,0xEF7D,0xEF9D,0xEF9D,0xEF9D,
0xEF9D,0xF79D,0xEF7D,0xEF7D,0xEF7D,0xEF7D,0xEF7D,0xEF7D,0xEF7D,0xEF9D,0xEF7D,0xEF7D,0xEF7D,0xEF9D,0xEF9D,0xEF7D,
0xEF9D,0xEF9D,0xEF7D,0xEF7D,0xEF9D,0xEF9D,0xEF9D,0xEF7D,0xEF7D,0xEF7D,0xEF7D,0xEF9D,0xEF9D,0xEF7D,0xEF7D,0xEF9D,
0xEF9D,0xEF9D,0xEF7D,0xEF9D,0xEF9D,0xEF9D,0xEF7D,0xEF7D,0xEF7D,0xEF7D,0xEF7D,0xEF7D,0xEF7D,0xEF7D,0xEF7D,0xEF7D,
0xEF7D,0xEF7D,0xEF7D,0xEF7D,0xEF7D,0xEF7D,0xEF7D,0xEF7D,0xEF9D,0xEF7D,0xEF7D,0xEF7D,0xEF7D,0xEF7D,0xEF7D,0xEF7D,
0xEF7D,0xEF7D,0xEF7D,0xEF7D,0xEF7D,0xEF7D,0xEF9D,0xEF7D,0xF79D,0xEF9D,0xEF7D,0xEF7D,0xEF7D,0xEF9D,0xEF9D,0xEF9D,
0xEF7D,0xEF9D,0xEF7D,0xEF7D,0xEF7D,0xEF7D,0xEF7D,0xEF7D,0xEF7D,0xEF7D,0xEF7D,0xEF7D,0xEF9D,0xEF9D,0xEF9D,0xEF9D,
0xEF7D,0xEF7D,0xEF7D,0xEF7D,0xEF7D,0xEF7D,0xEF7D,0xEF7D,0xEF7D,0xEF9D,0xEF9D,0xEF9D,0xEF9D,0xEF9D,0xEF9D,0xEF9D,
0xEF9D,0xEF9D,0xEF9D,0xEF9D,0xEF7D,0xEF7D,0xEF7D,0xEF7D,0xF79D,0xEF9D,0xEF7D,0xEF7D,0xEF9D,0xEF7D,0xEF7D,0xEF7D,
0xEF7D,0xEF7D,0xEF7D,0xEF9D,0xEF9D,0xEF9D,0xEF9D,0xEF9D,0xEF7D,0xEF7D,0xEF7D,0xEF7D,0xEF7D,0xEF7D,0xEF7D,0xEF7D,
0xEF7D,0xEF9D,0xF79D,0xEF9D,0xEF7D,0xEF7D,0xEF7D,0xEF9D,0xEF9D,0xEF7D,0xEF7D,0xEF7D,0xEF7D,0xEF7D,0xEF7D,0xEF7D,
0xEF7D,0xEF7D,0xEF7D,0xEF7D,0xEF7D,0xEF9D,0xEF9D,0xEF7D,0xEF7D,0xEF7D,0xEF7D,0xEF9D,0xF79D,0xEF9D,0xEF7D,0xEF7D,
0xEF7D,0xEF9D,0xEF7D,0xEF9D,0xEF7D,0xEF7D,0xEF7D,0xEF7D,0xEF7D,0xEF7D,0xEF9D,0xEF7D,0xEF7D,0xEF7D,0xEF7D,0xEF7D,
0xEF7D,0xEF7D,0xEF7D,0xEF7D,0xEF9D,0xEF7D,0xEF7D,0xEF7D,0xEF7D,0xEF9D,0xEF9D,0xEF9D,0xEF9D,0xEF9D,0xEF9D,0xEF9D,
0xEF9D,0xEF9D,0xEF7D,0xEF7D,0xEF7D,0xEF7D,0xEF7D,0xEF9D,0xEF9D,0xEF7D,0xEF7D,0xF79E,0xF79E,0xF79E,0xF79E,0xF79E,
0xEF7D,0xEF7D,0xEF9D,0xEF9D,0xF79D,0xF79D,0xF79D,0xEF9D,0xEF9D,0xEF9D,0xEF7D,0xEF7D,0xEF9D,0xEF9D,0xEF9D,0xEF9D,
0xEF9D,0xEF7D,0xEF7D,0xF79D,0xF79D,0xEF9D,0xF79D,0xEF9D,0xEF9D,0xEF9D,0xF79D,0xF79D,0xF79D,0xF79D,0xEF9D,0xEF9D,
0xEF9D,0xEF9D,0xEF9D,0xEF9D,0xEF7D,0xEF7D,0xEF9D,0xEF7D,0xEF9D,0xEF9D,0xEF9D,0xF79D,0xF79D,0xF79D,0xEF9D,0xEF9D,
0xEF7D,0xEF7D,0xEF7D,0xEF9D,0xEF7D,0xEF7D,0xEF7D,0xEF7D,0xEF9D,0xEF9D,0xEF7D,0xEF7D,0xEF9D,0xEF9D,0xEF9D,0xEF9D,
0xEF7D,0xEF7D,0xEF7D,0xEF7D,0xEF7D,0xEF7D,0xEF7D,0xEF7D,0xEF7D,0xEF7D,0xEF9D,0xF79D,0xF79D,0xEF9D,0xEF9D,0xEF9D,
0xEF9D,0xEF7D,0xEF9D,0xEF9D,0xEF7D,0xEF7D,0xEF7D,0xEF7D,0xEF7D,0xEF7D,0xEF7D,0xEF7D,0xEF9D,0xEF9D,0xEF9D,0xEF7D,
0xEF7D,0xEF9D,0xEF7D,0xEF7D,0xEF7D,0xEF9D,0xEF7D,0xEF9D,0xEF9D,0xEF9D,0xEF7D,0xEF7D,0xEF7D,0xEF7D,0xEF9D,0xEF9D,
0xEF9D,0xEF7D,0xEF7D,0xF79D,0xF79D,0xEF9D,0xEF9D,0xEF9D,0xEF9D,0xEF7D,0xEF7D,0xEF7D,0xEF7D,0xEF7D,0xEF7D,0xEF7D,
0xEF9D,0xEF9D,0xEF7D,0xEF7D,0xEF9D,0xEF9D,0xEF7D,0xEF7D,0xEF9D,0xEF9D,0xEF9D,0xEF9D,0xEF7D,0xEF7D,0xEF9D,0xEF7D,
0xEF7D,0xEF7D,0xEF7D,0xEF9D,0xEF9D,0xEF9D,0xEF9D,0xEF9D,0xEF9D,0xEF9D,0xEF9D,0xEF9D,0xEF9D,0xEF9D,0xEF9D,0xEF7D,
0xEF7D,0xEF7D,0xEF7D,0xEF9D,0xEF9D,0xEF9D,0xEF7D,0xEF7D,0xEF9D,0xEF9D,0xEF9D,0xEF9D,0xEF7D,0xEF7D,0xEF9D,0xEF9D,
0xEF7D,0xEF7D,0xEF7D,0xEF7D,0xEF9D,0xEF9D,0xEF7D,0xEF7D,0xEF7D,0xEF7D,0xEF7D,0xEF9D,0xF79D,0xF79D,0xEF7D,0xEF9D,
0xEF9D,0xEF7D,0xEF7D,0xEF9D,0xEF9D,0xEF7D,0xEF7D,0xEF7D,0xEF7D,0xEF7D,0xEF9D,0xEF9D,0xEF7D,0xEF7D,0xEF9D,0xEF9D,
0xEF7D,0xEF7D,0xEF9D,0xEF9D,0xEF9D,0xEF9D,0xEF9D,0xEF9D,0xEF9D,0xEF9D,0xEF9D,0xEF7D,0xEF7D,0xEF7D,0xEF7D,0xEF7D,
0xEF9D,0xEF9D,0xEF9D,0xEF9D,0xEF9D,0xF79D,0xEF9D,0xEF9D,0xEF7D,0xEF9D,0xEF9D,0xEF7D,0xEF7D,0xEF7D,0xEF7D,0xEF7D,
0xEF9D,0xEF7D,0xEF7D,0xEF9D,0xF79D,0xF79D,0xEF9D,0xEF9D,0xEF9D,0xEF9D,0xF79D,0xF79D,0xEF9D,0xEF7D,0xEF7D,0xEF7D,
0xEF7D,0xEF9D,0xEF7D,0xEF7D,0xEF7D,0xEF7D,0xF79E,0xF79E,0xF79E,0xF79E,0xF79E,0xEF7D,0xEF9D,0xF79D,0xF79D,0xEF9D,
0xEF9D,0xF79D,0xF79D,0xF79D,0xEF9D,0xEF9D,0xEF9D,0xEF7D,0xEF9D,0xEF9D,0xEF9D,0xEF9D,0xEF7D,0xEF7D,0xF79D,0xF79D,
0xF79D,0xF79D,0xF79D,0xEF9D,0xEF9D,0xEF9D,0xEF9D,0xEF9D,0xEF9D,0xEF9D,0xEF9D,0xF79D,0xEF9D,0xEF9D,0xEF7D,0xEF7D,
0xEF7D,0xEF7D,0xEF7D,0xEF9D,0xEF7D,0xEF9D,0xF79D,0xEF9D,0xEF9D,0xEF9D,0xEF9D,0xEF7D,0xEF7D,0xEF7D,0xEF7D,0xEF7D,
0xEF7D,0xEF7D,0xEF9D,0xEF9D,0xEF7D,0xEF7D,0xEF7D,0xEF7D,0xEF7D,0xEF9D,0xEF7D,0xEF7D,0xEF7D,0xEF7D,0xEF7D,0xEF7D,
0xEF9D,0xEF9D,0xEF9D,0xEF9D,0xEF7D,0xEF7D,0xEF7D,0xEF9D,0xEF9D,0xEF7D,0xEF7D,0xEF7D,0xEF7D,0xEF9D,0xEF7D,0xEF7D,
0xEF7D,0xEF7D,0xEF7D,0xEF7D,0xEF7D,0xEF7D,0xEF7D,0xEF9D,0xEF9D,0xEF7D,0xEF9D,0xEF9D,0xEF7D,0xEF7D,0xEF7D,0xEF7D,
0xEF7D,0xEF7D,0xEF7D,0xEF7D,0xEF9D,0xEF7D,0xEF7D,0xEF7D,0xEF7D,0xEF7D,0xEF7D,0xEF9D,0xEF9D,0xEF7D,0xEF7D,0xEF7D,
0xEF9D,0xEF7D,0xEF7D,0xEF9D,0xEF7D,0xEF7D,0xEF7D,0xEF7D,0xEF9D,0xEF7D,0xEF7D,0xEF7D,0xEF7D,0xEF9D,0xEF9D,0xEF7D,
0xEF7D,0xEF7D,0xEF9D,0xEF9D,0xEF9D,0xEF9D,0xF79D,0xF79D,0xEF9D,0xEF9D,0xEF7D,0xEF7D,0xEF7D,0xEF7D,0xEF7D,0xEF7D,
0xEF9D,0xEF9D,0xEF9D,0xEF9D,0xEF9D,0xEF9D,0xEF9D,0xEF9D,0xEF9D,0xEF9D,0xEF9D,0xEF7D,0xEF7D,0xEF7D,0xEF7D,0xEF7D,
0xEF9D,0xEF9D,0xEF9D,0xEF9D,0xF79D,0xF79D,0xEF7D,0xEF7D,0xEF7D,0xEF7D,0xEF7D,0xEF7D,0xF79D,0xF79D,0xEF9D,0xEF9D,
0xEF9D,0xEF9D,0xEF9D,0xEF9D,0xEF7D,0xEF7D,0xEF7D,0xEF9D,0xF79D,0xEF7D,0xEF9D,0xEF7D,0xEF7D,0xEF9D,0xEF9D,0xEF9D,
0xEF9D,0xEF7D,0xEF9D,0xEF7D,0xEF7D,0xEF9D,0xEF9D,0xEF7D,0xEF7D,0xEF9D,0xEF9D,0xEF7D,0xEF7D,0xEF7D,0xEF9D,0xEF7D,
0xEF7D,0xEF9D,0xEF9D,0xEF7D,0xEF9D,0xEF7D,0xEF7D,0xEF9D,0xEF7D,0xEF7D,0xEF7D,0xEF7D,0xEF7D,0xF79D,0xEF7D,0xEF7D,
0xEF7D,0xEF7D,0xEF9D,0xEF9D,0xEF7D,0xEF9D,0xEF7D,0xEF9D,0xEF7D,0xEF7D,0xEF7D,0xEF7D,0xEF7D,0xEF9D,0xEF9D,0xEF9D,
0xEF7D,0xEF7D,0xEF7D,0xEF7D,0xEF9D,0xF79D,0xF79D,0xEF7D,0xEF7D,0xEF9D,0xEF9D,0xEF9D,0xEF7D,0xEF7D,0xEF7D,0xF79D,
0xEF7D,0xF79E,0xF79E,0xF79E,0xF79E,0xF79E,0xEF7D,0xEF9D,0xEF9D,0xF79D,0xEF9D,0xF79D,0xEF9D,0xF79D,0xF79D,0xEF7D,
0xEF9D,0xF79D,0xEF7D,0xF79D,0xEF9D,0xEF9D,0xEF7D,0xEF7D,0xEF9D,0xEF9D,0xF79D,0xF79D,0xEF9D,0xEF9D,0xEF9D,0xEF9D,
0xEF9D,0xEF9D,0xEF9D,0xEF9D,0xEF9D,0xF79D,0xEF9D,0xEF7D,0xEF9D,0xEF7D,0xEF7D,0xEF7D,0xEF7D,0xEF7D,0xEF9D,0xEF9D,
0xEF9D,0xEF9D,0xEF7D,0xF79D,0xEF7D,0xEF7D,0xEF7D,0xEF7D,0xEF7D,0xEF7D,0xEF7D,0xEF7D,0xEF7D,0xEF7D,0xEF7D,0xEF7D,
0xEF9D,0xEF9D,0xEF7D,0xEF7D,0xEF7D,0xEF7D,0xEF7D,0xEF7D,0xEF7D,0xEF7D,0xEF7D,0xEF9D,0xEF9D,0xEF7D,0xEF9D,0xEF9D,
0xEF9D,0xEF7D,0xEF9D,0xEF9D,0xEF9D,0xEF7D,0xEF7D,0xEF7D,0xEF7D,0xEF7D,0xEF7D,0xEF7D,0xEF7D,0xEF7D,0xEF7D,0xEF7D,
0xEF7D,0xEF7D,0xEF7D,0xEF9D,0xEF7D,0xEF7D,0xEF9D,0xEF7D,0xEF7D,0xEF7D,0xEF7D,0xEF9D,0xEF7D,0xEF9D,0xEF9D,0xEF9D,
0xEF7D,0xEF7D,0xEF7D,0xEF7D,0xEF7D,0xEF7D,0xEF9D,0xEF7D,0xEF7D,0xEF7D,0xEF9D,0xEF9D,0xEF7D,0xEF7D,0xEF7D,0xEF9D,
0xEF9D,0xEF7D,0xEF7D,0xEF9D,0xEF7D,0xEF7D,0xEF7D,0xEF7D,0xEF9D,0xEF9D,0xEF7D,0xEF7D,0xEF9D,0xEF9D,0xEF7D,0xEF7D,
0xEF9D,0xEF7D,0xEF7D,0xEF9D,0xEF9D,0xEF7D,0xEF7D,0xEF7D,0xEF9D,0xEF9D,0xEF7D,0xEF7D,0xEF9D,0xEF9D,0xEF9D,0xEF9D,
0xEF7D,0xEF7D,0xEF9D,0xEF9D,0xEF7D,0xEF7D,0xEF7D,0xEF7D,0xEF7D,0xEF7D,0xEF7D,0xEF7D,0xEF7D,0xEF7D,0xEF9D,0xEF9D,
0xEF9D,0xEF9D,0xEF9D,0xEF9D,0xEF9D,0xEF7D,0xEF7D,0xEF9D,0xEF7D,0xEF7D,0xEF7D,0xEF7D,0xEF7D,0xEF9D,0xEF9D,0xEF9D,
0xEF7D,0xEF9D,0xEF9D,0xEF9D,0xEF9D,0xEF9D,0xEF7D,0xEF7D,0xEF7D,0xEF9D,0xEF9D,0xEF7D,0xEF9D,0xEF7D,0xEF7D,0xEF7D,
0xEF7D,0xEF7D,0xEF7D,0xEF9D,0xEF7D,0xEF9D,0xEF9D,0xEF7D,0xEF7D,0xEF7D,0xEF7D,0xEF9D,0xEF9D,0xEF7D,0xEF9D,0xEF7D,
0xEF9D,0xEF9D,0xEF9D,0xEF7D,0xEF7D,0xEF7D,0xEF7D,0xEF7D,0xEF9D,0xEF9D,0xEF9D,0xEF9D,0xEF7D,0xEF7D,0xEF9D,0xEF7D,
0xEF9D,0xEF7D,0xEF9D,0xEF9D,0xEF7D,0xEF7D,0xEF7D,0xEF7D,0xEF7D,0xEF7D,0xEF9D,0xEF9D,0xEF9D,0xEF7D,0xEF7D,0xF79D,
0xF79D,0xF79D,0xEF9D,0xEF9D,0xEF9D,0xEF9D,0xEF9D,0xEF9D,0xEF7D,0xEF7D,0xEF7D,0xEF7D,0xF79E,0xF79E,0xF79E,0xF79E,
0xF79E,0xEF7D,0xEF9D,0xEF7D,0xEF9D,0xEF9D,0xF79D,0xEF7D,0xF79D,0xF79D,0xF79D,0xEF7D,0xEF7D,0xF79D,0xF79D,0xEF7D,
0xEF9D,0xEF9D,0xEF9D,0xEF9D,0xEF9D,0xF79D,0xF79D,0xEF9D,0xEF9D,0xEF9D,0xEF9D,0xEF9D,0xEF7D,0xEF9D,0xF79D,0xF79D,
0xEF9D,0xEF9D,0xEF7D,0xEF9D,0xEF9D,0xEF9D,0xEF9D,0xEF9D,0xEF9D,0xEF9D,0xEF9D,0xEF9D,0xF79D,0xEF9D,0xEF9D,0xEF9D,
0xEF7D,0xEF7D,0xEF7D,0xEF7D,0xEF7D,0xEF7D,0xEF9D,0xEF9D,0xEF9D,0xEF9D,0xEF9D,0xEF9D,0xEF9D,0xEF9D,0xEF9D,0xEF9D,
0xEF9D,0xEF7D,0xEF7D,0xEF7D,0xEF7D,0xEF7D,0xEF7D,0xEF7D,0xEF7D,0xEF7D,0xEF9D,0xEF9D,0xEF9D,0xEF9D,0xEF9D,0xEF9D,
0xEF9D,0xF79D,0xEF9D,0xEF9D,0xEF7D,0xEF7D,0xEF7D,0xEF7D,0xEF7D,0xEF7D,0xEF7D,0xEF7D,0xEF7D,0xEF7D,0xEF7D,0xEF7D,
0xEF7D,0xEF9D,0xEF9D,0xEF9D,0xEF9D,0xEF9D,0xEF9D,0xEF7D,0xEF9D,0xEF7D,0xEF7D,0xEF7D,0xEF7D,0xEF7D,0xEF7D,0xEF7D,
0xEF9D,0xEF9D,0xEF9D,0xEF9D,0xEF9D,0xEF9D,0xEF9D,0xEF9D,0xEF7D,0xEF7D,0xEF7D,0xEF7D,0xEF7D,0xEF7D,0xEF7D,0xEF7D,
0xEF7D,0xEF7D,0xEF7D,0xEF9D,0xEF9D,0xEF9D,0xEF9D,0xEF9D,0xEF9D,0xEF9D,0xEF9D,0xEF9D,0xEF7D,0xEF7D,0xEF7D,0xEF7D,
0xEF7D,0xEF7D,0xEF7D,0xEF9D,0xEF7D,0xEF7D,0xEF9D,0xEF9D,0xEF9D,0xEF9D,0xEF9D,0xEF9D,0xF79D,0xF79D,0xEF9D,0xEF9D,
0xEF9D,0xEF7D,0xEF7D,0xEF7D,0xEF9D,0xEF7D,0xEF7D,0xEF7D,0xEF9D,0xEF9D,0xEF9D,0xEF9D,0xEF9D,0xEF9D,0xEF9D,0xEF9D,
0xEF9D,0xEF7D,0xEF7D,0xEF9D,0xEF7D,0xEF7D,0xEF7D,0xEF9D,0xEF9D,0xEF7D,0xEF9D,0xEF9D,0xEF9D,0xEF9D,0xEF9D,0xEF9D,
0xF79D,0xEF9D,0xEF9D,0xEF9D,0xEF9D,0xEF7D,0xEF7D,0xEF9D,0xEF7D,0xEF7D,0xEF7D,0xEF9D,0xEF7D,0xEF9D,0xEF9D,0xEF9D,
0xEF9D,0xEF9D,0xEF9D,0xEF9D,0xEF9D,0xEF9D,0xF79D,0xEF9D,0xEF7D,0xEF7D,0xEF7D,0xEF9D,0xEF7D,0xEF7D,0xEF9D,0xEF7D,
0xEF7D,0xEF9D,0xEF9D,0xEF9D,0xF79D,0xEF9D,0xF79D,0xF79D,0xEF9D,0xEF9D,0xEF9D,0xEF9D,0xEF7D,0xEF9D,0xEF9D,0xEF7D,
0xEF7D,0xEF7D,0xEF7D,0xEF9D,0xEF9D,0xEF9D,0xEF9D,0xEF9D,0xEF9D,0xEF9D,0xF79D,0xF79D,0xEF9D,0xEF9D,0xF79D,0xEF9D,
0xEF7D,0xEF7D,0xEF7D,0xEF7D,0xEF7D,0xEF7D,0xEF7D,0xF79E,0xF79E,0xF79E,0xF79E,0xF79E,0xEF9D,0xF79D,0xEF9D,0xEF9D,
0xF79D,0xF79D,0xEF9D,0xF79D,0xEF9D,0xEF9D,0xEF9D,0xEF9D,0xEF7D,0xEF7D,0xF79D,0xEF9D,0xEF9D,0xEF9D,0xEF9D,0xEF9D,
0xF79D,0xF79D,0xF79D,0xEF9D,0xEF9D,0xEF9D,0xEF9D,0xEF9D,0xEF9D,0xEF7D,0xEF7D,0xEF7D,0xEF7D,0xEF7D,0xEF9D,0xEF9D,
0xEF9D,0xEF9D,0xEF9D,0xEF9D,0xEF9D,0xEF9D,0xEF9D,0xEF9D,0xEF9D,0xF79D,0xEF9D,0xEF9D,0xEF7D,0xEF7D,0xEF7D,0xEF7D,
0xEF7D,0xEF9D,0xEF9D,0xEF9D,0xEF9D,0xEF9D,0xEF9D,0xEF9D,0xEF9D,0xEF9D,0xEF9D,0xEF9D,0xEF7D,0xEF7D,0xEF7D,0xEF9D,
0xEF9D,0xEF9D,0xEF9D,0xEF9D,0xEF9D,0xEF9D,0xEF9D,0xEF9D,0xEF9D,0xEF9D,0xEF7D,0xEF9D,0xEF7D,0xEF7D,0xEF7D,0xEF9D,
0xEF7D,0xEF7D,0xEF7D,0xEF7D,0xEF7D,0xEF9D,0xEF9D,0xEF9D,0xEF9D,0xEF7D,0xEF7D,0xEF9D,0xEF9D,0xEF9D,0xEF9D,0xEF7D,
0xEF7D,0xEF7D,0xEF7D,0xEF7D,0xEF7D,0xEF7D,0xEF7D,0xEF7D,0xEF7D,0xEF9D,0xEF9D,0xEF9D,0xEF9D,0xEF9D,0xEF9D,0xEF9D,
0xEF9D,0xEF9D,0xEF9D,0xEF7D,0xEF7D,0xEF7D,0xEF7D,0xEF7D,0xEF7D,0xEF7D,0xEF9D,0xEF7D,0xEF9D,0xEF9D,0xEF9D,0xEF9D,
0xEF9D,0xEF9D,0xEF9D,0xEF9D,0xEF9D,0xEF7D,0xEF7D,0xEF9D,0xEF7D,0xEF7D,0xEF7D,0xEF7D,0xEF7D,0xEF9D,0xEF9D,0xEF9D,
0xF79D,0xEF9D,0xEF9D,0xEF9D,0xEF9D,0xEF9D,0xEF9D,0xEF9D,0xEF9D,0xEF9D,0xEF9D,0xEF9D,0xEF9D,0xEF7D,0xEF9D,0xEF9D,
0xEF7D,0xEF7D,0xEF9D,0xEF9D,0xEF9D,0xEF9D,0xEF9D,0xEF9D,0xEF9D,0xEF9D,0xEF9D,0xEF9D,0xEF7D,0xEF7D,0xEF7D,0xEF7D,
0xEF7D,0xEF7D,0xEF7D,0xEF9D,0xEF7D,0xEF9D,0xEF9D,0xEF9D,0xEF9D,0xEF9D,0xEF9D,0xEF9D,0xEF7D,0xEF9D,0xEF9D,0xEF9D,
0xEF7D,0xEF9D,0xEF9D,0xEF7D,0xEF9D,0xF79D,0xF79D,0xF79D,0xEF9D,0xEF9D,0xEF9D,0xEF9D,0xEF9D,0xEF9D,0xEF9D,0xEF9D,
0xEF9D,0xEF7D,0xEF7D,0xEF7D,0xEF7D,0xEF7D,0xEF7D,0xEF7D,0xEF7D,0xEF9D,0xEF9D,0xEF9D,0xEF9D,0xEF9D,0xEF9D,0xEF9D,
0xF79D,0xEF9D,0xEF9D,0xF79D,0xEF9D,0xEF9D,0xEF7D,0xEF7D,0xEF9D,0xEF9D,0xEF7D,0xEF7D,0xEF9D,0xEF7D,0xEF7D,0xEF9D,
0xEF9D,0xEF9D,0xEF9D,0xEF9D,0xEF9D,0xEF9D,0xF79D,0xEF9D,0xEF9D,0xF79D,0xEF9D,0xEF9D,0xEF7D,0xEF9D,0xEF9D,0xEF9D,
0xEF7D,0xEF7D,0xF79E,0xF79E,0xF79E,0xF79E,0xF79E,0xEF9D,0xEF9D,0xF79D,0xEF9D,0xEF9D,0xEF9D,0xF79D,0xEF9D,0xEF7D,
0xEF7D,0xEF9D,0xEF7D,0xEF7D,0xEF9D,0xF79D,0xEF9D,0xEF9D,0xEF9D,0xEF7D,0xEF9D,0xF79D,0xEF9D,0xEF9D,0xEF9D,0xF79D,
0xEF9D,0xEF9D,0xEF9D,0xEF7D,0xEF9D,0xEF9D,0xEF9D,0xEF9D,0xEF9D,0xEF9D,0xEF9D,0xEF9D,0xEF9D,0xEF9D,0xEF9D,0xEF9D,
0xEF9D,0xEF9D,0xEF9D,0xEF9D,0xEF9D,0xEF7D,0xEF9D,0xEF7D,0xEF7D,0xEF9D,0xEF9D,0xEF7D,0xEF7D,0xEF7D,0xEF7D,0xEF9D,
0xEF9D,0xEF9D,0xEF9D,0xEF9D,0xEF9D,0xEF9D,0xEF9D,0xEF9D,0xEF9D,0xEF9D,0xEF9D,0xEF7D,0xEF7D,0xEF9D,0xEF7D,0xEF9D,
0xEF9D,0xEF9D,0xEF9D,0xEF9D,0xEF9D,0xEF7D,0xEF9D,0xEF7D,0xEF7D,0xEF7D,0xEF7D,0xEF7D,0xEF7D,0xEF7D,0xEF7D,0xEF7D,
0xEF7D,0xEF7D,0xEF7D,0xEF7D,0xEF7D,0xEF9D,0xEF9D,0xEF9D,0xEF9D,0xEF7D,0xEF7D,0xEF7D,0xEF7D,0xEF7D,0xEF9D,0xEF7D,
0xEF7D,0xEF7D,0xEF7D,0xEF7D,0xEF7D,0xEF7D,0xEF9D,0xEF9D,0xEF9D,0xEF9D,0xEF9D,0xEF9D,0xEF9D,0xEF9D,0xEF9D,0xEF7D,
0xEF7D,0xEF7D,0xEF7D,0xEF7D,0xEF7D,0xEF9D,0xEF9D,0xEF7D,0xEF7D,0xEF9D,0xEF9D,0xEF9D,0xEF9D,0xEF9D,0xEF9D,0xEF7D,
0xEF7D,0xEF9D,0xEF9D,0xEF9D,0xEF7D,0xEF7D,0xEF7D,0xEF7D,0xEF9D,0xEF9D,0xEF9D,0xF79D,0xEF9D,0xEF9D,0xEF9D,0xEF9D,
0xEF9D,0xEF9D,0xEF7D,0xEF9D,0xEF9D,0xEF9D,0xEF7D,0xEF7D,0xEF7D,0xEF9D,0xEF9D,0xEF9D,0xEF7D,0xEF7D,0xEF9D,0xEF7D,
0xEF9D,0xEF9D,0xEF9D,0xEF9D,0xEF9D,0xEF9D,0xEF9D,0xEF9D,0xEF9D,0xEF9D,0xEF9D,0xEF7D,0xEF7D,0xEF7D,0xEF9D,0xEF7D,
0xEF9D,0xEF7D,0xEF7D,0xEF9D,0xEF9D,0xEF9D,0xEF9D,0xEF7D,0xEF7D,0xEF9D,0xEF7D,0xEF9D,0xEF9D,0xEF9D,0xEF7D,0xEF7D,
0xEF7D,0xEF9D,0xEF9D,0xEF9D,0xEF9D,0xEF9D,0xEF9D,0xEF9D,0xEF7D,0xEF7D,0xEF7D,0xEF7D,0xEF7D,0xEF7D,0xEF7D,0xEF7D,
0xEF7D,0xEF7D,0xEF9D,0xEF7D,0xEF9D,0xEF9D,0xEF9D,0xEF9D,0xEF9D,0xEF9D,0xEF9D,0xF79D,0xEF7D,0xEF7D,0xEF7D,0xEF9D,
0xEF9D,0xEF9D,0xEF7D,0xEF9D,0xEF7D,0xEF7D,0xEF7D,0xEF9D,0xEF9D,0xEF9D,0xEF9D,0xEF9D,0xEF7D,0xEF7D,0xEF9D,0xF79D,
0xF79D,0xF79D,0xEF7D,0xEF7D,0xF79D,0xF79D,0xEF7D,0xEF7D,0xEF9D,0xEF7D,0xEF7D,0xEF7C,0xEF7D,0xF79E,0xF79E,0xF79E,
0xF79E,0xF79E,0xEF7D,0xEF7D,0xEF7D,0xEF7D,0xEF7D,0xEF7D,0xF79D,0xF79D,0xEF9D,0xEF9D,0xEF7D,0xEF7D,0xEF7D,0xEF9D,
0xEF9D,0xEF9D,0xEF9D,0xF79D,0xEF9D,0xF79D,0xEF9D,0xEF9D,0xEF9D,0xEF9D,0xF79D,0xEF9D,0xF79D,0xF79D,0xF79D,0xEF9D,
0xEF7D,0xEF9D,0xEF9D,0xF79D,0xEF9D,0xEF7D,0xEF9D,0xEF9D,0xEF9D,0xEF9D,0xEF9D,0xEF9D,0xEF9D,0xF79D,0xF79D,0xEF9D,
0xEF7D,0xEF7D,0xEF7D,0xEF7D,0xEF9D,0xEF7D,0xEF7D,0xEF7D,0xEF7D,0xEF9D,0xEF9D,0xEF9D,0xEF9D,0xEF9D,0xEF7D,0xEF7D,
0xEF9D,0xF79D,0xEF7D,0xEF7D,0xEF7D,0xEF7D,0xEF9D,0xEF7D,0xEF9D,0xEF9D,0xEF9D,0xEF9D,0xEF9D,0xEF9D,0xEF9D,0xEF9D,
0xF79D,0xEF9D,0xEF9D,0xEF7D,0xEF7D,0xEF7D,0xEF7D,0xEF7D,0xEF7D,0xEF7D,0xEF7D,0xEF7D,0xEF9D,0xEF9D,0xEF9D,0xEF9D,
0xEF9D,0xEF9D,0xEF9D,0xEF9D,0xEF9D,0xEF9D,0xEF7D,0xEF7D,0xEF9D,0xEF9D,0xEF9D,0xEF9D,0xEF9D,0xEF9D,0xEF7D,0xEF7D,
0xEF7D,0xEF9D,0xEF9D,0xEF7D,0xEF7D,0xEF9D,0xEF9D,0xEF7D,0xEF9D,0xEF9D,0xEF9D,0xEF7D,0xEF7D,0xEF7D,0xEF7D,0xEF7D,
0xEF7D,0xEF7D,0xEF9D,0xEF9D,0xEF9D,0xEF9D,0xEF9D,0xEF9D,0xEF9D,0xEF9D,0xEF9D,0xEF9D,0xF79D,0xEF9D,0xEF7D,0xEF7D,
0xEF7D,0xEF7D,0xEF7D,0xEF9D,0xEF7D,0xEF9D,0xEF9D,0xEF7D,0xEF9D,0xEF9D,0xEF9D,0xEF9D,0xEF7D,0xEF9D,0xEF9D,0xEF9D,
0xEF9D,0xEF7D,0xEF7D,0xEF7D,0xEF9D,0xEF7D,0xEF7D,0xEF9D,0xEF9D,0xEF9D,0xEF9D,0xF79D,0xF79D,0xEF9D,0xEF9D,0xEF9D,
0xEF9D,0xEF7D,0xEF9D,0xEF9D,0xEF9D,0xEF7D,0xEF9D,0xF79D,0xEF7D,0xEF7D,0xEF7D,0xEF7D,0xEF9D,0xEF9D,0xEF9D,0xEF9D,
0xEF9D,0xEF9D,0xEF9D,0xEF9D,0xEF7D,0xEF9D,0xEF9D,0xEF7D,0xEF7D,0xEF9D,0xEF7D,0xEF7D,0xEF7D,0xEF9D,0xEF9D,0xEF7D,
0xEF7D,0xEF9D,0xEF9D,0xF79D,0xF79D,0xEF7D,0xEF7D,0xEF9D,0xEF7D,0xEF7D,0xEF7D,0xEF9D,0xEF7D,0xEF7D,0xEF9D,0xEF7D,
0xEF7D,0xEF9D,0xEF9D,0xEF9D,0xEF9D,0xEF9D,0xEF7D,0xEF7D,0xEF9D,0xEF7D,0xEF9D,0xEF9D,0xEF9D,0xEF9D,0xEF7D,0xEF9D,
0xEF9D,0xEF7D,0xEF9D,0xEF9D,0xEF9D,0xEF9D,0xEF9D,0xEF9D,0xEF9D,0xEF9D,0xEF9D,0xEF9D,0xEF9D,0xEF7D,0xEF7D,0xEF9D,
0xEF7D,0xEF7D,0xEF9D,0xEF9D,0xEF9D,0xEF9D,0xEF7D,0xEF7D,0xF79E,0xF79E,0xF79E,0xF79E,0xF79E,0xEF7D,0xEF9D,0xEF9D,
0xEF9D,0xEF9D,0xEF9D,0xEF9D,0xF79D,0xEF9D,0xEF9D,0xEF7D,0xEF7D,0xEF7D,0xEF9D,0xF79D,0xEF9D,0xF79D,0xEF9D,0xEF9D,
0xF79D,0xF79D,0xF79D,0xEF9D,0xEF9D,0xF79D,0xF79D,0xF79D,0xEF9D,0xF79D,0xEF9D,0xEF7D,0xEF9D,0xEF9D,0xF79D,0xF79D,
0xEF9D,0xF79D,0xEF9D,0xEF9D,0xEF9D,0xEF9D,0xEF9D,0xEF9D,0xEF9D,0xF79D,0xF79D,0xF79D,0xEF9D,0xEF7D,0xEF7D,0xEF7D,
0xEF7D,0xEF9D,0xF79D,0xEF9D,0xEF9D,0xEF9D,0xEF9D,0xEF9D,0xEF9D,0xEF9D,0xEF9D,0xEF9D,0xEF7D,0xEF7D,0xEF7D,0xEF7D,
0xEF7D,0xEF9D,0xEF7D,0xEF9D,0xEF7D,0xEF9D,0xF79D,0xF79D,0xEF9D,0xF79D,0xF79D,0xEF9D,0xEF9D,0xEF9D,0xEF7D,0xEF7D,
0xEF9D,0xEF7D,0xEF7D,0xEF7D,0xEF9D,0xEF9D,0xEF7D,0xEF9D,0xEF9D,0xEF9D,0xEF9D,0xEF9D,0xEF9D,0xEF9D,0xEF9D,0xEF9D,
0xEF7D,0xEF9D,0xEF9D,0xEF9D,0xEF7D,0xEF7D,0xEF7D,0xEF7D,0xEF7D,0xEF7D,0xEF7D,0xEF9D,0xEF9D,0xEF9D,0xF79D,0xEF7D,
0xEF9D,0xEF9D,0xEF9D,0xEF7D,0xEF7D,0xEF9D,0xEF7D,0xEF7D,0xEF7D,0xEF7D,0xEF9D,0xEF7D,0xEF7D,0xEF9D,0xEF9D,0xEF9D,
0xEF9D,0xEF9D,0xEF9D,0xEF9D,0xEF9D,0xEF9D,0xEF9D,0xEF9D,0xEF7D,0xEF7D,0xEF7D,0xEF7D,0xEF9D,0xEF7D,0xEF7D,0xEF9D,
0xEF9D,0xEF9D,0xEF9D,0xEF9D,0xEF9D,0xEF9D,0xEF9D,0xEF9D,0xEF9D,0xEF7D,0xEF7D,0xEF9D,0xF79D,0xF79D,0xEF9D,0xEF7D,
0xEF9D,0xEF9D,0xF79D,0xF79D,0xF79D,0xF79D,0xF79D,0xF79D,0xEF9D,0xEF9D,0xF79D,0xEF9D,0xEF7D,0xEF9D,0xEF9D,0xEF9D,
0xEF7D,0xEF7D,0xEF9D,0xEF7D,0xEF9D,0xEF9D,0xEF9D,0xEF9D,0xEF9D,0xEF9D,0xEF9D,0xEF9D,0xEF9D,0xEF9D,0xEF9D,0xEF7D,
0xEF9D,0xEF9D,0xEF9D,0xEF7D,0xEF9D,0xEF9D,0xEF7D,0xEF9D,0xEF9D,0xEF9D,0xEF9D,0xEF9D,0xF79D,0xEF9D,0xEF9D,0xF79D,
0xEF7D,0xEF7D,0xEF7D,0xEF9D,0xEF9D,0xEF9D,0xEF9D,0xEF7D,0xEF7D,0xEF7D,0xEF9D,0xEF9D,0xF79D,0xF79D,0xF79D,0xF79D,
0xEF9D,0xEF9D,0xEF9D,0xEF9D,0xEF7D,0xEF9D,0xEF9D,0xEF9D,0xEF9D,0xEF9D,0xEF9D,0xEF9D,0xEF7D,0xEF9D,0xF79D,0xEF9D,
0xEF9D,0xEF9D,0xEF9D,0xEF9D,0xEF9D,0xEF9D,0xEF9D,0xEF9D,0xEF9D,0xEF9D,0xF79D,0xEF9D,0xEF7D,0xEF7D,0xEF7D,0xEF7D,
0xEF9D,0xEF7D,0xEF7D,0xF79E,0xF79E,0xF79E,0xF79E,0xF79E,0xEF7D,0xEF9D,0xEF9D,0xEF9D,0xEF9D,0xEF9D,0xEF9D,0xF79D,
0xF79D,0xEF9D,0xEF9D,0xEF9D,0xEF9D,0xEF9D,0xEF9D,0xEF9D,0xF79D,0xF79D,0xF79D,0xEF9D,0xEF9D,0xEF9D,0xEF9D,0xEF9D,
0xEF9D,0xEF9D,0xF79D,0xEF7D,0xEF9D,0xF79D,0xEF9D,0xEF7D,0xF79D,0xEF9D,0xEF9D,0xF79D,0xEF9D,0xEF9D,0xEF9D,0xEF9D,
0xEF7D,0xEF9D,0xEF7D,0xEF7D,0xEF9D,0xF79D,0xF79D,0xEF9D,0xEF7D,0xEF7D,0xEF7D,0xEF7D,0xEF9D,0xF79D,0xF79D,0xEF9D,
0xEF9D,0xEF9D,0xEF9D,0xEF9D,0xEF7D,0xF79D,0xF79D,0xEF9D,0xEF7D,0xEF7D,0xEF7D,0xEF7D,0xEF7D,0xEF7D,0xEF7D,0xEF7D,
0xEF9D,0xF79D,0xEF7D,0xEF9D,0xEF9D,0xEF9D,0xEF7D,0xEF7D,0xEF7D,0xEF7D,0xEF7D,0xEF7D,0xEF7D,0xEF7D,0xEF7D,0xEF9D,
0xF79D,0xF79D,0xEF9D,0xEF9D,0xEF9D,0xEF7D,0xEF7D,0xEF9D,0xEF9D,0xEF7D,0xEF7D,0xEF7D,0xEF7D,0xEF7D,0xEF7D,0xEF7D,
0xEF7D,0xEF7D,0xEF7D,0xEF7D,0xEF7D,0xEF7D,0xEF7D,0xEF9D,0xEF9D,0xEF7D,0xEF9D,0xEF9D,0xEF9D,0xEF9D,0xEF7D,0xEF7D,
0xEF7D,0xEF7D,0xEF7D,0xEF7D,0xEF7D,0xEF7D,0xEF9D,0xEF9D,0xEF9D,0xEF9D,0xEF9D,0xEF9D,0xF79D,0xEF7D,0xEF7D,0xEF7D,
0xEF7D,0xEF7D,0xEF7D,0xEF7D,0xEF7D,0xEF9D,0xEF9D,0xEF7D,0xEF9D,0xEF9D,0xEF9D,0xEF7D,0xEF9D,0xF79D,0xF79D,0xF79D,
0xEF7D,0xEF9D,0xEF7D,0xEF7D,0xEF7D,0xEF7D,0xEF7D,0xEF9D,0xEF9D,0xEF9D,0xEF7D,0xEF7D,0xF79D,0xEF9D,0xEF9D,0xEF9D,
0xEF9D,0xEF9D,0xEF9D,0xEF9D,0xF79D,0xEF9D,0xEF7D,0xEF9D,0xEF7D,0xEF9D,0xEF9D,0xEF7D,0xEF7D,0xEF9D,0xEF7D,0xEF7D,
0xEF9D,0xEF9D,0xEF9D,0xEF9D,0xEF9D,0xEF7D,0xEF7D,0xEF7D,0xEF9D,0xEF9D,0xEF7D,0xEF9D,0xEF9D,0xEF9D,0xEF7D,0xEF7D,
0xEF9D,0xEF9D,0xEF9D,0xEF9D,0xEF9D,0xEF9D,0xEF9D,0xEF9D,0xEF9D,0xEF9D,0xEF9D,0xEF9D,0xEF9D,0xEF7D,0xEF7D,0xEF7D,
0xEF7D,0xEF7D,0xEF7D,0xEF7D,0xEF7D,0xF79D,0xEF9D,0xEF9D,0xEF9D,0xEF9D,0xEF9D,0xEF9D,0xEF9D,0xEF9D,0xEF9D,0xEF9D,
0xEF9D,0xEF7D,0xF77D,0xEF7D,0xEF7D,0xF79D,0xEF9D,0xEF7D,0xEF9D,0xEF7D,0xEF7D,0xEF9D,0xEF9D,0xEF7D,0xEF7D,0xEF7D,
0xEF7D,0xEF9D,0xEF7D,0xEF7D,0xEF9D,0xEF9D,0xEF7D,0xEF7D,0xEF7D,0xEF7D,0xEF9D,0xEF9D,0xEF9D,0xEF7D,0xF79E,0xF79E,
0xF79E,0xF79E,0xF79E,0xEF7D,0xEF9D,0xEF7D,0xEF9D,0xEF9D,0xEF9D,0xF79D,0xF79D,0xEF9D,0xEF9D,0xEF9D,0xEF9D,0xEF7D,
0xEF9D,0xF79D,0xEF9D,0xEF9D,0xEF9D,0xEF7D,0xEF7D,0xEF9D,0xEF9D,0xEF7D,0xEF9D,0xF79D,0xF79D,0xEF9D,0xEF9D,0xF79D,
0xF79D,0xEF9D,0xEF7D,0xF79D,0xEF9D,0xEF9D,0xEF9D,0xEF9D,0xEF9D,0xEF9D,0xEF9D,0xEF9D,0xEF7D,0xEF9D,0xEF9D,0xF79D,
0xF79D,0xEF7D,0xEF7D,0xEF9D,0xEF9D,0xEF9D,0xEF9D,0xEF9D,0xEF9D,0xEF9D,0xEF7D,0xEF9D,0xEF9D,0xEF7D,0xEF7D,0xEF7D,
0xEF7D,0xEF7D,0xEF9D,0xEF9D,0xEF9D,0xEF7D,0xEF7D,0xEF7D,0xEF9D,0xEF9D,0xEF9D,0xEF9D,0xEF7D,0xEF7D,0xEF7D,0xEF7D,
0xEF7D,0xEF7D,0xEF9D,0xEF9D,0xEF7D,0xEF9D,0xEF9D,0xEF9D,0xEF9D,0xEF7D,0xEF9D,0xEF9D,0xEF9D,0xEF9D,0xEF9D,0xEF9D,
0xEF7D,0xEF7D,0xEF9D,0xEF9D,0xEF7D,0xEF7D,0xEF7D,0xEF7D,0xEF7D,0xEF7D,0xEF7D,0xEF7D,0xEF7D,0xEF7D,0xEF7D,0xEF9D,
0xEF7D,0xEF7D,0xEF9D,0xEF7D,0xEF7D,0xEF7D,0xEF7D,0xEF7D,0xEF7D,0xEF9D,0xEF7D,0xEF7D,0xEF7D,0xEF7D,0xEF7D,0xEF7D,
0xEF7D,0xEF7D,0xEF9D,0xEF9D,0xEF9D,0xEF9D,0xEF7D,0xEF9D,0xEF9D,0xEF7D,0xEF7D,0xEF7D,0xEF7D,0xEF7D,0xEF7D,0xEF7D,
0xEF7D,0xEF9D,0xEF9D,0xEF7D,0xEF7D,0xEF7D,0xEF7D,0xEF9D,0xEF9D,0xEF9D,0xEF9D,0xF79D,0xEF9D,0xEF9D,0xEF7D,0xEF9D,
0xEF9D,0xEF7D,0xEF9D,0xEF9D,0xEF7D,0xEF9D,0xEF9D,0xEF7D,0xEF9D,0xEF7D,0xEF7D,0xEF9D,0xEF7D,0xEF7D,0xEF9D,0xEF9D,
0xEF9D,0xEF7D,0xEF7D,0xEF7D,0xEF7D,0xEF7D,0xEF7D,0xEF9D,0xEF9D,0xEF7D,0xEF7D,0xEF9D,0xEF9D,0xEF9D,0xEF9D,0xEF9D,
0xEF7D,0xEF7D,0xEF7D,0xEF9D,0xEF9D,0xEF9D,0xEF9D,0xEF9D,0xEF9D,0xEF7D,0xF77D,0xF77D,0xEF7D,0xEF9D,0xEF9D,0xEF9D,
0xEF9D,0xEF7D,0xEF7D,0xEF9D,0xEF9D,0xEF9D,0xEF9D,0xEF7D,0xEF7D,0xEF7D,0xEF7D,0xEF7D,0xEF9D,0xEF7D,0xEF7D,0xEF7D,
0xEF7D,0xEF9D,0xEF9D,0xEF9D,0xEF7D,0xEF7D,0xEF9D,0xEF7D,0xEF7D,0xEF9D,0xEF9D,0xEF9D,0xEF7D,0xEF7D,0xEF7D,0xEF7D,
0xEF7D,0xEF9D,0xEF7D,0xEF7D,0xEF7D,0xEF7D,0xEF7D,0xEF7D,0xEF7D,0xEF9D,0xEF7D,0xEF7D,0xEF9D,0xEF9D,0xEF7D,0xEF9D,
0xEF7D,0xEF7D,0xEF7D,0xEF7D,0xEF9D,0xEF7D,0xEF7D,0xEF7D,0xEF7D,0xF79E,0xF79E,0xF79E,0xF79E,0xF79E,0xEF9D,0xEF9D,
0xEF7D,0xEF7D,0xEF9D,0xEF9D,0xF79D,0xF79D,0xEF9D,0xF79D,0xEF9D,0xEF9D,0xEF9D,0xF79D,0xF79D,0xEF9D,0xEF7D,0xEF7D,
0xEF7D,0xEF9D,0xF79D,0xF79D,0xEF9D,0xEF9D,0xF79D,0xEF9D,0xEF9D,0xEF9D,0xEF9D,0xF79D,0xEF9D,0xEF9D,0xEF9D,0xEF9D,
0xEF9D,0xEF9D,0xEF9D,0xEF9D,0xEF9D,0xEF9D,0xEF9D,0xEF9D,0xEF9D,0xEF9D,0xEF7D,0xEF9D,0xEF9D,0xF79D,0xF79D,0xF79D,
0xF79D,0xEF9D,0xEF9D,0xEF9D,0xEF9D,0xEF9D,0xEF7D,0xEF9D,0xEF7D,0xEF9D,0xEF9D,0xEF7D,0xEF7D,0xEF9D,0xEF9D,0xEF9D,
0xEF9D,0xEF9D,0xEF9D,0xF79D,0xF79D,0xEF9D,0xEF9D,0xEF7D,0xEF7D,0xEF7D,0xEF7D,0xEF9D,0xEF9D,0xEF9D,0xEF9D,0xEF9D,
0xEF7D,0xEF7D,0xEF9D,0xEF9D,0xEF7D,0xEF9D,0xEF9D,0xEF7D,0xEF7D,0xEF9D,0xEF7D,0xEF9D,0xEF7D,0xEF7D,0xEF9D,0xEF9D,
0xEF7D,0xEF7D,0xEF7D,0xEF7D,0xEF7D,0xEF9D,0xEF7D,0xEF7D,0xEF7D,0xEF9D,0xEF9D,0xEF9D,0xEF7D,0xEF9D,0xEF9D,0xEF7D,
0xEF7D,0xEF7D,0xEF7D,0xEF9D,0xEF7D,0xEF7D,0xEF9D,0xEF9D,0xEF7D,0xEF7D,0xEF7D,0xEF9D,0xEF7D,0xEF7D,0xEF9D,0xEF7D,
0xEF7D,0xEF7D,0xEF9D,0xEF9D,0xEF9D,0xEF7D,0xEF7D,0xEF7D,0xEF9D,0xEF7D,0xEF9D,0xEF7D,0xEF7D,0xEF9D,0xEF9D,0xEF7D,
0xEF9D,0xEF7D,0xEF9D,0xEF7D,0xEF7D,0xEF9D,0xEF9D,0xEF9D,0xEF9D,0xEF9D,0xEF9D,0xEF7D,0xEF7D,0xEF9D,0xEF9D,0xEF9D,
0xEF9D,0xEF7D,0xEF7D,0xEF9D,0xEF7D,0xEF7D,0xEF7D,0xEF7D,0xEF7D,0xEF7D,0xEF7D,0xEF9D,0xEF9D,0xEF7D,0xEF7D,0xEF9D,
0xEF9D,0xEF7D,0xEF7D,0xEF7D,0xEF9D,0xF79D,0xEF9D,0xEF9D,0xEF9D,0xEF9D,0xEF7D,0xEF7D,0xEF7D,0xEF7D,0xEF9D,0xEF9D,
0xEF9D,0xEF7D,0xEF7D,0xEF9D,0xEF7D,0xEF7D,0xEF7D,0xEF7D,0xEF7D,0xEF9D,0xEF9D,0xEF7D,0xEF7D,0xEF7D,0xEF7D,0xEF9D,
0xEF9D,0xEF7D,0xEF7D,0xEF9D,0xEF9D,0xEF7D,0xEF7D,0xEF9D,0xEF7D,0xEF7D,0xEF7D,0xEF9D,0xEF9D,0xEF7D,0xEF7D,0xEF7D,
0xEF9D,0xEF9D,0xEF7D,0xEF7D,0xEF9D,0xEF7D,0xEF7D,0xEF7D,0xEF9D,0xF79D,0xF79D,0xEF7D,0xEF7D,0xEF7D,0xEF7D,0xEF7D,
0xEF7D,0xEF7D,0xEF7D,0xEF7D,0xEF7D,0xEF7D,0xEF9D,0xEF9D,0xEF9D,0xEF9D,0xEF7D,0xEF9D,0xEF9D,0xEF9D,0xEF7D,0xEF9D,
0xEF7D,0xEF7D,0xEF7D,0xEF7D,0xF79E,0xF79E,0xF79E,0xF79E,0xF79E,0xEF7D,0xEF9D,0xF79D,0xEF9D,0xEF9D,0xEF9D,0xF79D,
0xF79D,0xF79D,0xF79D,0xF79D,0xEF9D,0xF79D,0xF79D,0xF79D,0xEF9D,0xEF9D,0xEF9D,0xEF9D,0xEF9D,0xF79D,0xF79D,0xEF7D,
0xEF9D,0xEF9D,0xEF9D,0xEF7D,0xEF7D,0xEF9D,0xF79D,0xF79D,0xF79D,0xF79D,0xEF9D,0xF79D,0xF79D,0xF79D,0xF79D,0xF79D,
0xEF9D,0xF79D,0xEF9D,0xEF7D,0xEF9D,0xEF7D,0xEF7D,0xEF9D,0xF79D,0xEF9D,0xF79D,0xF79D,0xF79D,0xEF9D,0xEF9D,0xF79D,
0xF79D,0xF79D,0xEF9D,0xEF9D,0xF79D,0xEF9D,0xEF9D,0xEF9D,0xEF9D,0xEF7D,0xEF7D,0xEF9D,0xEF9D,0xEF7D,0xF79D,0xF79D,
0xF79D,0xF79D,0xF79D,0xF79D,0xF79D,0xF79D,0xEF9D,0xEF9D,0xEF9D,0xEF9D,0xF79D,0xEF7D,0xEF7D,0xEF7D,0xEF9D,0xEF7D,
0xEF7D,0xEF9D,0xEF7D,0xEF9D,0xEF9D,0xEF9D,0xF79D,0xF79D,0xEF9D,0xEF9D,0xEF7D,0xEF7D,0xEF9D,0xEF7D,0xEF7D,0xEF9D,
0xEF7D,0xEF7D,0xEF7D,0xEF7D,0xEF9D,0xF79D,0xEF9D,0xEF9D,0xEF9D,0xEF9D,0xEF9D,0xEF9D,0xEF9D,0xEF7D,0xEF7D,0xEF7D,
0xEF7D,0xEF7D,0xEF7D,0xEF7D,0xEF7D,0xEF9D,0xEF9D,0xF79D,0xF79D,0xF79D,0xEF9D,0xEF9D,0xF79D,0xF79D,0xEF9D,0xEF9D,
0xF79D,0xEF9D,0xEF9D,0xEF7D,0xEF7D,0xEF9D,0xEF9D,0xEF7D,0xEF9D,0xEF9D,0xEF7D,0xEF9D,0xEF9D,0xEF9D,0xEF9D,0xEF9D,
0xF79D,0xEF9D,0xEF9D,0xEF7D,0xEF7D,0xEF7D,0xEF7D,0xEF7D,0xEF7D,0xEF7D,0xEF9D,0xEF9D,0xEF9D,0xF79D,0xF79D,0xEF7D,
0xEF9D,0xEF9D,0xF79D,0xF79D,0xEF9D,0xEF9D,0xEF9D,0xEF9D,0xEF9D,0xEF9D,0xEF7D,0xEF7D,0xEF7D,0xEF7D,0xEF7D,0xF79D,
0xEF9D,0xF79D,0xEF9D,0xEF9D,0xEF9D,0xF79D,0xEF9D,0xEF9D,0xEF9D,0xEF9D,0xEF9D,0xEF9D,0xEF7D,0xEF7D,0xEF9D,0xEF7D,
0xEF9D,0xEF9D,0xF79D,0xEF9D,0xEF9D,0xF79D,0xF79D,0xF79D,0xF79D,0xEF9D,0xEF9D,0xEF9D,0xEF7D,0xEF7D,0xEF7D,0xEF7D,
0xEF7D,0xEF7D,0xEF9D,0xEF9D,0xEF7D,0xEF9D,0xF79D,0xEF9D,0xEF9D,0xEF9D,0xF79D,0xF79D,0xEF9D,0xEF9D,0xEF9D,0xEF7D,
0xEF7D,0xEF7D,0xEF7D,0xEF9D,0xF79D,0xF77D,0xEF9D,0xEF9D,0xF79D,0xF79D,0xEF9D,0xEF9D,0xF79D,0xEF9D,0xEF7D,0xEF9D,
0xEF9D,0xEF9D,0xEF9D,0xEF9D,0xEF9D,0xEF9D,0xEF7D,0xEF9D,0xEF9D,0xEF7D,0xEF9D,0xEF7D,0xEF7D,0xEF7D,0xEF7D,0xF79E,
0xF79E,0xF79E,0xF79E,0xF79E,0xEF7D,0xEF9D,0xF79D,0xEF9D,0xEF9D,0xEF9D,0xF79D,0xEF9D,0xEF9D,0xEF9D,0xEF9D,0xF79D,
0xF79D,0xF79D,0xF79D,0xEF9D,0xEF9D,0xF79D,0xF79D,0xEF9D,0xF79D,0xF79D,0xEF9D,0xF79D,0xEF9D,0xEF9D,0xEF7D,0xEF7D,
0xF79D,0xF79D,0xF79D,0xF79D,0xF79D,0xF79D,0xF79D,0xEF9D,0xEF7D,0xEF9D,0xEF9D,0xEF9D,0xEF7D,0xEF7D,0xEF9D,0xEF7D,
0xF79D,0xEF7D,0xEF9D,0xF79D,0xEF7D,0xEF9D,0xEF9D,0xEF9D,0xEF9D,0xEF9D,0xEF9D,0xEF9D,0xEF9D,0xEF9D,0xEF7D,0xEF7D,
0xEF7D,0xEF7D,0xEF9D,0xEF7D,0xEF7D,0xEF7D,0xEF7D,0xEF7D,0xEF9D,0xF79D,0xF79D,0xEF9D,0xEF9D,0xF79D,0xF79D,0xF79D,
0xEF9D,0xEF7D,0xEF7D,0xF79D,0xF79D,0xF79D,0xEF7D,0xEF9D,0xEF7D,0xEF7D,0xEF9D,0xEF7D,0xEF9D,0xEF7D,0xEF7D,0xEF7D,
0xEF9D,0xEF9D,0xEF7D,0xEF7D,0xEF7D,0xEF7D,0xEF9D,0xEF9D,0xEF9D,0xEF9D,0xEF7D,0xEF7D,0xEF7D,0xEF9D,0xEF9D,0xEF9D,
0xEF9D,0xEF9D,0xEF7D,0xEF7D,0xEF7D,0xEF7D,0xEF7D,0xEF7D,0xEF7D,0xEF9D,0xEF7D,0xEF7D,0xEF7D,0xEF7D,0xEF7D,0xEF7D,
0xEF9D,0xEF9D,0xF79D,0xF79D,0xF79D,0xEF9D,0xEF9D,0xEF9D,0xEF7D,0xEF7D,0xEF7D,0xEF7D,0xEF7D,0xEF7D,0xEF7D,0xEF7D,
0xEF7D,0xEF7D,0xEF9D,0xEF9D,0xEF9D,0xEF7D,0xEF9D,0xEF7D,0xEF7D,0xEF7D,0xEF9D,0xEF9D,0xEF9D,0xEF7D,0xEF9D,0xEF7D,
0xEF7D,0xEF9D,0xEF9D,0xEF7D,0xEF7D,0xEF9D,0xEF9D,0xEF9D,0xEF9D,0xEF9D,0xEF9D,0xEF9D,0xEF9D,0xEF9D,0xEF9D,0xEF7D,
0xEF7D,0xEF7D,0xEF7D,0xEF9D,0xEF9D,0xEF7D,0xEF9D,0xEF9D,0xEF7D,0xEF9D,0xEF9D,0xEF9D,0xEF9D,0xEF7D,0xEF9D,0xEF7D,
0xEF9D,0xEF9D,0xEF7D,0xEF7D,0xEF9D,0xEF7D,0xEF7D,0xEF7D,0xEF7D,0xEF7D,0xEF7D,0xEF9D,0xEF9D,0xEF9D,0xEF7D,0xEF7D,
0xEF9D,0xEF9D,0xEF9D,0xEF9D,0xEF9D,0xEF9D,0xEF9D,0xEF7D,0xEF7D,0xEF9D,0xEF9D,0xEF9D,0xEF9D,0xEF9D,0xEF9D,0xEF7D,
0xEF9D,0xEF9D,0xEF9D,0xEF9D,0xEF9D,0xEF9D,0xEF9D,0xEF7D,0xEF9D,0xEF7D,0xEF7D,0xEF7D,0xEF9D,0xEF7D,0xEF9D,0xF79D,
0xF77D,0xF79D,0xEF9D,0xF79D,0xEF9D,0xEF9D,0xEF9D,0xEF7D,0xEF7D,0xEF7D,0xEF7D,0xEF9D,0xEF9D,0xEF9D,0xEF9D,0xF79D,
0xF79D,0xEF9D,0xF79D,0xEF9D,0xEF7D,0xEF7D,0xEF7D,0xEF7D,0xEF7D,0xEF7D,0xF79E,0xF79E,0xF79E,0xF79E,0xF79E,0xEF7D,
0xEF9D,0xF79D,0xF79D,0xF79D,0xF79D,0xF79D,0xF79D,0xEF9D,0xEF7D,0xEF7D,0xEF9D,0xEF9D,0xEF9D,0xF79D,0xF79D,0xEF9D,
0xEF9D,0xEF9D,0xF79D,0xEF9D,0xEF9D,0xF79D,0xEF9D,0xEF9D,0xEF9D,0xEF9D,0xF79D,0xF79D,0xF79D,0xEF9D,0xEF9D,0xF79D,
0xEF9D,0xEF9D,0xEF9D,0xEF9D,0xEF9D,0xEF7D,0xEF9D,0xF79D,0xF79D,0xF79D,0xEF7D,0xEF7D,0xEF9D,0xEF9D,0xEF9D,0xEF9D,
0xEF9D,0xEF9D,0xF79D,0xF79D,0xF79D,0xF79D,0xEF9D,0xEF9D,0xF79D,0xEF9D,0xEF9D,0xEF9D,0xEF9D,0xEF7D,0xEF7D,0xEF9D,
0xEF7D,0xEF9D,0xEF9D,0xF79D,0xF79D,0xF79D,0xEF7D,0xEF7D,0xEF9D,0xEF9D,0xF79D,0xF79D,0xEF7D,0xEF7D,0xF79D,0xEF9D,
0xEF7D,0xEF9D,0xEF9D,0xEF7D,0xEF7D,0xEF7D,0xEF9D,0xEF9D,0xEF9D,0xEF9D,0xEF9D,0xF79D,0xF79D,0xEF9D,0xEF9D,0xEF7D,
0xEF7D,0xF77D,0xF77D,0xEF7D,0xEF7D,0xEF9D,0xEF7D,0xEF7D,0xEF7D,0xEF7D,0xEF9D,0xEF9D,0xEF9D,0xEF7D,0xEF7D,0xEF9D,
0xEF9D,0xEF7D,0xEF9D,0xEF9D,0xEF9D,0xEF7D,0xEF7D,0xEF7D,0xEF7D,0xEF7D,0xEF7D,0xEF9D,0xF79D,0xEF9D,0xEF9D,0xF79D,
0xEF9D,0xEF9D,0xEF9D,0xEF9D,0xEF7D,0xEF7D,0xEF9D,0xEF7D,0xEF7D,0xF77D,0xEF9D,0xEF9D,0xEF9D,0xEF7D,0xEF9D,0xF79D,
0xEF9D,0xEF9D,0xEF7D,0xEF7D,0xEF7D,0xEF7D,0xEF7D,0xEF7D,0xEF9D,0xEF7D,0xEF7D,0xEF9D,0xEF9D,0xEF7D,0xEF7D,0xEF9D,
0xEF7D,0xEF7D,0xEF9D,0xEF9D,0xEF7D,0xEF9D,0xF79D,0xEF9D,0xEF9D,0xEF9D,0xEF9D,0xEF9D,0xEF9D,0xEF7D,0xEF7D,0xEF9D,
0xEF7D,0xEF7D,0xEF9D,0xEF7D,0xEF9D,0xEF9D,0xEF9D,0xEF9D,0xEF7D,0xEF9D,0xEF9D,0xEF7D,0xEF9D,0xEF9D,0xEF7D,0xEF7D,
0xEF9D,0xEF7D,0xEF7D,0xEF7D,0xEF7D,0xEF9D,0xEF9D,0xEF7D,0xEF9D,0xEF9D,0xEF9D,0xF79D,0xEF9D,0xEF9D,0xEF9D,0xEF7D,
0xEF9D,0xEF9D,0xEF7D,0xEF7D,0xF79D,0xEF9D,0xEF7D,0xEF7D,0xEF9D,0xEF7D,0xEF7D,0xEF9D,0xEF9D,0xEF9D,0xEF9D,0xF79D,
0xF79D,0xEF9D,0xEF7D,0xEF9D,0xEF9D,0xEF7D,0xEF7D,0xEF7D,0xEF7D,0xEF9D,0xF79D,0xF79D,0xEF7D,0xEF7D,0xEF7D,0xEF7D,
0xEF9D,0xEF7D,0xEF7D,0xEF7D,0xEF7D,0xEF7D,0xEF7D,0xEF9D,0xEF9D,0xEF9D,0xEF9D,0xEF9D,0xEF9D,0xEF9D,0xEF7D,0xEF9D,
0xEF7D,0xEF9D,0xEF9D,0xEF9D,0xEF7D,0xF79E,0xF79E,0xF79E,0xF79E,0xF79E,0xEF7D,0xEF9D,0xF79D,0xF79D,0xEF9D,0xEF7D,
0xF79D,0xF79D,0xF79D,0xF79D,0xF79D,0xEF9D,0xEF9D,0xEF9D,0xF79D,0xEF9D,0xF79D,0xF79D,0xEF7D,0xEF7D,0xEF9D,0xEF9D,
0xEF7D,0xEF9D,0xEF9D,0xEF9D,0xEF9D,0xF79D,0xF79D,0xEF9D,0xEF9D,0xEF9D,0xEF9D,0xEF9D,0xEF9D,0xEF9D,0xEF9D,0xEF9D,
0xEF7D,0xEF7D,0xEF7D,0xEF9D,0xF79D,0xEF7D,0xEF7D,0xEF9D,0xEF9D,0xEF9D,0xEF9D,0xEF9D,0xEF9D,0xEF9D,0xEF9D,0xF79D,
0xF79D,0xEF9D,0xEF9D,0xEF9D,0xEF9D,0xEF9D,0xEF9D,0xEF9D,0xEF9D,0xEF9D,0xEF9D,0xEF9D,0xEF9D,0xEF9D,0xEF9D,0xEF9D,
0xEF9D,0xEF7D,0xEF7D,0xEF9D,0xEF7D,0xEF9D,0xEF9D,0xF79D,0xF79D,0xEF9D,0xF79D,0xEF9D,0xEF9D,0xEF7D,0xEF7D,0xEF9D,
0xEF7D,0xEF7D,0xEF9D,0xEF9D,0xEF7D,0xEF7D,0xEF9D,0xEF7D,0xEF9D,0xEF9D,0xEF7D,0xEF7D,0xEF7D,0xF77D,0xEF7D,0xEF7D,
0xEF7D,0xEF9D,0xEF7D,0xEF7D,0xEF7D,0xEF9D,0xEF7D,0xEF7D,0xEF7D,0xEF7D,0xEF7D,0xEF7D,0xEF7D,0xEF9D,0xEF7D,0xEF7D,
0xEF7D,0xEF9D,0xEF9D,0xEF7D,0xEF9D,0xEF9D,0xEF9D,0xEF9D,0xEF9D,0xEF7D,0xEF9D,0xEF9D,0xEF7D,0xEF9D,0xEF7D,0xEF7D,
0xEF9D,0xEF7D,0xEF7D,0xEF7D,0xEF7D,0xEF7D,0xEF9D,0xEF9D,0xEF9D,0xEF9D,0xEF9D,0xEF9D,0xEF7D,0xEF7D,0xEF9D,0xEF9D,
0xEF7D,0xEF7D,0xEF7D,0xEF9D,0xEF7D,0xEF9D,0xEF9D,0xEF7D,0xEF9D,0xEF9D,0xEF9D,0xEF9D,0xEF7D,0xEF7D,0xEF7D,0xEF7D,
0xEF7D,0xEF9D,0xEF9D,0xEF7D,0xEF9D,0xEF9D,0xEF7D,0xEF9D,0xEF7D,0xEF7D,0xEF9D,0xEF7D,0xEF7D,0xEF9D,0xEF7D,0xEF9D,
0xEF9D,0xEF7D,0xF79D,0xEF7D,0xEF7D,0xEF9D,0xEF9D,0xEF9D,0xEF7D,0xEF7D,0xEF7D,0xEF7D,0xEF9D,0xEF7D,0xEF7D,0xEF9D,
0xEF9D,0xEF9D,0xEF7D,0xF79D,0xEF9D,0xEF9D,0xEF9D,0xEF7D,0xEF9D,0xEF9D,0xEF7D,0xEF7D,0xEF9D,0xEF9D,0xEF7D,0xEF7D,
0xEF9D,0xEF9D,0xEF7D,0xEF9D,0xEF7D,0xEF9D,0xEF9D,0xEF9D,0xEF9D,0xEF9D,0xEF7D,0xF79D,0xEF9D,0xEF7D,0xEF7D,0xEF7D,
0xEF7D,0xEF7D,0xEF7D,0xEF9D,0xEF9D,0xEF9D,0xEF9D,0xEF7D,0xEF9D,0xEF7D,0xEF9D,0xEF9D,0xEF7D,0xEF7D,0xEF9D,0xEF9D,
0xEF7D,0xEF9D,0xEF9D,0xEF9D,0xEF9D,0xEF9D,0xEF7D,0xEF9D,0xEF9D,0xEF7D,0xEF7D,0xEF9D,0xEF9D,0xEF9D,0xEF9D,0xEF7D,
0xF79E,0xF79E,0xF79E,0xF79E,0xF79E,0xEF7D,0xEF9D,0xF79D,0xEF7D,0xEF9D,0xEF9D,0xEF9D,0xEF9D,0xEF9D,0xEF9D,0xEF9D,
0xEF9D,0xEF9D,0xF79D,0xF79D,0xEF9D,0xF79D,0xF79D,0xEF9D,0xF79D,0xF79D,0xEF9D,0xEF9D,0xEF9D,0xEF9D,0xEF9D,0xEF9D,
0xEF9D,0xEF9D,0xEF9D,0xF79D,0xF79D,0xF79D,0xF79D,0xEF9D,0xEF9D,0xEF9D,0xF79D,0xEF9D,0xEF7D,0xEF9D,0xEF7D,0xEF7D,
0xEF9D,0xEF7D,0xEF7D,0xEF7D,0xEF7D,0xEF9D,0xF79D,0xF79D,0xEF9D,0xEF9D,0xF79D,0xEF9D,0xF79D,0xF79D,0xEF9D,0xEF7D,
0xEF7D,0xEF7D,0xF77D,0xEF7D,0xEF7D,0xEF7D,0xEF9D,0xEF7D,0xEF9D,0xEF9D,0xEF9D,0xEF9D,0xEF9D,0xF79D,0xF79D,0xEF7D,
0xEF9D,0xEF7D,0xEF7D,0xEF9D,0xEF9D,0xEF7D,0xEF9D,0xEF7D,0xEF7D,0xEF7D,0xEF7D,0xEF9D,0xEF9D,0xF79D,0xEF9D,0xF79D,
0xF79D,0xEF7D,0xEF7D,0xEF9D,0xEF9D,0xEF7D,0xEF7D,0xEF7D,0xEF7D,0xEF7D,0xEF7D,0xEF7D,0xEF7D,0xEF7D,0xEF9D,0xEF7D,
0xEF7D,0xEF9D,0xEF9D,0xF79D,0xEF9D,0xEF7D,0xEF7D,0xEF7D,0xEF9D,0xEF7D,0xEF7D,0xEF7D,0xEF7D,0xEF7D,0xEF7D,0xEF7D,
0xEF9D,0xEF9D,0xEF7D,0xEF9D,0xEF7D,0xEF9D,0xEF9D,0xEF9D,0xEF9D,0xEF7D,0xEF7D,0xEF7D,0xEF7D,0xEF7D,0xEF7D,0xEF7D,
0xEF7D,0xEF9D,0xEF7D,0xEF9D,0xF79D,0xF79D,0xEF9D,0xEF9D,0xEF7D,0xEF7D,0xEF7D,0xEF7D,0xEF9D,0xEF9D,0xEF7D,0xEF7D,
0xEF9D,0xEF7D,0xF79D,0xEF7D,0xEF9D,0xEF7D,0xEF9D,0xEF9D,0xEF9D,0xEF9D,0xEF7D,0xEF7D,0xEF9D,0xEF9D,0xEF7D,0xEF7D,
0xEF9D,0xEF9D,0xEF7D,0xEF9D,0xEF9D,0xEF7D,0xEF7D,0xEF7D,0xEF7D,0xEF9D,0xEF9D,0xEF9D,0xEF9D,0xF79D,0xEF7D,0xEF7D,
0xEF7D,0xEF7D,0xEF7D,0xEF7D,0xEF9D,0xEF7D,0xEF7D,0xEF7D,0xEF7D,0xEF7D,0xEF9D,0xEF7D,0xEF9D,0xF79D,0xF79D,0xF79D,
0xF79D,0xF79D,0xEF9D,0xEF9D,0xEF7D,0xEF7D,0xEF9D,0xEF9D,0xEF7D,0xEF7D,0xEF7D,0xEF9D,0xEF7D,0xEF7D,0xEF7D,0xEF9D,
0xEF9D,0xEF9D,0xEF9D,0xEF9D,0xEF9D,0xEF9D,0xEF7D,0xEF7D,0xEF7D,0xEF7D,0xEF7D,0xEF7D,0xEF9D,0xEF7D,0xEF9D,0xEF7D,
0xEF9D,0xEF9D,0xEF9D,0xF79D,0xEF9D,0xEF7D,0xEF7D,0xEF7D,0xEF7D,0xEF9D,0xEF7D,0xEF9D,0xEF9D,0xEF7D,0xEF7D,0xEF7D,
0xEF7D,0xEF9D,0xEF9D,0xEF7D,0xEF7D,0xEF7D,0xEF9D,0xEF9D,0xEF7D,0xEF7D,0xEF7D,0xF79E,0xF79E,0xF79E,0xF79E,0xF79E,
0xEF7D,0xEF9D,0xEF9D,0xEF9D,0xF79D,0xEF9D,0xF79D,0xF77D,0xEF7D,0xEF9D,0xEF9D,0xF79D,0xF79D,0xF79D,0xF79D,0xF79D,
0xEF9D,0xEF9D,0xEF7D,0xEF9D,0xEF9D,0xEF7D,0xF79D,0xF79D,0xEF9D,0xEF9D,0xF79D,0xF79D,0xEF9D,0xF79D,0xF79D,0xEF9D,
0xF79D,0xEF9D,0xEF9D,0xEF9D,0xF79D,0xF79D,0xEF9D,0xEF7D,0xEF9D,0xEF7D,0xEF7D,0xEF9D,0xEF7D,0xEF7D,0xEF9D,0xEF7D,
0xEF9D,0xF79D,0xF79D,0xEF9D,0xEF9D,0xEF9D,0xEF9D,0xEF9D,0xEF9D,0xEF9D,0xEF7D,0xEF7D,0xEF7D,0xF79D,0xEF9D,0xEF9D,
0xF79D,0xEF9D,0xEF9D,0xEF9D,0xEF9D,0xF79D,0xEF9D,0xEF7D,0xF79D,0xF79D,0xEF9D,0xEF9D,0xEF9D,0xEF7D,0xEF7D,0xEF7D,
0xEF7D,0xEF7D,0xEF7D,0xEF9D,0xEF9D,0xEF9D,0xF79D,0xF79D,0xF79D,0xEF9D,0xEF9D,0xEF9D,0xEF9D,0xEF7D,0xEF7D,0xEF9D,
0xEF7D,0xEF7D,0xEF7D,0xEF7D,0xEF7D,0xEF7D,0xEF7D,0xEF7D,0xEF9D,0xEF9D,0xEF9D,0xEF9D,0xEF9D,0xEF9D,0xEF9D,0xF79D,
0xEF9D,0xEF7D,0xEF7D,0xEF7D,0xEF7D,0xEF9D,0xEF7D,0xEF7D,0xEF9D,0xEF7D,0xEF7D,0xEF7D,0xEF9D,0xEF9D,0xEF9D,0xEF9D,
0xEF9D,0xEF9D,0xEF7D,0xEF7D,0xEF9D,0xEF7D,0xEF7D,0xF79D,0xF77D,0xF77D,0xF77D,0xEF7D,0xEF7D,0xEF9D,0xEF7D,0xEF9D,
0xF79D,0xEF9D,0xEF9D,0xEF9D,0xEF9D,0xEF9D,0xEF7D,0xEF7D,0xEF9D,0xEF7D,0xEF9D,0xEF7D,0xEF7D,0xEF9D,0xEF9D,0xF79D,
0xF79D,0xEF9D,0xEF9D,0xEF9D,0xEF9D,0xEF7D,0xEF7D,0xEF9D,0xEF9D,0xEF7D,0xEF7D,0xEF9D,0xEF7D,0xEF7D,0xEF7D,0xEF9D,
0xEF9D,0xEF7D,0xEF9D,0xEF9D,0xEF7D,0xF79D,0xEF9D,0xEF9D,0xEF9D,0xF79D,0xEF7D,0xF79D,0xEF7D,0xEF7D,0xEF7D,0xF79D,
0xF79D,0xF77D,0xEF7D,0xEF7D,0xEF7D,0xF79D,0xEF9D,0xEF9D,0xF79D,0xF79D,0xF79D,0xEF9D,0xEF9D,0xEF9D,0xF79D,0xF79D,
0xEF9D,0xF79D,0xF79D,0xEF9D,0xF79D,0xF79D,0xEF9D,0xEF9D,0xF79D,0xEF9D,0xEF9D,0xEF7D,0xEF9D,0xF79D,0xEF9D,0xEF9D,
0xEF9D,0xEF7D,0xEF7D,0xEF9D,0xEF9D,0xEF9D,0xEF9D,0xEF9D,0xEF7D,0xEF7D,0xEF9D,0xEF9D,0xEF9D,0xEF9D,0xEF9D,0xEF9D,
0xEF9D,0xEF9D,0xEF9D,0xEF9D,0xEF7D,0xEF7D,0xEF7D,0xEF7D,0xEF7D,0xEF7D,0xEF9D,0xF79D,0xEF9D,0xEF7D,0xEF7D,0xEF7D,
0xEF7D,0xEF7D,0xEF7D,0xEF7D,0xEF7D,0xEF7D,0xF79E,0xF79E,0xF79E,0xF79E,0xF79E,0xEF7D,0xEF9D,0xF79D,0xF79D,0xF79D,
0xF79D,0xF79D,0xF79D,0xF77D,0xEF7D,0xF79D,0xEF7D,0xF79D,0xEF9D,0xF79D,0xF79D,0xEF7D,0xEF7D,0xEF9D,0xEF9D,0xEF7D,
0xEF7D,0xEF7D,0xF77D,0xF79D,0xEF7D,0xF79D,0xF79D,0xF79D,0xF79D,0xF79D,0xEF9D,0xF79D,0xEF7D,0xEF7D,0xF79D,0xEF9D,
0xEF9D,0xEF9D,0xEF9D,0xEF7D,0xEF7D,0xEF7D,0xEF7D,0xEF9D,0xEF9D,0xEF9D,0xEF7D,0xEF9D,0xF79D,0xF79D,0xF79D,0xF79D,
0xEF9D,0xEF9D,0xEF9D,0xEF9D,0xEF9D,0xEF9D,0xF79D,0xF79D,0xF79D,0xEF9D,0xEF7D,0xEF7D,0xEF9D,0xF79D,0xEF9D,0xEF9D,
0xEF7D,0xEF9D,0xEF9D,0xEF9D,0xEF9D,0xEF9D,0xEF7D,0xF77D,0xEF7D,0xEF7D,0xEF7D,0xEF7D,0xEF7D,0xEF7D,0xEF7D,0xEF9D,
0xEF9D,0xEF9D,0xF79D,0xF79D,0xEF9D,0xF79D,0xEF9D,0xEF9D,0xEF7D,0xEF7D,0xEF9D,0xEF9D,0xEF9D,0xEF9D,0xEF7D,0xEF7D,
0xEF7D,0xEF9D,0xEF7D,0xEF7D,0xEF9D,0xEF9D,0xEF7D,0xEF9D,0xEF9D,0xEF9D,0xEF9D,0xEF9D,0xEF9D,0xEF7D,0xEF9D,0xEF7D,
0xEF9D,0xEF9D,0xEF7D,0xEF7D,0xEF7D,0xEF9D,0xEF9D,0xEF9D,0xF79D,0xF79D,0xEF7D,0xEF9D,0xEF9D,0xEF9D,0xEF9D,0xEF9D,
0xEF7D,0xEF9D,0xEF7D,0xEF7D,0xEF7D,0xF77D,0xEF7D,0xEF7D,0xEF7D,0xEF9D,0xEF9D,0xF79D,0xEF9D,0xEF9D,0xF79D,0xEF9D,
0xEF7D,0xEF7D,0xEF7D,0xEF9D,0xEF7D,0xEF7D,0xEF7D,0xF79D,0xEF9D,0xEF9D,0xEF9D,0xEF9D,0xEF7D,0xEF7D,0xEF9D,0xEF9D,
0xEF7D,0xEF7D,0xEF9D,0xEF9D,0xEF9D,0xEF9D,0xEF7D,0xF77D,0xF79D,0xEF9D,0xEF7D,0xEF7D,0xEF9D,0xEF7D,0xEF9D,0xEF9D,
0xF79D,0xEF7D,0xF79D,0xF79D,0xEF7D,0xEF7D,0xEF9D,0xEF7D,0xF77D,0xEF7D,0xEF7D,0xEF7D,0xEF7D,0xEF7D,0xEF7D,0xEF7D,
0xF79D,0xF79D,0xF79D,0xF79D,0xEF9D,0xF79D,0xF79D,0xEF9D,0xEF9D,0xEF9D,0xEF9D,0xEF9D,0xEF7D,0xEF7D,0xF79D,0xF79D,
0xEF9D,0xEF9D,0xEF9D,0xEF9D,0xEF9D,0xEF9D,0xEF7D,0xEF9D,0xEF9D,0xEF9D,0xF79D,0xF79D,0xF79D,0xEF9D,0xEF9D,0xEF7D,
0xEF9D,0xEF9D,0xEF7D,0xEF9D,0xF79D,0xEF7D,0xEF9D,0xEF7D,0xEF9D,0xEF9D,0xEF9D,0xEF7D,0xEF9D,0xF79D,0xEF7D,0xEF7D,
0xEF9D,0xEF7D,0xEF7D,0xEF9D,0xEF9D,0xEF7D,0xF79D,0xF79D,0xEF9D,0xEF9D,0xEF7D,0xEF7D,0xEF7D,0xEF7D,0xEF7D,0xEF7D,
0xEF7D,0xF79E,0xF79E,0xF79E,0xF79E,0xF79E,0xEF7D,0xEF9D,0xEF9D,0xEF9D,0xF79D,0xEF9D,0xF79D,0xF79D,0xEF9D,0xEF7D,
0xEF7D,0xEF9D,0xEF7D,0xEF9D,0xEF9D,0xEF9D,0xF79D,0xF79D,0xEF9D,0xEF9D,0xEF7D,0xEF7D,0xF77D,0xF77D,0xEF7D,0xF77D,
0xF77D,0xF79D,0xEF9D,0xF79D,0xF79D,0xF79D,0xEF9D,0xEF7D,0xEF9D,0xEF9D,0xEF7D,0xEF9D,0xEF9D,0xEF9D,0xEF7D,0xEF9D,
0xEF9D,0xEF9D,0xEF9D,0xEF9D,0xEF9D,0xEF7D,0xF79D,0xEF9D,0xEF9D,0xEF9D,0xF79D,0xEF7D,0xEF7D,0xEF9D,0xEF9D,0xEF9D,
0xEF9D,0xF79D,0xF79D,0xF79D,0xF79D,0xEF9D,0xEF9D,0xEF7D,0xEF9D,0xEF9D,0xEF9D,0xEF9D,0xEF9D,0xEF9D,0xEF9D,0xEF9D,
0xEF7D,0xEF7D,0xF77D,0xF77D,0xF77D,0xF77D,0xEF7D,0xEF7D,0xEF7D,0xEF9D,0xEF9D,0xEF9D,0xEF9D,0xEF7D,0xEF7D,0xEF9D,
0xEF9D,0xEF9D,0xEF7D,0xEF9D,0xEF7D,0xF77D,0xF79D,0xEF9D,0xEF7D,0xEF9D,0xEF7D,0xEF9D,0xEF9D,0xF79D,0xEF7D,0xEF7D,
0xEF7D,0xEF7D,0xEF9D,0xEF9D,0xF79D,0xF79D,0xF79D,0xF79D,0xF79D,0xF79D,0xEF9D,0xF79D,0xEF7D,0xEF7D,0xEF9D,0xEF7D,
0xEF7D,0xEF9D,0xEF9D,0xEF9D,0xEF9D,0xEF7D,0xEF7D,0xEF7D,0xEF7D,0xEF7D,0xEF9D,0xEF9D,0xEF9D,0xEF7D,0xF77D,0xF77D,
0xF77D,0xEF7D,0xEF9D,0xEF7D,0xEF7D,0xEF7D,0xEF9D,0xEF9D,0xEF7D,0xF79D,0xF79D,0xEF9D,0xEF9D,0xEF9D,0xF79D,0xEF9D,
0xEF9D,0xF77D,0xF77D,0xEF9D,0xEF9D,0xEF9D,0xEF9D,0xEF9D,0xEF7D,0xEF9D,0xEF9D,0xEF9D,0xEF7D,0xEF7D,0xEF7D,0xEF7D,
0xF77D,0xF77D,0xF77D,0xF77D,0xEF9D,0xEF9D,0xEF9D,0xEF9D,0xEF7D,0xEF9D,0xF79D,0xEF9D,0xEF7D,0xEF9D,0xEF9D,0xEF7D,
0xEF9D,0xEF9D,0xEF7D,0xEF7D,0xEF7D,0xF77D,0xF77D,0xF77D,0xEF7D,0xEF7D,0xEF7D,0xEF9D,0xEF7D,0xF79D,0xF79D,0xEF9D,
0xF79D,0xF79D,0xEF9D,0xEF9D,0xEF9D,0xF79D,0xF79D,0xEF9D,0xEF9D,0xF79D,0xEF9D,0xEF9D,0xEF9D,0xEF9D,0xEF7D,0xEF9D,
0xEF7D,0xEF7D,0xEF7D,0xEF9D,0xEF9D,0xEF9D,0xEF9D,0xEF9D,0xEF9D,0xEF9D,0xEF9D,0xF79D,0xEF9D,0xEF9D,0xEF7D,0xEF7D,
0xEF9D,0xEF7D,0xEF7D,0xEF9D,0xEF9D,0xEF9D,0xEF7D,0xEF7D,0xEF9D,0xEF7D,0xEF7D,0xEF7D,0xEF7D,0xEF9D,0xEF9D,0xEF7D,
0xEF9D,0xEF9D,0xEF7D,0xEF9D,0xEF7D,0xEF9D,0xEF9D,0xEF7D,0xEF7D,0xEF7D,0xEF7D,0xEF7D,0xF79E,0xF79E,0xF79E,0xF79E,
0xF79E,0xEF7D,0xEF9D,0xF79D,0xEF9D,0xEF9D,0xEF9D,0xEF9D,0xEF9D,0xEF9D,0xEF9D,0xEF9D,0xEF7D,0xEF9D,0xEF9D,0xF79D,
0xEF9D,0xEF9D,0xEF9D,0xEF9D,0xEF9D,0xF79D,0xF77D,0xEF7D,0xEF7D,0xEF7D,0xF77D,0xF77D,0xF79D,0xF79D,0xF79D,0xF79D,
0xF79D,0xF79D,0xEF9D,0xF79D,0xEF7D,0xEF7D,0xEF7D,0xEF7D,0xEF7D,0xEF7D,0xEF7D,0xEF7D,0xEF7D,0xEF7D,0xEF7D,0xEF7D,
0xEF7D,0xEF9D,0xF79D,0xEF9D,0xEF7D,0xEF7D,0xEF9D,0xEF7D,0xEF7D,0xEF9D,0xEF9D,0xEF9D,0xEF7D,0xEF7D,0xEF7D,0xEF7D,
0xEF7D,0xEF9D,0xEF7D,0xEF9D,0xF79D,0xEF9D,0xF79D,0xEF9D,0xEF9D,0xEF9D,0xEF9D,0xEF7D,0xEF7D,0xEF7D,0xEF7D,0xEF7D,
0xF77D,0xEF7D,0xEF7D,0xEF7D,0xEF9D,0xF79D,0xEF9D,0xEF7D,0xEF9D,0xEF9D,0xEF9D,0xEF9D,0xEF9D,0xEF7D,0xEF7D,0xEF7D,
0xEF7D,0xEF7D,0xEF7D,0xEF7D,0xEF7D,0xEF7D,0xEF7D,0xEF9D,0xF79D,0xEF9D,0xEF9D,0xEF9D,0xEF7D,0xEF7D,0xEF7D,0xEF9D,
0xF77D,0xF77D,0xEF7D,0xEF7D,0xEF9D,0xEF9D,0xEF7D,0xEF7D,0xEF7D,0xEF7D,0xEF7D,0xEF9D,0xF79D,0xF79D,0xF79D,0xEF9D,
0xEF9D,0xEF7D,0xEF7D,0xEF7D,0xEF7D,0xEF7D,0xEF7D,0xEF7D,0xEF7D,0xEF7D,0xEF7D,0xEF7D,0xEF9D,0xEF7D,0xEF7D,0xEF9D,
0xEF7D,0xEF9D,0xF79D,0xEF9D,0xEF9D,0xEF7D,0xEF7D,0xEF7D,0xEF9D,0xEF9D,0xEF7D,0xEF7D,0xEF7D,0xEF7D,0xEF9D,0xF79D,
0xEF9D,0xEF9D,0xEF9D,0xEF7D,0xEF9D,0xEF9D,0xEF7D,0xEF7D,0xEF7D,0xEF7D,0xEF7D,0xEF7D,0xEF7D,0xEF7D,0xEF7D,0xEF7D,
0xEF7D,0xEF7D,0xEF7D,0xEF7D,0xEF9D,0xEF9D,0xEF9D,0xF79D,0xEF9D,0xEF7D,0xEF7D,0xEF7D,0xEF7D,0xEF7D,0xEF7D,0xEF7D,
0xEF7D,0xEF7D,0xF77D,0xEF7D,0xEF7D,0xEF7D,0xEF9D,0xEF7D,0xF79D,0xEF9D,0xEF9D,0xF79D,0xF79D,0xEF9D,0xEF9D,0xEF7D,
0xEF7D,0xEF7D,0xEF9D,0xF79D,0xEF9D,0xEF9D,0xEF7D,0xEF7D,0xEF9D,0xEF7D,0xEF9D,0xEF7D,0xEF9D,0xEF9D,0xF79D,0xEF9D,
0xEF7D,0xEF7D,0xEF7D,0xEF7D,0xEF7D,0xEF7D,0xF79D,0xEF7D,0xEF7D,0xEF7D,0xEF7D,0xEF7D,0xEF7D,0xF79D,0xF79D,0xEF9D,
0xEF9D,0xEF7D,0xEF9D,0xEF7D,0xEF7D,0xEF7D,0xEF7D,0xEF7D,0xEF7D,0xEF7D,0xEF9D,0xEF9D,0xEF9D,0xEF9D,0xEF9D,0xEF9D,
0xEF9D,0xEF9D,0xEF7D,0xEF7D,0xEF7D,0xEF7D,0xEF7D,0xF79E,0xF79E,0xF79E,0xF79E,0xF79E,0xEF7D,0xEF9D,0xF79D,0xEF9D,
0xEF9D,0xEF9D,0xEF9D,0xEF7D,0xEF9D,0xEF9D,0xEF9D,0xEF9D,0xEF9D,0xEF9D,0xEF9D,0xEF9D,0xF79D,0xF79D,0xEF7D,0xEF7D,
0xEF7D,0xF77D,0xF77D,0xEF7D,0xEF7D,0xEF7D,0xEF9D,0xF79D,0xF79D,0xF79D,0xF79D,0xF79D,0xF79D,0xF79D,0xEF9D,0xEF9D,
0xEF9D,0xEF7D,0xEF7D,0xEF7D,0xEF7D,0xEF7D,0xEF7D,0xEF7D,0xEF7D,0xEF7D,0xEF7D,0xEF7D,0xEF9D,0xF79D,0xEF9D,0xEF9D,
0xEF9D,0xF79D,0xF79D,0xEF7D,0xEF7D,0xEF9D,0xEF7D,0xEF9D,0xEF9D,0xEF9D,0xEF7D,0xEF7D,0xEF7D,0xF79D,0xF79D,0xEF9D,
0xEF7D,0xF79D,0xF79D,0xEF9D,0xEF7D,0xEF9D,0xEF7D,0xEF7D,0xEF7D,0xEF7D,0xEF7D,0xEF7D,0xEF7D,0xEF7D,0xEF7D,0xEF7D,
0xEF9D,0xF79D,0xEF9D,0xEF7D,0xEF7D,0xEF7D,0xEF9D,0xF77D,0xEF7D,0xEF7D,0xEF7D,0xEF7D,0xEF7D,0xF77D,0xF77D,0xF77D,
0xF77D,0xEF9D,0xF79D,0xEF9D,0xEF9D,0xEF7D,0xEF9D,0xEF9D,0xEF9D,0xEF9D,0xEF9D,0xF77D,0xF77D,0xF77D,0xEF7D,0xEF7D,
0xEF7D,0xEF9D,0xEF7D,0xEF7D,0xEF7D,0xEF7D,0xEF9D,0xF79D,0xF79D,0xEF9D,0xEF9D,0xEF9D,0xEF9D,0xEF7D,0xEF9D,0xEF9D,
0xEF7D,0xEF7D,0xEF7D,0xEF7D,0xEF9D,0xEF7D,0xEF7D,0xEF7D,0xEF7D,0xEF9D,0xEF7D,0xEF9D,0xEF9D,0xEF9D,0xEF9D,0xEF9D,
0xEF9D,0xEF7D,0xEF7D,0xEF7D,0xF77D,0xEF7D,0xEF7D,0xEF9D,0xEF9D,0xF79D,0xF79D,0xEF9D,0xEF7D,0xEF7D,0xEF9D,0xEF7D,
0xEF7D,0xEF7D,0xF77D,0xF77D,0xEF7D,0xEF7D,0xEF7D,0xEF7D,0xEF7D,0xF77D,0xEF9D,0xEF9D,0xEF9D,0xEF9D,0xEF9D,0xEF9D,
0xEF9D,0xF79D,0xF79D,0xEF9D,0xEF7D,0xEF9D,0xEF7D,0xEF9D,0xEF7D,0xEF7D,0xEF7D,0xEF7D,0xEF7D,0xEF7D,0xEF9D,0xEF7D,
0xEF7D,0xF79D,0xEF9D,0xF79D,0xF79D,0xF79D,0xF79D,0xF79D,0xF79D,0xEF9D,0xF79D,0xF79D,0xF79D,0xEF9D,0xEF7D,0xEF9D,
0xEF9D,0xEF9D,0xEF9D,0xEF9D,0xEF9D,0xEF9D,0xEF9D,0xEF9D,0xF77D,0xF77D,0xF77D,0xEF7D,0xEF7D,0xEF9D,0xEF9D,0xEF7D,
0xEF7D,0xEF7D,0xEF7D,0xEF7D,0xEF7D,0xEF9D,0xEF7D,0xEF7D,0xF79D,0xEF9D,0xEF7D,0xEF7D,0xEF7D,0xEF9D,0xEF7D,0xEF7D,
0xEF7D,0xEF7D,0xF77D,0xEF7D,0xEF7D,0xEF9D,0xEF7D,0xEF9D,0xEF9D,0xEF9D,0xEF7D,0xEF9D,0xEF9D,0xEF9D,0xEF7D,0xEF7D,
0xEF7D,0xEF7D,0xF79E,0xF79E,0xF79E,0xF79E,0xF79E,0xEF7D,0xEF9D,0xF79D,0xEF7D,0xF79D,0xF79D,0xEF9D,0xEF7D,0xEF9D,
0xEF9D,0xEF7D,0xEF9D,0xEF9D,0xEF9D,0xF79D,0xEF9D,0xF79D,0xF79D,0xEF7D,0xEF7D,0xEF7D,0xEF7D,0xEF7D,0xF77D,0xEF9D,
0xEF9D,0xEF9D,0xEF9D,0xF79D,0xEF9D,0xEF9D,0xEF9D,0xF79D,0xEF9D,0xEF7D,0xEF9D,0xEF7D,0xF79D,0xEF7D,0xEF7D,0xF77D,
0xEF9D,0xEF7D,0xEF9D,0xEF7D,0xEF9D,0xEF9D,0xEF9D,0xEF9D,0xEF9D,0xEF9D,0xEF9D,0xEF7D,0xEF9D,0xEF9D,0xEF9D,0xEF7D,
0xEF7D,0xEF7D,0xEF9D,0xEF9D,0xEF9D,0xEF9D,0xEF9D,0xF79D,0xEF9D,0xF79D,0xEF9D,0xEF9D,0xEF9D,0xEF9D,0xEF9D,0xEF9D,
0xEF7D,0xEF7D,0xEF7D,0xEF7D,0xEF7D,0xEF7D,0xEF7D,0xEF7D,0xEF7D,0xEF9D,0xEF9D,0xEF7D,0xEF9D,0xEF7D,0xEF7D,0xEF7D,
0xEF7D,0xEF9D,0xEF7D,0xF77D,0xF77D,0xEF7D,0xF77D,0xF77D,0xEF7D,0xEF7D,0xF77D,0xF79D,0xEF9D,0xEF9D,0xEF9D,0xEF9D,
0xEF9D,0xEF9D,0xEF9D,0xEF9D,0xEF9D,0xEF9D,0xF77D,0xEF7D,0xEF7D,0xEF7D,0xF77D,0xEF7D,0xEF9D,0xF77D,0xF77D,0xEF7D,
0xEF7D,0xEF9D,0xF79D,0xF79D,0xEF9D,0xEF9D,0xEF9D,0xEF7D,0xEF7D,0xEF7D,0xEF7D,0xEF7D,0xEF9D,0xEF9D,0xEF9D,0xEF9D,
0xEF7D,0xEF7D,0xEF7D,0xEF7D,0xEF9D,0xEF9D,0xEF9D,0xF79D,0xF79D,0xF79D,0xEF9D,0xEF9D,0xEF9D,0xF77D,0xF77D,0xF77D,
0xEF7D,0xEF9D,0xEF7D,0xEF7D,0xEF9D,0xEF9D,0xEF9D,0xEF7D,0xEF7D,0xEF7D,0xEF7D,0xEF7D,0xEF7D,0xF77D,0xEF7D,0xF79D,
0xF79D,0xEF7D,0xEF7D,0xEF7D,0xEF7D,0xEF7D,0xEF9D,0xEF9D,0xEF9D,0xEF9D,0xEF7D,0xF79D,0xF79D,0xF79D,0xEF7D,0xEF7D,
0xEF7D,0xEF9D,0xEF7D,0xEF7D,0xEF7D,0xF77D,0xF77D,0xEF9D,0xF79D,0xEF9D,0xEF7D,0xEF9D,0xF79D,0xEF9D,0xF79D,0xEF9D,
0xF79D,0xEF9D,0xEF9D,0xF79D,0xF79D,0xF79D,0xF79D,0xF79D,0xEF9D,0xEF7D,0xEF7D,0xEF9D,0xEF9D,0xEF9D,0xEF7D,0xEF7D,
0xEF9D,0xEF7D,0xEF7D,0xF77D,0xF77D,0xF77D,0xEF7D,0xEF7D,0xEF7D,0xEF9D,0xF77D,0xEF7D,0xF77D,0xEF7D,0xEF7D,0xEF7D,
0xEF9D,0xEF9D,0xEF9D,0xEF7D,0xEF9D,0xEF9D,0xEF7D,0xEF9D,0xEF9D,0xEF7D,0xEF7D,0xEF7D,0xEF7D,0xF77D,0xEF7D,0xEF7D,
0xEF7D,0xEF9D,0xEF9D,0xEF9D,0xEF9D,0xEF7D,0xEF7D,0xEF7D,0xEF9D,0xEF7D,0xEF7D,0xEF7D,0xEF7D,0xF79E,0xF79E,0xF79E,
0xF79E,0xF79E,0xEF7D,0xEF9D,0xF79D,0xEF7D,0xF79D,0xF79D,0xEF9D,0xEF9D,0xEF9D,0xEF9D,0xEF9D,0xEF7D,0xEF9D,0xEF9D,
0xF79D,0xEF9D,0xEF9D,0xEF9D,0xEF7D,0xF77D,0xF77D,0xEF7D,0xEF7D,0xF77D,0xF79D,0xF79D,0xF79D,0xEF9D,0xEF9D,0xEF9D,
0xEF9D,0xEF9D,0xEF9D,0xEF9D,0xEF7D,0xEF7D,0xEF9D,0xF79D,0xEF7D,0xEF7D,0xF77D,0xEF7D,0xEF9D,0xEF7D,0xEF9D,0xEF7D,
0xEF9D,0xEF7D,0xEF9D,0xEF7D,0xEF7D,0xEF7D,0xEF9D,0xF79D,0xEF9D,0xF79D,0xEF9D,0xEF9D,0xF79D,0xF79D,0xEF9D,0xEF9D,
0xF77D,0xF77D,0xF77D,0xF77D,0xEF9D,0xEF9D,0xEF9D,0xEF7D,0xEF7D,0xEF9D,0xEF7D,0xEF7D,0xEF7D,0xEF7D,0xF77D,0xEF7D,
0xEF9D,0xEF9D,0xEF7D,0xEF9D,0xEF9D,0xEF9D,0xEF7D,0xEF7D,0xEF7D,0xEF9D,0xEF7D,0xEF7D,0xEF9D,0xEF9D,0xEF7D,0xEF7D,
0xEF7D,0xF77D,0xEF7D,0xEF7D,0xEF7D,0xEF7D,0xEF7D,0xEF9D,0xEF9D,0xEF7D,0xEF7D,0xEF7D,0xEF7D,0xEF9D,0xEF9D,0xEF9D,
0xEF9D,0xEF9D,0xF79D,0xEF9D,0xEF9D,0xF77D,0xF79D,0xEF9D,0xF77D,0xF77D,0xF77D,0xEF7D,0xEF9D,0xEF9D,0xEF9D,0xEF9D,
0xEF9D,0xEF7D,0xEF7D,0xEF7D,0xEF7D,0xEF7D,0xEF7D,0xEF7D,0xEF9D,0xEF7D,0xF77D,0xF77D,0xF77D,0xEF9D,0xEF9D,0xEF7D,
0xEF7D,0xEF9D,0xEF9D,0xEF9D,0xEF9D,0xEF9D,0xEF9D,0xEF9D,0xF79D,0xF77D,0xF77D,0xEF7D,0xEF9D,0xEF9D,0xEF9D,0xEF7D,
0xEF7D,0xEF9D,0xEF9D,0xEF9D,0xEF7D,0xEF7D,0xF77D,0xEF7D,0xEF7D,0xEF7D,0xF77D,0xF79D,0xF79D,0xF79D,0xF79D,0xEF9D,
0xEF9D,0xEF9D,0xEF7D,0xEF7D,0xEF9D,0xEF7D,0xEF9D,0xEF9D,0xEF9D,0xEF7D,0xEF7D,0xEF7D,0xEF9D,0xEF7D,0xEF7D,0xF77D,
0xEF7D,0xEF7D,0xEF7D,0xEF9D,0xEF9D,0xEF7D,0xEF9D,0xF79D,0xF79D,0xF79D,0xEF9D,0xF79D,0xEF9D,0xEF9D,0xEF9D,0xEF7D,
0xF77D,0xF77D,0xF77D,0xEF7D,0xEF7D,0xEF7D,0xF79D,0xF79D,0xF79D,0xEF7D,0xEF7D,0xEF9D,0xEF7D,0xEF7D,0xEF9D,0xEF9D,
0xF79D,0xF77D,0xF77D,0xF77D,0xF77D,0xF77D,0xF77D,0xF77D,0xEF9D,0xEF9D,0xEF9D,0xEF7D,0xEF7D,0xF79D,0xEF9D,0xEF9D,
0xEF9D,0xEF7D,0xEF9D,0xEF9D,0xEF7D,0xEF7D,0xEF7D,0xEF7D,0xEF7D,0xF77D,0xEF9D,0xEF7D,0xEF7D,0xF79D,0xF79D,0xEF9D,
0xEF9D,0xEF7D,0xEF7D,0xEF9D,0xEF7D,0xEF9D,0xEF7D,0xEF7D,0xF79E,0xF79E,0xF79E,0xF79E,0xF79E,0xEF7D,0xEF9D,0xEF9D,
0xEF9D,0xEF7D,0xEF9D,0xF79D,0xF79D,0xF79D,0xF79D,0xEF9D,0xEF9D,0xEF9D,0xF79D,0xEF9D,0xEF9D,0xEF9D,0xEF7D,0xEF7D,
0xEF7D,0xF77D,0xF79D,0xEF7D,0xF77D,0xF77D,0xF79D,0xF77D,0xEF9D,0xEF7D,0xF79D,0xEF7D,0xEF9D,0xEF7D,0xEF9D,0xEF7D,
0xEF7D,0xEF7D,0xEF7D,0xEF7D,0xEF7D,0xEF7D,0xEF7D,0xEF9D,0xEF7D,0xEF9D,0xEF7D,0xF79D,0xEF9D,0xEF9D,0xEF7D,0xEF7D,
0xEF7D,0xF79D,0xEF9D,0xEF7D,0xEF9D,0xEF9D,0xEF9D,0xF79D,0xF79D,0xEF9D,0xF79D,0xEF7D,0xEF7D,0xF77D,0xF77D,0xEF9D,
0xEF9D,0xF79D,0xEF9D,0xEF9D,0xEF7D,0xEF7D,0xEF7D,0xEF7D,0xEF7D,0xF77D,0xEF7D,0xEF7D,0xEF7D,0xEF7D,0xEF7D,0xEF7D,
0xEF9D,0xEF7D,0xEF7D,0xEF9D,0xEF7D,0xEF7D,0xEF7D,0xEF7D,0xEF7D,0xF77D,0xEF7D,0xEF7D,0xEF7D,0xEF7D,0xEF7D,0xEF9D,
0xEF9D,0xEF7D,0xEF7D,0xEF9D,0xEF7D,0xEF7D,0xEF7D,0xEF7D,0xEF9D,0xEF7D,0xEF7D,0xEF7D,0xEF7D,0xF79D,0xF79D,0xEF7D,
0xEF9D,0xEF7D,0xEF9D,0xEF9D,0xEF7D,0xF77D,0xEF9D,0xEF9D,0xF79D,0xF79D,0xF79D,0xEF9D,0xEF9D,0xEF7D,0xEF7D,0xEF7D,
0xEF9D,0xEF7D,0xEF7D,0xEF9D,0xEF7D,0xF77D,0xF77D,0xF77D,0xEF7D,0xEF9D,0xEF7D,0xEF7D,0xEF9D,0xEF9D,0xEF9D,0xEF9D,
0xF79D,0xF79D,0xEF7D,0xF77D,0xF77D,0xF77D,0xEF7D,0xEF7D,0xEF9D,0xEF9D,0xEF9D,0xEF9D,0xF79D,0xEF9D,0xF79D,0xEF9D,
0xEF7D,0xEF7D,0xEF7D,0xEF9D,0xF77D,0xEF7D,0xF79D,0xF77D,0xEF9D,0xEF9D,0xEF7D,0xEF9D,0xEF9D,0xEF9D,0xEF7D,0xEF9D,
0xEF9D,0xEF9D,0xEF9D,0xEF9D,0xEF9D,0xEF9D,0xEF7D,0xEF7D,0xEF7D,0xF77D,0xEF7D,0xEF7D,0xEF7D,0xEF7D,0xEF7D,0xEF7D,
0xEF7D,0xEF7D,0xEF9D,0xEF9D,0xF79D,0xEF9D,0xEF9D,0xEF7D,0xEF7D,0xF79D,0xEF7D,0xEF7D,0xEF9D,0xEF7D,0xEF7D,0xEF7D,
0xEF9D,0xEF9D,0xEF9D,0xF79D,0xF79D,0xF79D,0xEF9D,0xEF7D,0xEF7D,0xEF7D,0xEF9D,0xEF9D,0xF77D,0xF77D,0xF77D,0xF77D,
0xEF7D,0xEF7D,0xEF9D,0xEF9D,0xEF9D,0xEF9D,0xEF9D,0xEF7D,0xEF7D,0xEF9D,0xEF9D,0xEF9D,0xEF7D,0xEF7D,0xEF9D,0xEF7D,
0xEF7D,0xEF7D,0xEF7D,0xF77D,0xEF7D,0xEF7D,0xEF9D,0xEF7D,0xEF9D,0xF79D,0xEF9D,0xEF7D,0xEF9D,0xEF9D,0xEF7D,0xEF7D,
0xEF7D,0xEF7D,0xEF7D,0xF79E,0xF79E,0xF79E,0xF79E,0xF79E,0xEF7D,0xEF9D,0xEF9D,0xEF9D,0xEF9D,0xEF9D,0xEF9D,0xF79D,
0xEF9D,0xF79D,0xEF9D,0xEF9D,0xEF7D,0xEF9D,0xF79D,0xEF9D,0xEF9D,0xEF7D,0xEF9D,0xEF9D,0xF77D,0xF79D,0xF79D,0xEF7D,
0xEF7D,0xF77D,0xF79D,0xEF9D,0xF79D,0xEF9D,0xEF7D,0xEF9D,0xEF9D,0xEF9D,0xF79D,0xEF9D,0xEF7D,0xEF7D,0xEF7D,0xEF7D,
0xEF7D,0xF79D,0xEF9D,0xEF7D,0xEF9D,0xF79D,0xF79D,0xEF9D,0xEF9D,0xEF7D,0xEF7D,0xEF9D,0xEF9D,0xEF7D,0xEF7D,0xEF7D,
0xEF9D,0xEF9D,0xEF9D,0xEF9D,0xF79D,0xEF9D,0xEF9D,0xEF9D,0xF79D,0xF79D,0xEF9D,0xEF9D,0xF79D,0xEF9D,0xEF9D,0xEF7D,
0xEF7D,0xEF7D,0xEF7D,0xEF7D,0xEF7D,0xEF7D,0xEF7D,0xEF7D,0xEF9D,0xEF7D,0xEF9D,0xEF9D,0xEF9D,0xEF9D,0xEF9D,0xEF7D,
0xEF7D,0xEF9D,0xEF7D,0xF77D,0xF77D,0xEF7D,0xEF7D,0xEF7D,0xEF7D,0xEF9D,0xEF9D,0xEF7D,0xEF7D,0xEF9D,0xF79D,0xF79D,
0xF79D,0xF79D,0xF79D,0xEF9D,0xEF7D,0xEF7D,0xEF7D,0xEF7D,0xF77D,0xEF7D,0xEF7D,0xEF9D,0xEF7D,0xEF7D,0xEF9D,0xEF7D,
0xEF9D,0xEF9D,0xF79D,0xEF9D,0xF79D,0xF79D,0xEF9D,0xEF9D,0xEF7D,0xEF7D,0xEF7D,0xEF7D,0xEF7D,0xEF7D,0xEF9D,0xEF9D,
0xEF7D,0xF79D,0xF79D,0xF79D,0xEF9D,0xEF9D,0xF79D,0xEF9D,0xEF9D,0xEF9D,0xEF7D,0xEF9D,0xF79D,0xEF7D,0xF77D,0xF77D,
0xF79D,0xEF7D,0xEF7D,0xF79D,0xEF9D,0xF79D,0xEF9D,0xEF9D,0xEF9D,0xEF9D,0xF79D,0xF79D,0xEF7D,0xEF7D,0xEF7D,0xF79D,
0xEF9D,0xEF9D,0xEF9D,0xEF7D,0xEF9D,0xEF7D,0xF79D,0xEF7D,0xEF9D,0xF79D,0xF79D,0xEF9D,0xF79D,0xF79D,0xF79D,0xEF9D,
0xEF7D,0xEF9D,0xEF7D,0xEF7D,0xF77D,0xF77D,0xEF7D,0xEF7D,0xF77D,0xF77D,0xF77D,0xEF7D,0xEF9D,0xEF9D,0xEF7D,0xF79D,
0xEF7D,0xEF9D,0xEF7D,0xEF7D,0xF79D,0xF79D,0xEF7D,0xEF7D,0xEF9D,0xEF9D,0xEF9D,0xF79D,0xEF9D,0xEF9D,0xEF9D,0xF79D,
0xF79D,0xF79D,0xEF9D,0xEF7D,0xEF7D,0xEF9D,0xEF7D,0xEF7D,0xEF7D,0xEF7D,0xEF7D,0xEF7D,0xEF9D,0xEF9D,0xEF9D,0xEF9D,
0xEF9D,0xEF9D,0xEF9D,0xEF9D,0xEF9D,0xEF9D,0xEF9D,0xEF7D,0xEF7D,0xEF9D,0xF77D,0xF77D,0xEF7D,0xEF7D,0xF77D,0xEF7D,
0xEF7D,0xEF9D,0xF79D,0xEF9D,0xF79D,0xF79D,0xEF7D,0xEF9D,0xEF9D,0xEF7D,0xEF7D,0xEF7D,0xEF9D,0xEF7D,0xF79E,0xF79E,
0xF79E,0xF79E,0xF79E,0xEF9D,0xF79D,0xF79D,0xEF9D,0xF79D,0xF79D,0xEF9D,0xF79D,0xEF9D,0xEF7D,0xEF9D,0xEF9D,0xEF9D,
0xEF7D,0xEF9D,0xEF7D,0xEF7D,0xEF7D,0xEF7D,0xEF7D,0xF79D,0xF79D,0xF79D,0xEF7D,0xEF7D,0xEF7D,0xEF9D,0xF79D,0xF79D,
0xEF9D,0xEF9D,0xF79D,0xF79D,0xEF7D,0xEF9D,0xEF7D,0xEF7D,0xEF7D,0xEF7D,0xEF7D,0xEF7D,0xEF9D,0xF79D,0xF79D,0xEF9D,
0xEF9D,0xEF9D,0xF79D,0xEF9D,0xF79D,0xEF9D,0xEF7D,0xEF7D,0xEF9D,0xEF9D,0xEF9D,0xF79D,0xEF9D,0xEF9D,0xF79D,0xF79D,
0xEF9D,0xEF9D,0xF79D,0xF79D,0xEF9D,0xEF9D,0xEF7D,0xEF9D,0xEF9D,0xEF9D,0xEF9D,0xEF9D,0xEF7D,0xEF7D,0xEF7D,0xEF7D,
0xEF7D,0xEF7D,0xEF9D,0xEF9D,0xEF9D,0xEF9D,0xEF9D,0xF79D,0xF79D,0xF79D,0xEF9D,0xEF9D,0xEF9D,0xF79D,0xF77D,0xEF7D,
0xEF7D,0xEF7D,0xEF7D,0xEF7D,0xEF7D,0xEF7D,0xEF7D,0xF79D,0xF79D,0xF79D,0xEF9D,0xF79D,0xF79D,0xEF9D,0xEF9D,0xEF7D,
0xEF7D,0xEF7D,0xF77D,0xF77D,0xEF7D,0xF79D,0xEF9D,0xEF7D,0xEF7D,0xEF7D,0xEF9D,0xEF9D,0xEF7D,0xF79D,0xEF9D,0xEF9D,
0xEF9D,0xEF9D,0xEF9D,0xEF7D,0xEF7D,0xEF7D,0xEF7D,0xEF7D,0xEF7D,0xEF7D,0xF79D,0xEF9D,0xEF9D,0xF79D,0xF79D,0xF79D,
0xEF9D,0xEF9D,0xEF9D,0xEF9D,0xF79D,0xF79D,0xEF9D,0xEF9D,0xEF9D,0xEF9D,0xEF7D,0xF79D,0xEF7D,0xEF9D,0xF79D,0xF79D,
0xF79D,0xEF9D,0xEF9D,0xEF9D,0xF79D,0xF79D,0xF79D,0xEF9D,0xEF9D,0xEF7D,0xEF9D,0xEF9D,0xEF9D,0xEF9D,0xEF9D,0xEF9D,
0xF79D,0xF79D,0xEF7D,0xEF9D,0xF79D,0xEF9D,0xEF9D,0xEF9D,0xEF9D,0xEF9D,0xEF9D,0xEF7D,0xEF7D,0xEF7D,0xEF9D,0xEF7D,
0xF77D,0xF77D,0xEF7D,0xF77D,0xF79D,0xF77D,0xEF9D,0xEF9D,0xF79D,0xEF9D,0xF79D,0xEF9D,0xEF9D,0xEF9D,0xEF9D,0xEF9D,
0xEF9D,0xEF9D,0xEF9D,0xEF9D,0xEF9D,0xF79D,0xF79D,0xF79D,0xF79D,0xF79D,0xF79D,0xF79D,0xEF9D,0xEF9D,0xF79D,0xEF7D,
0xF77D,0xEF7D,0xEF7D,0xEF9D,0xEF7D,0xEF7D,0xEF7D,0xEF7D,0xEF9D,0xF79D,0xF79D,0xEF9D,0xEF7D,0xF79D,0xEF9D,0xEF7D,
0xEF9D,0xEF9D,0xEF9D,0xEF7D,0xEF9D,0xF77D,0xF77D,0xEF7D,0xEF7D,0xF77D,0xF77D,0xEF7D,0xEF7D,0xF79D,0xF79D,0xEF9D,
0xF79D,0xEF9D,0xEF9D,0xF79D,0xEF7D,0xEF7D,0xEF9D,0xEF7D,0xEF7D,0xF79E,0xF79E,0xF79E,0xF79E,0xF79E,0xEF9D,0xEF9D,
0xF79D,0xEF9D,0xEF9D,0xF79D,0xF79D,0xF79D,0xEF9D,0xEF7D,0xEF9D,0xEF9D,0xEF9D,0xEF9D,0xEF7D,0xEF7D,0xEF9D,0xEF9D,
0xEF9D,0xEF9D,0xEF9D,0xEF9D,0xEF9D,0xEF9D,0xF79D,0xF79D,0xEF9D,0xEF7D,0xEF9D,0xF79D,0xF79D,0xF79D,0xF79D,0xEF9D,
0xF77D,0xF77D,0xF77D,0xF77D,0xF79D,0xEF9D,0xEF9D,0xEF7D,0xF79D,0xF79D,0xEF9D,0xEF7D,0xEF9D,0xEF9D,0xEF7D,0xEF9D,
0xEF7D,0xEF7D,0xEF7D,0xF79D,0xF79D,0xF79D,0xF79D,0xEF9D,0xEF9D,0xF79D,0xF79D,0xEF9D,0xEF9D,0xEF9D,0xEF9D,0xEF9D,
0xEF9D,0xEF7D,0xEF7D,0xEF9D,0xEF9D,0xEF9D,0xEF9D,0xEF9D,0xEF9D,0xEF9D,0xF77D,0xF79D,0xEF9D,0xF79D,0xEF9D,0xEF9D,
0xEF9D,0xEF9D,0xEF9D,0xF79D,0xF79D,0xEF9D,0xF79D,0xEF7D,0xF79D,0xF79D,0xF77D,0xF77D,0xF77D,0xF79D,0xF79D,0xEF9D,
0xEF7D,0xF79D,0xF79D,0xEF7D,0xEF9D,0xEF9D,0xF79D,0xEF9D,0xEF9D,0xEF9D,0xF77D,0xF77D,0xF77D,0xF77D,0xF79D,0xF77D,
0xF79D,0xF79D,0xEF7D,0xEF9D,0xEF7D,0xEF9D,0xEF7D,0xEF9D,0xEF9D,0xEF9D,0xF79D,0xEF9D,0xF79D,0xF79D,0xEF9D,0xEF9D,
0xEF9D,0xEF9D,0xEF9D,0xEF9D,0xEF9D,0xF79D,0xF79D,0xEF7D,0xEF7D,0xEF9D,0xF79D,0xEF9D,0xEF9D,0xF79D,0xEF9D,0xF79D,
0xF79D,0xF79D,0xF79D,0xEF9D,0xEF9D,0xEF9D,0xEF9D,0xEF9D,0xF79D,0xEF9D,0xEF9D,0xEF9D,0xEF9D,0xEF7D,0xEF7D,0xEF9D,
0xEF9D,0xF79D,0xEF9D,0xEF9D,0xF79D,0xF79D,0xF79D,0xF79D,0xF79D,0xEF9D,0xEF9D,0xEF9D,0xEF9D,0xEF9D,0xEF7D,0xEF9D,
0xEF9D,0xEF9D,0xF79D,0xEF9D,0xEF7D,0xF79D,0xF79D,0xEF7D,0xEF9D,0xEF9D,0xF77D,0xEF7D,0xF79D,0xF79D,0xF77D,0xF79D,
0xF77D,0xEF9D,0xEF9D,0xEF9D,0xEF9D,0xEF7D,0xEF7D,0xEF9D,0xEF9D,0xF79D,0xEF9D,0xEF9D,0xF79D,0xF79D,0xEF9D,0xEF9D,
0xEF9D,0xEF9D,0xF79D,0xF79D,0xF79D,0xEF7D,0xEF9D,0xEF7D,0xEF9D,0xF79D,0xF77D,0xF77D,0xF77D,0xF79D,0xF79D,0xEF9D,
0xEF9D,0xEF9D,0xEF9D,0xF79D,0xEF9D,0xEF9D,0xEF9D,0xEF7D,0xF79D,0xEF9D,0xEF7D,0xEF9D,0xEF9D,0xEF9D,0xEF9D,0xEF9D,
0xF77D,0xF77D,0xF77D,0xF77D,0xF77D,0xEF7D,0xEF9D,0xEF9D,0xEF9D,0xEF9D,0xEF9D,0xEF7D,0xEF7D,0xEF7D,0xEF9D,0xEF7D,
0xEF7D,0xEF9D,0xEF7D,0xEF7D,0xF79E,0xF79E,0xF79E,0xF79E,0xF79E,0xEF9D,0xEF9D,0xEF9D,0xEF9D,0xEF9D,0xEF9D,0xF79D,
0xF79D,0xF79D,0xEF7D,0xEF7D,0xEF9D,0xEF7D,0xEF7D,0xEF7D,0xEF7D,0xEF9D,0xEF9D,0xEF9D,0xEF9D,0xEF9D,0xF79D,0xEF9D,
0xEF9D,0xEF9D,0xEF9D,0xEF9D,0xEF7D,0xEF9D,0xEF9D,0xEF9D,0xEF9D,0xEF9D,0xF79D,0xF79D,0xF77D,0xEF7D,0xF79D,0xF79D,
0xEF9D,0xEF9D,0xEF9D,0xEF7D,0xEF7D,0xEF9D,0xEF7D,0xEF9D,0xEF7D,0xEF7D,0xEF7D,0xEF7D,0xEF9D,0xEF9D,0xEF9D,0xEF7D,
0xEF7D,0xEF9D,0xEF9D,0xEF7D,0xEF9D,0xEF7D,0xEF9D,0xEF9D,0xEF9D,0xEF9D,0xEF9D,0xEF9D,0xEF7D,0xEF9D,0xEF7D,0xEF9D,
0xEF7D,0xEF7D,0xEF9D,0xEF9D,0xEF9D,0xF79D,0xF79D,0xF79D,0xF79D,0xEF9D,0xEF9D,0xEF9D,0xF79D,0xEF9D,0xEF9D,0xEF9D,
0xEF9D,0xEF9D,0xEF7D,0xEF9D,0xF79D,0xF77D,0xEF7D,0xEF7D,0xF79D,0xEF9D,0xF79D,0xF79D,0xF79D,0xEF9D,0xEF9D,0xF79D,
0xF79D,0xF79D,0xEF9D,0xEF9D,0xEF9D,0xEF7D,0xF77D,0xF77D,0xEF7D,0xEF9D,0xEF7D,0xEF7D,0xF79D,0xEF7D,0xEF9D,0xF79D,
0xEF9D,0xEF9D,0xEF9D,0xEF9D,0xEF9D,0xF79D,0xEF9D,0xEF9D,0xF79D,0xEF9D,0xEF9D,0xEF9D,0xEF9D,0xEF7D,0xEF9D,0xEF7D,
0xEF9D,0xEF9D,0xEF7D,0xEF9D,0xF79D,0xEF7D,0xEF9D,0xEF9D,0xF79D,0xEF9D,0xEF9D,0xEF7D,0xF79D,0xF79D,0xF77D,0xEF9D,
0xEF9D,0xEF9D,0xEF9D,0xEF9D,0xEF9D,0xEF9D,0xF79D,0xF79D,0xEF7D,0xEF7D,0xEF9D,0xEF7D,0xF79D,0xEF7D,0xEF9D,0xEF9D,
0xF79D,0xF79D,0xF79D,0xF79D,0xF79D,0xF79D,0xEF9D,0xEF9D,0xEF9D,0xEF7D,0xF79D,0xF79D,0xF79D,0xF79D,0xEF7D,0xF77D,
0xF79D,0xF79D,0xEF9D,0xEF7D,0xEF7D,0xEF9D,0xEF7D,0xEF9D,0xF79D,0xF77D,0xF77D,0xF77D,0xEF9D,0xEF9D,0xF79D,0xF79D,
0xEF7D,0xEF7D,0xEF9D,0xEF9D,0xEF9D,0xEF7D,0xEF9D,0xF77D,0xF77D,0xEF7D,0xEF7D,0xF79D,0xEF9D,0xEF9D,0xF79D,0xEF9D,
0xEF7D,0xEF9D,0xEF9D,0xF79D,0xEF9D,0xEF9D,0xEF9D,0xEF7D,0xF79D,0xEF9D,0xEF9D,0xEF9D,0xEF9D,0xF79D,0xF79D,0xEF7D,
0xEF9D,0xEF9D,0xF79D,0xEF9D,0xEF9D,0xEF9D,0xEF7D,0xEF7D,0xEF7D,0xEF9D,0xEF7D,0xEF7D,0xEF9D,0xEF7D,0xEF7D,0xEF7D,
0xEF7D,0xEF9D,0xEF9D,0xF79D,0xF79D,0xEF9D,0xEF7D,0xEF7D,0xEF7D,0xEF7D,0xEF7D,0xEF7D,0xEF9D,0xEF7D,0xEF7D,0xF79E,
0xF79E,0xF79E,0xF79E,0xF79E,0xEF9D,0xF79D,0xEF9D,0xEF9D,0xEF9D,0xEF9D,0xF79D,0xF79D,0xF79D,0xEF7D,0xEF7D,0xEF7D,
0xEF9D,0xEF7D,0xEF7D,0xEF7D,0xEF7D,0xEF7D,0xEF7D,0xEF7D,0xF79D,0xF79D,0xEF9D,0xF79D,0xEF9D,0xEF9D,0xEF9D,0xEF7D,
0xEF9D,0xEF9D,0xEF7D,0xF79D,0xEF9D,0xEF9D,0xEF9D,0xEF7D,0xEF7D,0xEF9D,0xEF7D,0xEF7D,0xEF7D,0xEF7D,0xEF7D,0xEF9D,
0xEF9D,0xF79D,0xEF9D,0xEF9D,0xEF9D,0xEF9D,0xEF9D,0xEF7D,0xF79D,0xEF9D,0xEF7D,0xEF9D,0xEF7D,0xEF7D,0xEF7D,0xEF7D,
0xEF7D,0xEF9D,0xEF9D,0xEF9D,0xF79D,0xEF9D,0xEF7D,0xEF7D,0xEF7D,0xEF9D,0xEF9D,0xEF7D,0xEF9D,0xEF7D,0xEF7D,0xEF7D,
0xEF9D,0xEF9D,0xEF7D,0xEF7D,0xEF9D,0xF79D,0xF79D,0xF79D,0xEF9D,0xEF9D,0xEF9D,0xEF7D,0xEF7D,0xEF7D,0xEF7D,0xEF7D,
0xEF7D,0xEF7D,0xEF7D,0xEF7D,0xEF7D,0xEF9D,0xEF9D,0xEF9D,0xEF9D,0xF79D,0xEF9D,0xEF9D,0xEF7D,0xEF9D,0xEF7D,0xEF7D,
0xEF7D,0xF77D,0xEF7D,0xEF7D,0xEF9D,0xEF7D,0xEF7D,0xEF7D,0xEF7D,0xF79D,0xF79D,0xEF9D,0xEF9D,0xEF7D,0xEF9D,0xEF9D,
0xEF7D,0xEF9D,0xEF7D,0xEF9D,0xEF7D,0xEF7D,0xEF7D,0xEF7D,0xEF7D,0xEF7D,0xEF7D,0xEF7D,0xEF9D,0xEF9D,0xF79D,0xF79D,
0xEF7D,0xEF9D,0xEF9D,0xEF9D,0xEF7D,0xF79D,0xEF7D,0xEF7D,0xEF7D,0xF77D,0xEF7D,0xEF7D,0xEF9D,0xEF7D,0xEF9D,0xF79D,
0xF79D,0xF79D,0xF79D,0xEF9D,0xF79D,0xF79D,0xEF9D,0xEF7D,0xEF7D,0xEF9D,0xEF7D,0xEF9D,0xEF9D,0xEF9D,0xF79D,0xEF9D,
0xEF9D,0xF79D,0xF79D,0xEF9D,0xEF9D,0xEF9D,0xF79D,0xEF9D,0xEF7D,0xF77D,0xF77D,0xEF7D,0xEF7D,0xEF7D,0xEF7D,0xEF7D,
0xEF7D,0xEF7D,0xEF7D,0xEF9D,0xF77D,0xEF7D,0xEF7D,0xEF9D,0xEF9D,0xF79D,0xF79D,0xEF7D,0xEF9D,0xEF7D,0xEF9D,0xEF9D,
0xEF7D,0xEF7D,0xF77D,0xF77D,0xEF7D,0xEF7D,0xF79D,0xF79D,0xEF9D,0xF79D,0xEF9D,0xF79D,0xEF9D,0xEF7D,0xEF7D,0xEF9D,
0xEF9D,0xEF9D,0xEF9D,0xEF9D,0xEF7D,0xEF7D,0xEF7D,0xEF9D,0xEF9D,0xEF9D,0xF79D,0xF79D,0xEF9D,0xF79D,0xF79D,0xEF9D,
0xEF9D,0xEF7D,0xEF7D,0xEF7D,0xEF7D,0xEF7D,0xEF7D,0xEF9D,0xEF7D,0xEF7D,0xEF7D,0xEF7D,0xEF7D,0xEF7D,0xF79D,0xF79D,
0xEF9D,0xEF9D,0xEF9D,0xEF9D,0xEF9D,0xEF7D,0xEF7D,0xEF9D,0xEF7D,0xEF7D,0xF79E,0xF79E,0xF79E,0xF79E,0xF79E,0xEF7D,
0xF79D,0xF79D,0xEF9D,0xEF9D,0xEF9D,0xEF9D,0xF79D,0xEF9D,0xEF9D,0xEF9D,0xEF9D,0xEF9D,0xEF9D,0xEF7D,0xEF7D,0xEF7D,
0xEF7D,0xEF7D,0xEF7D,0xEF7D,0xEF9D,0xEF9D,0xF79D,0xEF9D,0xEF9D,0xEF9D,0xF79D,0xF79D,0xEF9D,0xEF9D,0xEF9D,0xEF7D,
0xEF9D,0xF79D,0xEF9D,0xEF9D,0xEF9D,0xEF7D,0xEF7D,0xEF9D,0xEF9D,0xEF9D,0xEF9D,0xEF7D,0xF79D,0xEF9D,0xEF9D,0xEF9D,
0xEF9D,0xEF7D,0xEF7D,0xF79D,0xEF9D,0xEF7D,0xF79D,0xF79D,0xEF7D,0xF79D,0xF79D,0xEF9D,0xEF9D,0xEF9D,0xEF9D,0xF79D,
0xEF9D,0xEF9D,0xEF7D,0xEF7D,0xEF7D,0xEF7D,0xEF7D,0xEF7D,0xEF7D,0xEF7D,0xEF9D,0xEF7D,0xEF7D,0xEF7D,0xEF7D,0xEF7D,
0xF79D,0xF79D,0xEF9D,0xEF9D,0xEF9D,0xEF9D,0xEF7D,0xEF7D,0xEF7D,0xEF7D,0xEF7D,0xEF7D,0xF77D,0xF77D,0xEF7D,0xEF7D,
0xEF9D,0xEF9D,0xEF9D,0xEF9D,0xEF9D,0xEF9D,0xEF9D,0xEF7D,0xEF7D,0xEF7D,0xEF7D,0xEF7D,0xF77D,0xF77D,0xF77D,0xF79D,
0xEF9D,0xEF7D,0xEF7D,0xEF9D,0xF79D,0xEF9D,0xEF9D,0xEF9D,0xEF7D,0xEF9D,0xEF7D,0xEF7D,0xEF9D,0xEF9D,0xEF9D,0xF79D,
0xEF9D,0xEF9D,0xEF9D,0xEF9D,0xF79D,0xF79D,0xEF9D,0xEF9D,0xEF9D,0xEF9D,0xEF7D,0xF79D,0xF79D,0xEF9D,0xEF9D,0xEF7D,
0xF79D,0xF77D,0xEF7D,0xEF7D,0xF79D,0xEF9D,0xEF9D,0xEF9D,0xF79D,0xEF9D,0xF79D,0xF79D,0xF79D,0xF79D,0xF79D,0xF79D,
0xEF7D,0xEF7D,0xEF7D,0xF79D,0xEF9D,0xEF9D,0xEF9D,0xEF9D,0xEF7D,0xF79D,0xEF9D,0xF79D,0xF79D,0xF79D,0xEF9D,0xEF9D,
0xF79D,0xF79D,0xEF9D,0xEF9D,0xF79D,0xF79D,0xEF7D,0xEF7D,0xEF7D,0xEF9D,0xEF9D,0xF79D,0xF79D,0xF79D,0xF79D,0xF79D,
0xF77D,0xEF7D,0xEF7D,0xEF9D,0xEF9D,0xF79D,0xEF9D,0xEF7D,0xEF7D,0xF79D,0xEF9D,0xF79D,0xEF7D,0xEF7D,0xF77D,0xF77D,
0xEF7D,0xEF9D,0xF79D,0xF79D,0xEF9D,0xF79D,0xF79D,0xEF7D,0xEF7D,0xEF7D,0xEF9D,0xEF9D,0xEF9D,0xEF9D,0xEF9D,0xEF9D,
0xF79D,0xEF9D,0xEF9D,0xEF9D,0xF79D,0xF79D,0xEF9D,0xEF7D,0xEF9D,0xF79D,0xEF9D,0xEF9D,0xEF7D,0xEF7D,0xEF7D,0xEF7D,
0xEF7D,0xEF9D,0xEF9D,0xEF7D,0xEF7D,0xEF9D,0xEF7D,0xF79D,0xEF9D,0xEF9D,0xF79D,0xEF7D,0xEF9D,0xEF9D,0xEF9D,0xEF7D,
0xEF7D,0xEF9D,0xEF7D,0xEF7D,0xEF7D,0xF79E,0xF79E,0xF79E,0xF79E,0xF79E,0xEF9D,0xEF9D,0xEF9D,0xEF9D,0xEF9D,0xEF9D,
0xEF9D,0xEF9D,0xEF9D,0xEF7D,0xF79D,0xF77D,0xEF7D,0xEF7D,0xEF9D,0xEF9D,0xEF7D,0xEF7D,0xEF7D,0xEF7D,0xEF7D,0xEF9D,
0xEF9D,0xEF9D,0xF79D,0xEF9D,0xEF9D,0xF79D,0xF79D,0xEF9D,0xEF7D,0xEF7D,0xEF7D,0xEF9D,0xEF9D,0xEF9D,0xEF9D,0xEF9D,
0xF79D,0xEF9D,0xEF9D,0xEF9D,0xEF9D,0xEF9D,0xEF7D,0xEF9D,0xF79D,0xEF7D,0xF77D,0xEF7D,0xEF7D,0xF79D,0xEF9D,0xEF9D,
0xF79D,0xF79D,0xF79D,0xEF9D,0xF79D,0xF79D,0xEF7D,0xEF7D,0xF79D,0xF79D,0xF79D,0xF79D,0xF79D,0xF79D,0xEF9D,0xEF9D,
0xEF9D,0xEF7D,0xEF9D,0xEF9D,0xEF9D,0xF79D,0xF79D,0xEF9D,0xF79D,0xEF9D,0xEF9D,0xEF9D,0xEF9D,0xEF9D,0xEF9D,0xEF9D,
0xEF9D,0xEF9D,0xF79D,0xF79D,0xEF9D,0xF79D,0xF79D,0xF79D,0xF79D,0xF79D,0xEF9D,0xEF7D,0xF79D,0xF79D,0xF79D,0xEF9D,
0xF79D,0xF79D,0xEF9D,0xEF7D,0xEF9D,0xF79D,0xF79D,0xF79D,0xF79D,0xF79D,0xF79D,0xF79D,0xF79D,0xF79D,0xF79D,0xEF9D,
0xEF9D,0xEF9D,0xEF9D,0xEF9D,0xF79D,0xEF7D,0xEF9D,0xF79D,0xEF9D,0xEF9D,0xF79D,0xEF9D,0xEF9D,0xEF7D,0xEF7D,0xF79D,
0xF79D,0xEF9D,0xEF9D,0xEF9D,0xEF9D,0xEF7D,0xF79D,0xF79D,0xEF9D,0xEF9D,0xEF9D,0xEF9D,0xEF9D,0xF79D,0xF79D,0xF79D,
0xF79D,0xEF9D,0xEF9D,0xF79D,0xF79D,0xF79D,0xEF9D,0xEF9D,0xF79D,0xF79D,0xF79D,0xEF7D,0xEF7D,0xEF9D,0xF79D,0xEF9D,
0xEF9D,0xEF9D,0xEF7D,0xEF7D,0xF79D,0xF79D,0xEF9D,0xF79D,0xF79D,0xEF9D,0xEF9D,0xF79D,0xF79D,0xF79D,0xEF9D,0xEF7D,
0xF79D,0xF79D,0xEF7D,0xEF9D,0xEF9D,0xEF9D,0xF79D,0xF79D,0xF79D,0xF79D,0xF79D,0xF79D,0xF79D,0xEF7D,0xEF7D,0xEF9D,
0xEF9D,0xEF7D,0xEF9D,0xEF9D,0xF79D,0xF79D,0xF79D,0xEF9D,0xEF7D,0xF79D,0xF79D,0xEF7D,0xEF9D,0xF79D,0xF79D,0xEF9D,
0xF79D,0xEF9D,0xEF9D,0xEF9D,0xEF9D,0xF79D,0xF79D,0xF79D,0xEF7D,0xF79D,0xEF9D,0xF79D,0xF79D,0xF79D,0xEF9D,0xF79D,
0xEF9D,0xEF9D,0xEF7D,0xF79D,0xEF9D,0xEF9D,0xF79D,0xEF7D,0xEF7D,0xEF9D,0xEF9D,0xEF7D,0xEF9D,0xEF9D,0xEF9D,0xEF9D,
0xEF9D,0xEF9D,0xF79D,0xF79D,0xEF9D,0xEF9D,0xEF7D,0xF79D,0xEF7D,0xEF7D,0xEF7D,0xEF7D,0xEF7D,0xEF7D,0xEF7D,0xEF7D,
0xF79E,0xF79E,0xF79E,0xF79E,0xF79E,0xEF9D,0xEF9D,0xEF9D,0xEF9D,0xEF9D,0xEF9D,0xEF9D,0xEF9D,0xEF9D,0xEF7D,0xF77D,
0xF77D,0xF77D,0xEF7D,0xEF9D,0xEF9D,0xEF9D,0xEF9D,0xEF9D,0xEF9D,0xEF9D,0xEF9D,0xEF9D,0xEF9D,0xEF9D,0xEF9D,0xEF9D,
0xEF9D,0xEF9D,0xEF9D,0xEF9D,0xEF9D,0xF79D,0xEF9D,0xEF9D,0xEF7D,0xEF9D,0xEF7D,0xF79D,0xEF9D,0xEF9D,0xEF9D,0xEF7D,
0xEF9D,0xEF9D,0xEF9D,0xF79D,0xEF7D,0xF77D,0xF77D,0xF77D,0xF79D,0xF79D,0xF79D,0xF79D,0xF79D,0xEF9D,0xEF9D,0xF79D,
0xF79D,0xEF7D,0xEF9D,0xF79D,0xF77D,0xF77D,0xF77D,0xF79D,0xF79D,0xEF9D,0xF79D,0xF79D,0xF79D,0xF79D,0xEF9D,0xEF7D,
0xEF9D,0xF79D,0xF79D,0xF79D,0xF79D,0xEF9D,0xEF9D,0xEF9D,0xF79D,0xEF9D,0xEF9D,0xEF9D,0xEF9D,0xF79D,0xF79D,0xEF9D,
0xEF9D,0xF79D,0xF79D,0xF79D,0xF79D,0xF79D,0xEF9D,0xEF9D,0xF79D,0xEF9D,0xEF9D,0xEF9D,0xF79D,0xEF9D,0xEF9D,0xF79D,
0xF79D,0xF79D,0xEF9D,0xEF9D,0xEF9D,0xEF9D,0xF79D,0xF79D,0xF79D,0xF79D,0xEF9D,0xF79D,0xF79D,0xF79D,0xF79D,0xF79D,
0xEF9D,0xEF9D,0xF79D,0xEF9D,0xEF9D,0xEF9D,0xEF9D,0xF79D,0xF79D,0xEF9D,0xEF9D,0xF79D,0xF79D,0xEF9D,0xEF9D,0xEF9D,
0xF79D,0xF79D,0xF79D,0xEF9D,0xEF9D,0xEF9D,0xF79D,0xF79D,0xF79D,0xF79D,0xF79D,0xEF9D,0xEF9D,0xEF9D,0xEF9D,0xF79D,
0xF79D,0xF79D,0xEF9D,0xEF9D,0xEF7D,0xEF9D,0xEF9D,0xEF9D,0xEF9D,0xEF9D,0xEF9D,0xEF9D,0xEF9D,0xF79D,0xEF7D,0xEF9D,
0xEF9D,0xEF9D,0xEF9D,0xEF9D,0xEF9D,0xEF9D,0xEF9D,0xEF9D,0xEF9D,0xEF9D,0xEF7D,0xEF9D,0xEF9D,0xEF9D,0xEF7D,0xEF9D,
0xEF9D,0xEF9D,0xEF9D,0xEF9D,0xEF9D,0xEF9D,0xEF9D,0xEF9D,0xF79D,0xEF7D,0xEF7D,0xEF9D,0xEF9D,0xEF9D,0xEF9D,0xEF7D,
0xEF9D,0xEF7D,0xEF7D,0xEF9D,0xF79D,0xEF9D,0xEF9D,0xF79D,0xF79D,0xEF9D,0xEF9D,0xEF9D,0xEF9D,0xF79D,0xEF9D,0xEF7D,
0xEF7D,0xF79D,0xF77D,0xF77D,0xF79D,0xEF9D,0xF79D,0xF79D,0xEF9D,0xEF9D,0xEF9D,0xEF9D,0xEF9D,0xEF9D,0xF79D,0xF79D,
0xEF9D,0xF79D,0xEF7D,0xEF9D,0xEF9D,0xEF7D,0xEF7D,0xEF9D,0xEF9D,0xEF9D,0xEF9D,0xEF7D,0xEF9D,0xEF9D,0xEF9D,0xF79D,
0xEF9D,0xEF9D,0xF79D,0xEF7D,0xEF9D,0xEF9D,0xEF7D,0xEF7D,0xEF7D,0xEF7D,0xEF7D,0xF79E,0xF79E,0xF79E,0xF79E,0xF79E,
0xEF9D,0xEF9D,0xEF9D,0xEF9D,0xEF9D,0xEF9D,0xEF9D,0xEF9D,0xEF9D,0xEF9D,0xEF7D,0xEF7D,0xEF7D,0xEF9D,0xEF7D,0xEF7D,
0xEF9D,0xEF9D,0xEF9D,0xEF9D,0xEF7D,0xEF9D,0xEF9D,0xEF9D,0xEF7D,0xEF9D,0xEF9D,0xEF7D,0xEF9D,0xEF7D,0xEF7D,0xEF9D,
0xF79D,0xEF9D,0xEF9D,0xEF7D,0xF79D,0xF77D,0xEF7D,0xEF9D,0xEF9D,0xEF9D,0xEF9D,0xEF9D,0xEF9D,0xEF9D,0xEF9D,0xEF9D,
0xEF9D,0xF79D,0xEF7D,0xEF7D,0xEF9D,0xF79D,0xF79D,0xF79D,0xEF7D,0xEF9D,0xF79D,0xEF9D,0xEF9D,0xEF9D,0xF79D,0xF79D,
0xF79D,0xEF9D,0xF79D,0xF79D,0xEF9D,0xEF7D,0xEF9D,0xF79D,0xEF9D,0xEF9D,0xEF9D,0xEF9D,0xF79D,0xEF9D,0xF79D,0xEF9D,
0xEF9D,0xEF9D,0xEF9D,0xEF9D,0xEF9D,0xEF9D,0xEF9D,0xF79D,0xF79D,0xF79D,0xEF9D,0xF79D,0xF79D,0xF79D,0xF79D,0xF79D,
0xF79D,0xEF9D,0xEF9D,0xEF9D,0xEF7D,0xEF7D,0xF79D,0xF79D,0xEF9D,0xEF9D,0xEF9D,0xEF9D,0xEF9D,0xEF9D,0xEF9D,0xEF9D,
0xEF9D,0xF79D,0xEF9D,0xF79D,0xF79D,0xF79D,0xF79D,0xEF9D,0xF79D,0xF79D,0xEF9D,0xEF9D,0xEF9D,0xF79D,0xEF9D,0xEF9D,
0xF79D,0xF79D,0xEF9D,0xEF9D,0xEF9D,0xEF9D,0xF79D,0xF79D,0xEF9D,0xF79D,0xF79D,0xF79D,0xF79D,0xF79D,0xF79D,0xEF9D,
0xEF9D,0xEF9D,0xF79D,0xEF9D,0xEF7D,0xEF9D,0xEF9D,0xEF9D,0xEF9D,0xEF9D,0xF79D,0xF79D,0xF79D,0xF79D,0xF79D,0xEF7D,
0xEF9D,0xEF9D,0xEF9D,0xEF9D,0xEF9D,0xEF9D,0xEF9D,0xF79D,0xF79D,0xEF7D,0xEF9D,0xEF9D,0xF79D,0xEF9D,0xEF9D,0xEF9D,
0xEF9D,0xEF9D,0xEF9D,0xF79D,0xF79D,0xEF9D,0xEF9D,0xEF9D,0xF79D,0xEF7D,0xEF9D,0xEF9D,0xEF9D,0xEF9D,0xF79D,0xEF9D,
0xEF9D,0xEF9D,0xEF9D,0xF79D,0xEF9D,0xEF9D,0xF79D,0xF79D,0xEF7D,0xEF7D,0xEF7D,0xEF7D,0xEF7D,0xEF7D,0xEF9D,0xEF9D,
0xEF7D,0xEF9D,0xF79D,0xEF9D,0xEF9D,0xF79D,0xF79D,0xEF9D,0xEF9D,0xEF9D,0xF79D,0xEF7D,0xEF7D,0xEF7D,0xEF9D,0xEF7D,
0xEF9D,0xF79D,0xEF9D,0xEF9D,0xEF9D,0xEF9D,0xF79D,0xF79D,0xEF9D,0xEF9D,0xF79D,0xEF9D,0xEF9D,0xEF7D,0xEF7D,0xEF9D,
0xEF7D,0xEF7D,0xEF9D,0xEF9D,0xF79D,0xF79D,0xEF9D,0xEF9D,0xEF9D,0xF79D,0xF79D,0xEF9D,0xEF9D,0xEF9D,0xEF9D,0xEF9D,
0xEF7D,0xEF7D,0xEF7D,0xEF7D,0xEF7D,0xEF7D,0xF79E,0xF79E,0xF79E,0xF79E,0xF79E,0xEF9D,0xF79D,0xEF9D,0xEF9D,0xEF9D,
0xEF9D,0xEF9D,0xEF9D,0xEF9D,0xEF9D,0xEF9D,0xEF7D,0xEF7D,0xEF9D,0xEF7D,0xEF7D,0xEF7D,0xEF9D,0xEF9D,0xEF9D,0xEF9D,
0xEF9D,0xF79D,0xEF9D,0xEF9D,0xF79D,0xEF9D,0xEF7D,0xEF7D,0xEF7D,0xEF9D,0xEF9D,0xEF9D,0xF79D,0xF77D,0xEF7D,0xF79D,
0xF77D,0xF79D,0xEF9D,0xF79D,0xF79D,0xF79D,0xF79D,0xF79D,0xF79D,0xEF9D,0xEF9D,0xEF9D,0xEF9D,0xEF7D,0xEF7D,0xEF7D,
0xF79D,0xF79D,0xEF9D,0xEF9D,0xF79D,0xF79D,0xEF9D,0xEF9D,0xF79D,0xEF9D,0xEF9D,0xEF9D,0xEF9D,0xF79D,0xEF9D,0xEF9D,
0xEF9D,0xEF9D,0xEF9D,0xEF9D,0xEF7D,0xF79D,0xF79D,0xEF9D,0xEF9D,0xEF9D,0xEF7D,0xEF7D,0xEF9D,0xEF9D,0xEF7D,0xEF9D,
0xEF9D,0xEF9D,0xEF9D,0xEF9D,0xEF9D,0xEF7D,0xEF7D,0xEF7D,0xEF9D,0xF79D,0xEF9D,0xEF7D,0xEF7D,0xEF7D,0xEF9D,0xF79D,
0xF79D,0xEF7D,0xEF7D,0xF77D,0xF79D,0xF77D,0xF79D,0xF79D,0xF79D,0xF79D,0xF79D,0xF79D,0xF79D,0xEF7D,0xF79D,0xEF9D,
0xF79D,0xEF7D,0xEF7D,0xF79D,0xEF9D,0xEF7D,0xEF7D,0xEF7D,0xEF7D,0xF77D,0xF79D,0xF79D,0xF77D,0xEF7D,0xEF7D,0xEF7D,
0xEF9D,0xEF7D,0xF79D,0xF79D,0xEF9D,0xF79D,0xEF9D,0xEF7D,0xEF7D,0xEF7D,0xF79D,0xF79D,0xF79D,0xF79D,0xEF7D,0xEF7D,
0xF79D,0xF79D,0xF79D,0xF79D,0xEF9D,0xF79D,0xF79D,0xEF9D,0xF79D,0xF79D,0xEF9D,0xEF9D,0xEF9D,0xEF9D,0xEF7D,0xEF7D,
0xEF9D,0xEF9D,0xF79D,0xF79D,0xF79D,0xF79D,0xF79D,0xF79D,0xF79D,0xEF9D,0xEF9D,0xEF9D,0xEF9D,0xF79D,0xF79D,0xF79D,
0xF79D,0xF79D,0xF79D,0xEF9D,0xEF7D,0xEF7D,0xF79D,0xF79D,0xF79D,0xF79D,0xF79D,0xF79D,0xF79D,0xEF9D,0xF79D,0xEF9D,
0xF79D,0xF79D,0xF79D,0xEF9D,0xEF7D,0xEF7D,0xEF7D,0xEF9D,0xF79D,0xEF9D,0xEF9D,0xF79D,0xEF9D,0xEF9D,0xF79D,0xF79D,
0xF79D,0xF79D,0xEF9D,0xEF9D,0xF79D,0xEF9D,0xEF9D,0xEF9D,0xEF9D,0xEF7D,0xEF9D,0xF79D,0xEF9D,0xEF9D,0xF79D,0xEF9D,
0xF79D,0xF79D,0xF79D,0xF79D,0xF79D,0xF79D,0xEF9D,0xEF9D,0xEF9D,0xEF7D,0xEF7D,0xEF9D,0xEF9D,0xEF9D,0xF79D,0xEF9D,
0xEF9D,0xF79D,0xF79D,0xEF9D,0xF79D,0xF79D,0xEF7D,0xEF9D,0xEF9D,0xEF9D,0xEF7D,0xEF7D,0xEF7D,0xEF9D,0xEF7D,0xEF7D,
0xEF7D,0xF79E,0xF79E,0xF79E,0xF79E,0xF79E,0xEF9D,0xEF9D,0xEF9D,0xEF9D,0xEF9D,0xEF9D,0xEF9D,0xEF9D,0xEF9D,0xEF9D,
0xF79D,0xEF9D,0xEF7D,0xEF9D,0xEF9D,0xEF9D,0xEF9D,0xEF9D,0xEF9D,0xF79D,0xF79D,0xEF9D,0xEF9D,0xF79D,0xEF9D,0xF79D,
0xEF9D,0xEF9D,0xEF9D,0xEF9D,0xEF9D,0xF77D,0xEF9D,0xF79D,0xF79D,0xEF7D,0xF79D,0xF79D,0xF79D,0xEF9D,0xF79D,0xF79D,
0xF79D,0xEF9D,0xEF7D,0xF79D,0xF79D,0xEF9D,0xEF9D,0xEF9D,0xF79D,0xF79D,0xF79D,0xF79D,0xF79D,0xEF9D,0xEF9D,0xF79D,
0xEF9D,0xEF9D,0xEF9D,0xEF9D,0xEF9D,0xEF9D,0xEF9D,0xEF9D,0xF79D,0xEF9D,0xEF9D,0xF79D,0xF79D,0xEF9D,0xEF9D,0xEF7D,
0xEF7D,0xEF9D,0xEF9D,0xEF9D,0xEF9D,0xEF9D,0xEF9D,0xEF7D,0xEF9D,0xEF7D,0xEF7D,0xEF7D,0xEF7D,0xEF7D,0xEF9D,0xEF7D,
0xEF7D,0xEF7D,0xEF7D,0xEF9D,0xEF9D,0xEF9D,0xEF9D,0xEF7D,0xEF7D,0xEF7D,0xEF9D,0xEF9D,0xEF7D,0xEF7D,0xEF7D,0xEF9D,
0xF79D,0xF79D,0xEF9D,0xEF9D,0xEF9D,0xEF9D,0xEF9D,0xEF9D,0xEF7D,0xEF9D,0xEF9D,0xEF9D,0xEF7D,0xEF7D,0xEF9D,0xEF7D,
0xEF7D,0xEF9D,0xEF7D,0xEF7D,0xEF7D,0xEF9D,0xF79D,0xF77D,0xEF7D,0xEF7D,0xEF7D,0xEF9D,0xEF7D,0xEF7D,0xEF7D,0xEF9D,
0xEF7D,0xEF9D,0xEF9D,0xEF7D,0xEF7D,0xEF9D,0xEF9D,0xEF7D,0xEF7D,0xEF7D,0xF79D,0xEF7D,0xEF9D,0xEF7D,0xEF7D,0xEF9D,
0xEF9D,0xF79D,0xEF9D,0xEF9D,0xEF9D,0xEF9D,0xEF7D,0xEF7D,0xEF7D,0xEF7D,0xEF7D,0xEF7D,0xEF7D,0xEF9D,0xEF9D,0xEF9D,
0xEF9D,0xEF9D,0xEF9D,0xEF7D,0xEF7D,0xEF7D,0xEF7D,0xF79D,0xEF9D,0xEF7D,0xEF7D,0xF79D,0xEF9D,0xEF9D,0xEF7D,0xEF9D,
0xEF9D,0xF79D,0xF79D,0xEF9D,0xEF9D,0xF79D,0xF79D,0xEF9D,0xF79D,0xEF9D,0xF79D,0xF79D,0xEF9D,0xEF9D,0xEF9D,0xEF7D,
0xF77D,0xF77D,0xF79D,0xF79D,0xEF9D,0xEF7D,0xEF9D,0xEF9D,0xEF9D,0xEF9D,0xEF9D,0xF79D,0xEF9D,0xEF9D,0xF79D,0xEF9D,
0xEF7D,0xEF7D,0xEF9D,0xF79D,0xF79D,0xF79D,0xF79D,0xEF9D,0xEF9D,0xEF9D,0xEF9D,0xEF9D,0xEF9D,0xF79D,0xEF9D,0xF79D,
0xF79D,0xF79D,0xEF9D,0xEF9D,0xEF9D,0xEF7D,0xEF9D,0xEF9D,0xEF9D,0xEF7D,0xF79D,0xEF9D,0xEF9D,0xEF9D,0xF79D,0xF79D,
0xF79D,0xEF9D,0xEF9D,0xEF9D,0xEF9D,0xEF9D,0xEF9D,0xEF7D,0xEF9D,0xEF7D,0xEF7D,0xEF7D,0xF79E,0xF79E,0xF79E,0xF79E,
0xF79E,0xEF7D,0xEF7D,0xEF9D,0xEF9D,0xF79D,0xF79D,0xEF9D,0xF79D,0xEF9D,0xEF7D,0xEF9D,0xEF9D,0xEF7D,0xEF9D,0xEF9D,
0xEF9D,0xEF9D,0xEF9D,0xEF9D,0xEF9D,0xEF9D,0xEF9D,0xEF7D,0xEF9D,0xF79D,0xF79D,0xEF9D,0xEF7D,0xEF9D,0xEF9D,0xEF9D,
0xF77D,0xF77D,0xF77D,0xEF9D,0xEF9D,0xEF9D,0xEF9D,0xF79D,0xF79D,0xEF9D,0xEF9D,0xEF7D,0xEF9D,0xEF7D,0xEF9D,0xEF9D,
0xEF9D,0xF79D,0xF79D,0xF79D,0xF79D,0xF79D,0xEF9D,0xEF9D,0xEF9D,0xF79D,0xF79D,0xEF9D,0xEF9D,0xEF9D,0xEF9D,0xEF9D,
0xEF9D,0xEF9D,0xEF9D,0xEF9D,0xEF9D,0xEF7D,0xEF7D,0xEF9D,0xEF9D,0xF77D,0xF79D,0xF7DD,0xF7BE,0xF7BE,0xF7BE,0xF7BE,
0xF7BE,0xF7BE,0xF7BD,0xF7BE,0xF7BE,0xF7BE,0xF7BE,0xF7BE,0xF7BE,0xF7BE,0xF7BE,0xF7BE,0xF7BE,0xF7BE,0xF7BE,0xF7DE,
0xF7BE,0xF7BE,0xF7BE,0xF7BE,0xF7BE,0xF7BE,0xF7BE,0xF7BE,0xF7BE,0xF7BE,0xF7BE,0xF7DE,0xF7DE,0xF7BE,0xF7BD,0xF7BE,
0xF7BD,0xF7BD,0xF7BD,0xF7BE,0xF7BD,0xF7BE,0xF7BE,0xF7BE,0xF7BE,0xF7BD,0xF7BD,0xF7BE,0xF7BE,0xF7BE,0xF7BE,0xF7BE,
0xF7BE,0xF7BE,0xF7BE,0xF7BE,0xF7BE,0xF7BE,0xF7BE,0xF7BE,0xF7BE,0xF7BE,0xF7BE,0xF7BD,0xF7BE,0xF7DE,0xF7BE,0xF7BE,
0xF7BE,0xF7BE,0xF7BE,0xF7BE,0xF7BE,0xF7BE,0xF7BD,0xF7BD,0xF7BE,0xF7BE,0xF7BE,0xF7BE,0xF7BE,0xF7BE,0xF7BE,0xF7BE,
0xF7BD,0xF7BE,0xF7BE,0xF7BE,0xF7BE,0xF7BE,0xF7BE,0xF7BE,0xF7BE,0xF7BE,0xF7BE,0xF7BE,0xF7BE,0xF7BE,0xF7BE,0xF7BE,
0xF7BE,0xF7BE,0xF7BE,0xF7BE,0xF7BE,0xF7BE,0xF7DE,0xF7BE,0xF7DE,0xF7BE,0xF7BE,0xF7BE,0xF7DE,0xF7DE,0xF7DE,0xF7BD,
0xEF9D,0xEF7D,0xEF9D,0xEF9D,0xEF9D,0xEF9D,0xEF7D,0xF77D,0xEF9D,0xEF9D,0xEF7D,0xF77D,0xF79D,0xF79D,0xEF9D,0xEF9D,
0xEF9D,0xEF9D,0xEF9D,0xEF9D,0xEF9D,0xEF9D,0xEF9D,0xEF9D,0xEF7D,0xEF9D,0xF79D,0xF79D,0xEF7D,0xEF9D,0xEF9D,0xF79D,
0xF79D,0xEF9D,0xEF7D,0xEF7D,0xEF9D,0xEF9D,0xEF9D,0xEF9D,0xEF9D,0xEF9D,0xEF9D,0xF79D,0xEF9D,0xEF9D,0xEF9D,0xEF7D,
0xEF7D,0xEF9D,0xEF9D,0xEF7D,0xEF7D,0xEF9D,0xEF9D,0xEF7D,0xEF7D,0xEF9D,0xEF9D,0xEF9D,0xEF7D,0xEF7D,0xEF9D,0xEF9D,
0xEF9D,0xEF9D,0xEF9D,0xEF7D,0xEF7D,0xEF7D,0xEF7D,0xF79E,0xF79E,0xF79E,0xF79E,0xF79E,0xEF7D,0xEF7D,0xEF9D,0xEF9D,
0xF79D,0xF79D,0xF79D,0xF79D,0xEF9D,0xEF7D,0xEF9D,0xEF9D,0xEF7D,0xEF7D,0xEF9D,0xEF9D,0xEF9D,0xEF9D,0xEF9D,0xEF9D,
0xEF9D,0xEF9D,0xEF9D,0xF79D,0xF79D,0xF79D,0xF79D,0xF79D,0xEF7D,0xF79D,0xF79D,0xF77D,0xEF7D,0xEF7D,0xEF9D,0xEF9D,
0xEF9D,0xEF7D,0xF79D,0xF79D,0xF79D,0xF79D,0xEF7D,0xEF9D,0xEF9D,0xF79D,0xEF9D,0xEF7D,0xEF9D,0xF79D,0xEF9D,0xF79D,
0xEF9D,0xEF9D,0xEF9D,0xEF9D,0xF79D,0xF79D,0xEF9D,0xF79D,0xF79D,0xF79D,0xF79D,0xF79D,0xEF9D,0xEF9D,0xF79D,0xEF7D,
0xEF7D,0xEF9D,0xEF7D,0xEF9D,0xF79D,0xF73B,0xEE77,0xEE98,0xEE98,0xEE98,0xEE98,0xEE98,0xEE98,0xEE98,0xEE98,0xEE98,
0xEE98,0xEE98,0xEE98,0xEE78,0xEE78,0xEE78,0xEE98,0xEE98,0xEE98,0xEE98,0xEE98,0xEE98,0xEE98,0xEE98,0xEE98,0xEE98,
0xEE98,0xEE78,0xEE78,0xEE78,0xEE98,0xEE78,0xEE78,0xEE78,0xEE98,0xEE78,0xEE78,0xEE78,0xEE78,0xEE78,0xEE98,0xEE98,
0xEE78,0xEE78,0xEE78,0xEE78,0xEE78,0xEE78,0xEE78,0xEE78,0xEE78,0xEE78,0xEE78,0xEE78,0xEE78,0xEE78,0xEE78,0xEE78,
0xEE78,0xEE78,0xEE78,0xEE98,0xEE98,0xEE98,0xEE98,0xEE78,0xEE78,0xEE78,0xEE78,0xEE78,0xEE78,0xEE78,0xEE78,0xEE98,
0xEE98,0xEE98,0xEE78,0xEE98,0xEE98,0xEE98,0xEE98,0xEE98,0xEE98,0xEE98,0xEE98,0xEE98,0xEE78,0xEE98,0xEE98,0xEE78,
0xEE78,0xEE78,0xEE78,0xEE98,0xEE98,0xEE98,0xEE98,0xEE98,0xEE98,0xEE98,0xEE98,0xEE98,0xEE98,0xEE78,0xEE78,0xEE78,
0xEE78,0xEE78,0xEE78,0xEE78,0xEE98,0xEE98,0xEE98,0xEEB9,0xEEB9,0xEEB8,0xEED9,0xEF7C,0xEF9D,0xEF9D,0xEF9D,0xF79D,
0xEF9D,0xEF7D,0xEF7D,0xEF9D,0xEF9D,0xEF9D,0xEF7D,0xEF7D,0xEF9D,0xEF9D,0xEF9D,0xEF9D,0xEF9D,0xEF9D,0xF79D,0xF79D,
0xEF9D,0xF79D,0xEF9D,0xEF7D,0xEF7D,0xF79D,0xF79D,0xF79D,0xEF9D,0xEF7D,0xEF9D,0xEF9D,0xEF9D,0xEF9D,0xEF9D,0xEF9D,
0xEF9D,0xEF9D,0xEF9D,0xF79D,0xEF9D,0xF79D,0xEF9D,0xEF9D,0xEF9D,0xEF9D,0xEF9D,0xEF7D,0xF79D,0xEF9D,0xEF7D,0xF79D,
0xEF9D,0xEF9D,0xF79D,0xEF9D,0xEF9D,0xEF9D,0xEF9D,0xEF9D,0xEF9D,0xEF9D,0xEF7D,0xEF7D,0xEF7D,0xEF9D,0xEF7D,0xEF9D,
0xEF9D,0xEF7D,0xF79E,0xF79E,0xF79E,0xF79E,0xF79E,0xEF9D,0xEF7D,0xEF9D,0xF79D,0xEF9D,0xEF9D,0xEF9D,0xF79D,0xF79D,
0xF79D,0xEF9D,0xEF9D,0xEF9D,0xEF7D,0xEF9D,0xF79D,0xEF9D,0xEF9D,0xEF9D,0xEF9D,0xEF9D,0xEF9D,0xEF9D,0xEF9D,0xF79D,
0xF79D,0xF79D,0xF79D,0xF79D,0xEF9D,0xEF7D,0xF77D,0xF77D,0xEF7D,0xEF9D,0xF79D,0xEF9D,0xF79D,0xF79D,0xF79D,0xF79D,
0xF79D,0xEF9D,0xF79D,0xEF9D,0xEF9D,0xF79D,0xF79D,0xEF9D,0xEF9D,0xEF9D,0xF79D,0xEF9D,0xEF9D,0xEF9D,0xEF9D,0xF79D,
0xF79D,0xF79D,0xF79D,0xF79D,0xF79D,0xF79D,0xF79D,0xF79D,0xF79D,0xF79D,0xEF9D,0xEF9D,0xEF9D,0xF79D,0xEF9D,0xF7BD,
0xE616,0xCB4A,0xCBAB,0xCBCB,0xD3CC,0xD3CB,0xD3CB,0xD3CB,0xD3AB,0xD3CB,0xCBAB,0xD3AB,0xD3AB,0xCBAB,0xCBAB,0xCBAB,
0xCBAB,0xD3AB,0xD3AB,0xD3AB,0xD3AB,0xD3CB,0xD3CB,0xCBAB,0xCBAB,0xCBAB,0xD3AB,0xCBAB,0xCBAB,0xD3AB,0xCBAB,0xCBAB,
0xCBAB,0xD3AB,0xD3AB,0xD3AB,0xD3AB,0xCBAB,0xCBAB,0xD3AB,0xD3AB,0xCBAB,0xCBAB,0xCBAB,0xCBAB,0xCBAB,0xCBAB,0xCBAB,
0xD3AB,0xD3AB,0xCBAB,0xCB8B,0xCB8B,0xCB8B,0xCBAB,0xCBAB,0xCBAB,0xCBAB,0xCBAB,0xCBAB,0xCBAB,0xCBAB,0xCBAB,0xCBAB,
0xCBAB,0xCBAB,0xCBAB,0xD3AB,0xCBAB,0xCBAB,0xCBAB,0xCBAB,0xCBAB,0xCBAB,0xCBAB,0xCBAB,0xD3AB,0xCBAB,0xCBAB,0xCBAB,
0xCBAB,0xCBAB,0xCBAB,0xCBAB,0xD3AB,0xCBAB,0xCBAB,0xD3AB,0xD3AB,0xCBAB,0xD3AB,0xCBAB,0xCBAB,0xCBAB,0xD3AB,0xCBCB,
0xCBAB,0xD3AB,0xD3AB,0xCBAB,0xD3AB,0xD3CB,0xD3AB,0xD3CB,0xD3AB,0xD3AB,0xD3AB,0xD3AB,0xD3AB,0xD3AB,0xD3AB,0xD3AB,
0xD3CC,0xD3CC,0xD3CC,0xD3EC,0xCBCB,0xCC70,0xF75C,0xF79D,0xEF9D,0xEF9D,0xF79D,0xEF9D,0xF79D,0xF77D,0xF79D,0xF79D,
0xF79D,0xEF9D,0xEF9D,0xEF9D,0xEF9D,0xEF9D,0xEF9D,0xEF9D,0xF79D,0xF79D,0xF79D,0xF79D,0xEF9D,0xEF9D,0xF79D,0xEF9D,
0xEF9D,0xEF9D,0xF79D,0xEF9D,0xEF9D,0xEF9D,0xEF9D,0xF79D,0xF79D,0xF79D,0xEF9D,0xEF9D,0xEF9D,0xEF9D,0xF79D,0xF79D,
0xF79D,0xEF9D,0xEF9D,0xEF9D,0xEF9D,0xEF9D,0xEF9D,0xEF7D,0xEF7D,0xEF9D,0xF79D,0xEF9D,0xEF9D,0xF79D,0xEF9D,0xEF9D,
0xEF9D,0xEF9D,0xEF9D,0xEF9D,0xF79D,0xEF9D,0xEF9D,0xEF9D,0xEF9D,0xEF7D,0xEF9D,0xEF7D,0xEF7D,0xF79E,0xF79E,0xF79E,
0xF79E,0xF79E,0xEF7D,0xEF9D,0xEF7D,0xEF9D,0xEF9D,0xEF9D,0xEF7D,0xEF9D,0xF79D,0xEF9D,0xEF7D,0xEF9D,0xEF7D,0xEF7D,
0xEF9D,0xEF9D,0xEF9D,0xEF9D,0xEF9D,0xEF9D,0xEF9D,0xEF9D,0xEF9D,0xEF9D,0xF79D,0xF79D,0xF79D,0xF79D,0xEF9D,0xEF9D,
0xEF7D,0xF79D,0xF77D,0xF77D,0xF79D,0xEF9D,0xEF9D,0xF79D,0xF79D,0xF79D,0xEF9D,0xEF9D,0xEF9D,0xEF7D,0xEF9D,0xEF9D,
0xEF9D,0xF79D,0xF79D,0xEF9D,0xEF9D,0xEF9D,0xEF9D,0xEF9D,0xEF9D,0xF79D,0xF79D,0xEF9D,0xF79D,0xF79D,0xEF9D,0xEF9D,
0xEF9D,0xF79D,0xF79D,0xEF9D,0xEF9D,0xEF9D,0xF79D,0xEF9D,0xF79D,0xF79D,0xF7BE,0xE616,0xCB49,0xD3AA,0xD3AB,0xDBCB,
0xDBCB,0xDBCB,0xDBAB,0xD3AB,0xD3AB,0xD3AB,0xD3AB,0xD3AA,0xD3AA,0xD3AB,0xD3AB,0xD3AB,0xD3AB,0xD3AB,0xD3AB,0xD3AB,
0xDBCB,0xD3AB,0xD3AB,0xD3AB,0xD3AB,0xD3AB,0xD3AA,0xD3AA,0xD3AA,0xD3AA,0xD3AA,0xD38A,0xD3AB,0xD3AB,0xDBAB,0xDBAB,
0xD3AB,0xD3AB,0xD3AB,0xD3AB,0xD3AB,0xD3AB,0xD3AB,0xD3AB,0xD3AB,0xD3AB,0xD3AB,0xDBAB,0xD3AA,0xD3AA,0xD3AB,0xD3AB,
0xD3AB,0xD3AB,0xD3AB,0xD3AB,0xD3AB,0xD3AB,0xD3AB,0xD3AB,0xD3AB,0xD3AB,0xD3AB,0xD3AB,0xD3AB,0xD3AB,0xD3AB,0xD3AB,
0xD3AB,0xD3AB,0xD3AB,0xD3AB,0xD3AB,0xD3AA,0xD3AB,0xD3AB,0xD3AB,0xD3AB,0xDBAB,0xD3AB,0xD3AA,0xD3AB,0xD3AA,0xDBAB,
0xD3AB,0xD3AB,0xDBAB,0xDBAB,0xD3AA,0xD3AB,0xD3AB,0xD3AB,0xD3AA,0xD3AA,0xD3AB,0xDBCB,0xD3CB,0xDBCB,0xDBAB,0xD3AB,
0xD3AB,0xD3AB,0xD3CB,0xD3AB,0xD3AB,0xD3AB,0xD3AB,0xD3AB,0xD3AB,0xDBCB,0xDBCB,0xDBCB,0xDBCB,0xDBAB,0xD3AB,0xD38A,
0xD44E,0xF73C,0xEF9D,0xEF9D,0xEF7D,0xEF7D,0xEF7D,0xF79D,0xF79D,0xF77D,0xF77D,0xF79D,0xF79D,0xF79D,0xF79D,0xEF9D,
0xEF9D,0xF79D,0xEF9D,0xEF9D,0xF79D,0xF79D,0xF79D,0xEF9D,0xEF9D,0xF79D,0xF79D,0xF79D,0xEF9D,0xEF7D,0xEF9D,0xF79D,
0xF79D,0xF79D,0xF79D,0xEF9D,0xEF9D,0xEF9D,0xEF9D,0xF79D,0xF79D,0xF79D,0xF79D,0xEF9D,0xEF9D,0xEF9D,0xEF9D,0xEF9D,
0xEF9D,0xEF9D,0xEF9D,0xEF9D,0xEF9D,0xEF9D,0xEF9D,0xEF9D,0xEF9D,0xEF9D,0xEF9D,0xEF9D,0xEF9D,0xEF9D,0xF79D,0xF79D,
0xEF9D,0xEF7D,0xEF9D,0xEF9D,0xEF7D,0xEF7D,0xEF7D,0xEF7D,0xF79E,0xF79E,0xF79E,0xF79E,0xF79E,0xEF7D,0xEF9D,0xF79D,
0xF79D,0xF79D,0xEF7D,0xEF9D,0xEF9D,0xF79D,0xEF9D,0xEF7D,0xEF9D,0xEF9D,0xEF7D,0xEF9D,0xEF9D,0xEF9D,0xF79D,0xF79D,
0xEF9D,0xEF9D,0xEF9D,0xEF9D,0xEF9D,0xF79D,0xF79D,0xEF9D,0xEF9D,0xEF9D,0xEF9D,0xF79D,0xF79D,0xEF7D,0xEF7D,0xF79D,
0xEF7D,0xEF7D,0xEF9D,0xEF9D,0xEF9D,0xEF9D,0xEF9D,0xEF9D,0xEF7D,0xEF7D,0xEF9D,0xF79D,0xF79D,0xEF9D,0xEF9D,0xF79D,
0xEF9D,0xEF9D,0xEF9D,0xEF9D,0xEF9D,0xEF9D,0xEF9D,0xF79D,0xF79D,0xEF9D,0xEF9D,0xF79D,0xEF9D,0xEF9D,0xEF9D,0xEF9D,
0xEF9D,0xEF9D,0xEF7D,0xF79D,0xEF9D,0xF7BE,0xEE36,0xCB6A,0xD3AB,0xD3CB,0xD3CB,0xD3CB,0xDBEB,0xDBEB,0xD3CB,0xD3CB,
0xD3CB,0xD3CB,0xD3CB,0xD3CB,0xD3CB,0xD3CB,0xD3CB,0xD3CB,0xD3CB,0xD3CB,0xD3EB,0xD3EB,0xD3CB,0xD3CB,0xDBCB,0xDBCB,
0xD3CB,0xD3CB,0xDBCB,0xD3CB,0xD3CB,0xD3CB,0xD3CB,0xD3CB,0xD3CB,0xDBCB,0xDBCB,0xDBCB,0xDBCB,0xD3CB,0xD3CB,0xDBEB,
0xDBCB,0xDBCB,0xDBEB,0xD3CB,0xD3CB,0xD3CB,0xD3CB,0xD3CB,0xD3CB,0xD3CB,0xD3CB,0xD3CB,0xD3CB,0xD3CB,0xD3CB,0xD3CB,
0xD3CB,0xD3CB,0xD3CB,0xD3CB,0xD3CB,0xD3CB,0xD3CB,0xD3CB,0xD3CB,0xD3CB,0xD3CB,0xD3CB,0xD3CB,0xD3CB,0xDBCB,0xD3CB,
0xD3CB,0xD3CB,0xD3CB,0xD3CB,0xD3CB,0xD3CB,0xD3CB,0xD3CB,0xDBCB,0xD3CB,0xD3CB,0xD3CB,0xD3CB,0xDBCB,0xDBCB,0xDBCB,
0xD3CB,0xD3CB,0xD3CB,0xD3CB,0xD3CB,0xD3CB,0xDBEB,0xDBEB,0xDBEB,0xDBEB,0xDBCB,0xD3CB,0xD3CB,0xD3CB,0xD3CB,0xD3CB,
0xD3CB,0xD3CB,0xD3CB,0xD3CB,0xDBEC,0xDBEC,0xDBEC,0xDBEC,0xDBEB,0xDBCB,0xD3AB,0xCC4E,0xF75C,0xEF9D,0xEF9D,0xEF9D,
0xEF7D,0xEF7D,0xEF9D,0xEF9D,0xF79D,0xEF9D,0xEF9D,0xEF9D,0xEF9D,0xEF9D,0xEF9D,0xEF9D,0xEF9D,0xEF9D,0xEF9D,0xF79D,
0xF79D,0xF79D,0xEF9D,0xEF9D,0xF79D,0xF79D,0xF79D,0xEF9D,0xEF9D,0xEF9D,0xF79D,0xF79D,0xEF9D,0xEF9D,0xEF9D,0xEF9D,
0xEF9D,0xEF9D,0xF79D,0xEF9D,0xEF9D,0xEF9D,0xEF9D,0xEF9D,0xEF9D,0xEF9D,0xEF9D,0xEF9D,0xEF7D,0xEF9D,0xEF9D,0xEF7D,
0xEF7D,0xEF9D,0xEF9D,0xEF9D,0xEF9D,0xEF9D,0xEF9D,0xEF9D,0xEF9D,0xF79D,0xF79D,0xEF9D,0xEF9D,0xEF9D,0xEF9D,0xEF7D,
0xEF7D,0xEF7D,0xEF7D,0xF79E,0xF79E,0xF79E,0xF79E,0xF79E,0xEF7D,0xEF9D,0xEF9D,0xEF9D,0xEF9D,0xEF7D,0xEF9D,0xEF9D,
0xEF9D,0xEF9D,0xEF9D,0xEF9D,0xEF9D,0xEF7D,0xEF9D,0xEF9D,0xEF9D,0xEF9D,0xEF9D,0xF79D,0xF79D,0xEF9D,0xEF9D,0xEF9D,
0xF79D,0xF79D,0xEF9D,0xEF9D,0xEF9D,0xEF7D,0xEF7D,0xF77D,0xEF7D,0xEF7D,0xEF9D,0xEF9D,0xEF9D,0xEF9D,0xEF9D,0xEF9D,
0xEF9D,0xEF9D,0xEF9D,0xEF7D,0xEF9D,0xF79D,0xF79D,0xF79D,0xF79D,0xF79D,0xF79D,0xEF9D,0xEF9D,0xEF9D,0xEF9D,0xEF9D,
0xEF9D,0xF79D,0xF79D,0xEF9D,0xEF9D,0xEF9D,0xF79D,0xEF9D,0xEF9D,0xEF9D,0xEF9D,0xEF9D,0xEF9D,0xF79D,0xF79D,0xEF9D,
0xF7BE,0xEE36,0xCB6A,0xDBAA,0xD3AB,0xD3CB,0xD3CB,0xDBCB,0xDBCB,0xD3CB,0xD3CB,0xD3CB,0xD3CB,0xDBAB,0xDBCB,0xD3CB,
0xD3CB,0xD3CB,0xD3AB,0xD3AB,0xD3CB,0xD3CB,0xD3CB,0xD3CB,0xDBCB,0xDBCB,0xDBCB,0xDBAB,0xDBAB,0xDBCB,0xD3AB,0xD3AB,
0xD3AB,0xD3AB,0xD3AB,0xD3AB,0xDBCB,0xDBCB,0xDBCB,0xD3CB,0xDBCB,0xD3CB,0xDBCB,0xD3CB,0xD3CB,0xD3CB,0xD3CB,0xD3CB,
0xD3CB,0xD3AB,0xDBCB,0xDBCB,0xD3CB,0xD3CB,0xD3CB,0xD3CB,0xD3CB,0xD3CB,0xD3CB,0xD3CB,0xDBCB,0xDBCB,0xD3CB,0xD3CB,
0xD3CB,0xD3CB,0xD3AB,0xD3AB,0xD3AB,0xD3AB,0xD3AB,0xDBCB,0xDBAB,0xDBCB,0xD3CB,0xD3CB,0xD3CB,0xD3CB,0xD3CB,0xD3CB,
0xD3CB,0xDBCB,0xD3CB,0xD3CB,0xD3CB,0xD3CB,0xD3CB,0xDBCB,0xDBCB,0xDBCB,0xDBCB,0xDBCB,0xD3CB,0xD3CB,0xD3CB,0xD3CB,
0xD3CB,0xD3CB,0xDBCB,0xDBCB,0xDBCB,0xDBCB,0xDBCB,0xDBCB,0xD3CB,0xD3CB,0xD3CB,0xD3AB,0xDBAB,0xDBCB,0xDBCB,0xDBCB,
0xDBCC,0xDBEB,0xDBEB,0xDBEB,0xDBAB,0xD38A,0xD44E,0xF75C,0xF7BD,0xEF9D,0xEF9D,0xEF9D,0xEF9D,0xEF9D,0xEF9D,0xEF9D,
0xEF9D,0xEF9D,0xEF9D,0xF79D,0xEF9D,0xEF9D,0xEF9D,0xEF9D,0xEF9D,0xEF9D,0xF79D,0xF79D,0xEF9D,0xEF9D,0xEF9D,0xEF9D,
0xF79D,0xF79D,0xEF9D,0xEF9D,0xEF9D,0xF79D,0xF79D,0xEF9D,0xEF9D,0xEF9D,0xEF9D,0xEF9D,0xEF9D,0xF79D,0xF79D,0xEF9D,
0xF79D,0xF79D,0xEF9D,0xEF9D,0xEF9D,0xF79D,0xEF9D,0xEF7D,0xEF9D,0xEF9D,0xEF9D,0xEF9D,0xEF9D,0xEF9D,0xEF7D,0xEF9D,
0xEF9D,0xEF9D,0xEF9D,0xF79D,0xF79D,0xEF9D,0xF79D,0xF79D,0xF79D,0xEF9D,0xF79D,0xEF9D,0xEF7D,0xEF7D,0xF79E,0xF79E,
0xF79E,0xF79E,0xF79E,0xEF7D,0xEF9D,0xEF7D,0xEF9D,0xEF9D,0xEF9D,0xF79D,0xEF9D,0xEF9D,0xEF9D,0xEF7D,0xEF9D,0xEF9D,
0xEF9D,0xEF9D,0xEF9D,0xEF9D,0xEF9D,0xEF9D,0xEF9D,0xF79D,0xF79D,0xEF9D,0xEF9D,0xEF9D,0xEF9D,0xF79D,0xF79D,0xEF9D,
0xEF9D,0xEF7D,0xEF7D,0xEF7D,0xEF7D,0xEF7D,0xF77D,0xF77D,0xF79D,0xEF9D,0xEF9D,0xEF9D,0xEF9D,0xEF9D,0xEF9D,0xEF7D,
0xEF9D,0xEF9D,0xEF9D,0xF79D,0xEF9D,0xEF9D,0xEF9D,0xEF9D,0xF79D,0xF79D,0xF79D,0xF79D,0xEF9D,0xEF9D,0xEF9D,0xEF9D,
0xEF9D,0xF79D,0xF79D,0xEF9D,0xEF9D,0xF79D,0xEF9D,0xEF9D,0xEF9D,0xEF7D,0xEF9D,0xF7BE,0xEE37,0xCB8A,0xD3AB,0xD3AB,
0xD3AB,0xD3AB,0xD3CB,0xDBCB,0xDBCB,0xDBCB,0xDBCB,0xDBCB,0xD3AB,0xD3AB,0xD3AB,0xD3AB,0xD3AB,0xD3AB,0xD3AB,0xD3AB,
0xD3AB,0xDBCB,0xDBCB,0xD3CB,0xDBCB,0xDBCB,0xDBCB,0xDBCB,0xDBAB,0xD3AB,0xD3AB,0xD3AB,0xD3AB,0xD3AB,0xD3AB,0xD3AB,
0xD3AB,0xDBCB,0xDBAB,0xDBCB,0xDBCB,0xDBCB,0xDBCB,0xD3CB,0xD3CB,0xD3CB,0xD3CB,0xDBAB,0xD3AB,0xD3AB,0xD3AB,0xDBCB,
0xD3CB,0xD3CB,0xD3CB,0xD3CB,0xD3CB,0xD3CB,0xD3CB,0xD3CB,0xD3CB,0xDBAB,0xDBAB,0xD3CB,0xD3AB,0xD3AB,0xDBAB,0xDBAB,
0xD3AB,0xD3AB,0xD3AB,0xD3AB,0xDBCB,0xD3AB,0xDBCB,0xDBCB,0xDBCB,0xDBCB,0xDBCB,0xDBCB,0xDBCB,0xD3AB,0xDBCB,0xD3AB,
0xD3AB,0xD3CB,0xDBCB,0xDBCB,0xDBCB,0xDBCB,0xDBCB,0xDBAB,0xDBCB,0xD3AB,0xD3AB,0xD3CB,0xD3CB,0xDBCB,0xDBCB,0xDBCB,
0xDBCB,0xD3CB,0xD3CB,0xD3AB,0xD3CB,0xD3CB,0xD3AB,0xD3AB,0xDBCB,0xDBCB,0xDBCB,0xDBCB,0xDBEB,0xDBEB,0xDBCB,0xD3AB,
0xD38A,0xCC4E,0xF75C,0xEFBD,0xEF7D,0xEF7D,0xEF9D,0xEF9D,0xF79D,0xEF9D,0xEF9D,0xEF9D,0xEF9D,0xEF9D,0xEF9D,0xEF9D,
0xEF9D,0xEF9D,0xF79D,0xEF9D,0xEF9D,0xEF9D,0xEF9D,0xEF9D,0xEF9D,0xF79D,0xF79D,0xEF9D,0xEF9D,0xEF9D,0xEF9D,0xEF9D,
0xEF9D,0xEF9D,0xEF9D,0xEF9D,0xEF9D,0xEF9D,0xEF9D,0xF79D,0xF79D,0xF79D,0xF79D,0xF79D,0xF79D,0xEF9D,0xF79D,0xEF9D,
0xEF9D,0xF79D,0xEF7D,0xEF9D,0xEF7D,0xEF9D,0xF79D,0xF79D,0xEF9D,0xEF9D,0xEF9D,0xEF9D,0xEF9D,0xEF9D,0xEF9D,0xF79D,
0xF79D,0xEF9D,0xF79D,0xF79D,0xEF9D,0xEF9D,0xEF7D,0xEF7D,0xEF7D,0xF79E,0xF79E,0xF79E,0xF79E,0xF79E,0xEF9D,0xEF9D,
0xEF9D,0xEF9D,0xEF9D,0xEF9D,0xEF9D,0xEF9D,0xEF9D,0xEF7D,0xEF7D,0xEF9D,0xEF9D,0xEF9D,0xF79D,0xEF9D,0xEF7D,0xF79D,
0xEF9D,0xEF7D,0xEF7D,0xF79D,0xF79D,0xEF9D,0xEF9D,0xEF9D,0xF79D,0xEF9D,0xEF7D,0xEF9D,0xEF9D,0xEF9D,0xEF9D,0xF79D,
0xF77D,0xF77D,0xF77D,0xF79D,0xEF9D,0xEF9D,0xEF9D,0xEF9D,0xEF9D,0xF79D,0xEF9D,0xEF9D,0xEF9D,0xEF9D,0xF79D,0xF79D,
0xF79D,0xF79D,0xF79D,0xF79D,0xF79D,0xF79D,0xF79D,0xEF9D,0xF79D,0xF79D,0xEF9D,0xEF7D,0xEF9D,0xEF7D,0xEF7D,0xEF7D,
0xEF9D,0xEF7D,0xF79D,0xEF9D,0xEF9D,0xEF9D,0xF7BE,0xEE37,0xD38A,0xD3AB,0xD38B,0xD38B,0xD3AB,0xD3AB,0xD3AB,0xD3AB,
0xDBAB,0xDBCB,0xDBCB,0xD3AB,0xD3AB,0xD3AB,0xD3AB,0xD3AB,0xD3AB,0xD3AB,0xD3AB,0xD3AB,0xD3AB,0xD3AB,0xD3AB,0xDBCB,
0xDBCB,0xDBCB,0xDBCB,0xDBAB,0xD3AB,0xD3AB,0xD3AB,0xD3AB,0xD38B,0xD3AB,0xD3AB,0xD3AB,0xD3AB,0xDBAB,0xDBAB,0xDBCB,
0xD3AB,0xD3CB,0xD3CB,0xD3CB,0xD3CB,0xDBCB,0xD3AB,0xDBCB,0xD3AB,0xD3AB,0xD3AB,0xD3AB,0xD3CB,0xD3CB,0xD3CB,0xD3CB,
0xD3CB,0xD3CB,0xD3AB,0xD3AB,0xDBAB,0xDBAB,0xD3AB,0xD3AB,0xD3AB,0xD3AB,0xD3AB,0xD3AB,0xDBAB,0xD3AB,0xD3AB,0xD3CB,
0xD3AB,0xDBCB,0xDBCB,0xDBCB,0xDBAB,0xDBAB,0xDBCB,0xDBAB,0xDBCB,0xD3AB,0xD3AB,0xD3AB,0xD3AB,0xD3AB,0xDBCB,0xDBCB,
0xDBCB,0xDBCB,0xD3AB,0xDBCB,0xD3AB,0xD3AB,0xD3CB,0xDBCB,0xDBCB,0xDBCB,0xDBCB,0xDBCB,0xD3CB,0xD3AB,0xD3AB,0xD3AB,
0xD3AB,0xD3AB,0xDBCB,0xDBCB,0xDBCB,0xDBCB,0xDBEB,0xDBEB,0xDBCB,0xD3CB,0xD3AB,0xDB8A,0xCC6E,0xF75C,0xF7BD,0xEF9D,
0xEF7D,0xEF7D,0xEF9D,0xF79D,0xEF9D,0xEF9D,0xEF9D,0xEF9D,0xEF9D,0xEF9D,0xEF9D,0xEF9D,0xF79D,0xF79D,0xEF9D,0xEF9D,
0xEF9D,0xEF9D,0xEF9D,0xEF9D,0xEF9D,0xF79D,0xEF9D,0xEF9D,0xEF9D,0xF79D,0xEF9D,0xEF9D,0xEF9D,0xEF9D,0xEF9D,0xEF9D,
0xF79D,0xEF9D,0xF79D,0xEF9D,0xEF9D,0xEF9D,0xF79D,0xEF9D,0xEF9D,0xEF9D,0xEF9D,0xEF7D,0xEF9D,0xF79D,0xF79D,0xEF9D,
0xEF9D,0xF79D,0xEF9D,0xEF9D,0xEF9D,0xEF9D,0xEF9D,0xEF9D,0xEF9D,0xEF9D,0xEF9D,0xEF9D,0xEF9D,0xF79D,0xF79D,0xEF9D,
0xEF7D,0xEF7D,0xEF7D,0xEF7D,0xF79E,0xF79E,0xF79E,0xF79E,0xF79E,0xEF7D,0xF79D,0xF79D,0xEF9D,0xEF9D,0xEF9D,0xEF9D,
0xEF9D,0xEF9D,0xEF9D,0xEF7D,0xEF9D,0xEF9D,0xEF7D,0xEF7D,0xEF9D,0xEF9D,0xEF9D,0xEF7D,0xEF7D,0xEF9D,0xEF9D,0xF79D,
0xEF9D,0xEF9D,0xEF9D,0xEF9D,0xEF7D,0xEF9D,0xEF9D,0xEF9D,0xEF9D,0xEF9D,0xF79D,0xEF9D,0xEF9D,0xEF9D,0xEF9D,0xEF9D,
0xEF9D,0xEF7D,0xEF9D,0xF79D,0xF79D,0xF79D,0xEF9D,0xEF9D,0xEF9D,0xEF9D,0xEF9D,0xEF9D,0xEF9D,0xEF9D,0xEF9D,0xEF9D,
0xEF9D,0xEF9D,0xEF9D,0xEF9D,0xEF9D,0xEF9D,0xEF9D,0xEF9D,0xEF7D,0xEF9D,0xF79D,0xF79D,0xEF9D,0xEF7D,0xEF9D,0xF77D,
0xF79D,0xF7BE,0xEE37,0xD38A,0xD3AB,0xD3AB,0xD38B,0xD3AB,0xD3AB,0xD3CB,0xDBCB,0xDBCB,0xD3CB,0xD3AB,0xD3AB,0xD3AB,
0xD3AB,0xDBCB,0xDBCB,0xD3AB,0xD3AB,0xD3AB,0xD3AB,0xD3AB,0xD3AB,0xD3AB,0xDBCB,0xDBCB,0xDBCB,0xDBCB,0xDBCB,0xDBAB,
0xDBAB,0xDBAB,0xD3AB,0xD3AB,0xD3AB,0xD3AB,0xDBAB,0xDBAB,0xDBAB,0xDBAB,0xDBCB,0xD3CB,0xD3CB,0xDBCB,0xDBCB,0xD3CB,
0xDBCB,0xDBCB,0xDBCB,0xDBCB,0xDBCB,0xDBCB,0xD3CB,0xD3CB,0xD3AB,0xD3CB,0xD3CB,0xD3CB,0xD3AB,0xD3CB,0xDBAB,0xDBAB,
0xDBAB,0xDBAB,0xD3AB,0xD3AB,0xD3AB,0xDBAB,0xDBAB,0xDBAB,0xDBAB,0xD3AB,0xD3AB,0xDBCB,0xDBCB,0xDBCB,0xDBCB,0xD3CB,
0xDBCB,0xD3AB,0xD3CB,0xDBCB,0xD3AB,0xD3AB,0xD3AB,0xD3AB,0xD3AB,0xDBCB,0xDBCB,0xDBCB,0xD3CB,0xD3CB,0xD3CB,0xD3AB,
0xD3AB,0xD3CB,0xDBCB,0xDBCB,0xDBCB,0xDBCB,0xDBCC,0xDBCB,0xD3AB,0xD3AB,0xD3AB,0xD3AB,0xD3CB,0xD3CB,0xDBCB,0xDBCB,
0xDBCB,0xDBCC,0xDBCB,0xDBCB,0xD3CB,0xD3AB,0xDB8A,0xCC6F,0xF75C,0xF79D,0xF79D,0xEF9D,0xEF9D,0xEF9D,0xF79D,0xEF9D,
0xEF7D,0xEF9D,0xEF9D,0xEF9D,0xEF9D,0xEF9D,0xEF9D,0xEF9D,0xEF9D,0xEF9D,0xEF9D,0xEF7D,0xEF7D,0xEF9D,0xEF9D,0xF79D,
0xF79D,0xEF9D,0xEF9D,0xEF9D,0xEF9D,0xEF9D,0xEF9D,0xEF9D,0xEF9D,0xEF9D,0xEF9D,0xEF9D,0xEF9D,0xEF9D,0xEF9D,0xEF9D,
0xEF9D,0xF79D,0xF79D,0xF79D,0xF79D,0xF79D,0xF79D,0xF79D,0xF79D,0xF79D,0xF79D,0xEF9D,0xEF9D,0xF79D,0xF79D,0xF79D,
0xF79D,0xEF9D,0xEF9D,0xEF9D,0xEF7D,0xEF7D,0xEF9D,0xF79D,0xF79D,0xF79D,0xEF9D,0xEF7D,0xEF9D,0xEF7D,0xEF7D,0xF79E,
0xF79E,0xF79E,0xF79E,0xF79E,0xEF7D,0xF79D,0xEF9D,0xEF9D,0xEF9D,0xEF9D,0xEF9D,0xEF9D,0xEF7D,0xEF9D,0xEF9D,0xEF9D,
0xEF7D,0xEF7D,0xF79D,0xEF9D,0xEF9D,0xF79D,0xEF9D,0xEF9D,0xEF9D,0xEF9D,0xEF9D,0xEF7D,0xEF9D,0xF79D,0xF79D,0xEF9D,
0xF79D,0xEF9D,0xEF9D,0xEF9D,0xEF9D,0xF79D,0xEF9D,0xEF9D,0xEF9D,0xEF9D,0xEF9D,0xEF9D,0xEF7D,0xEF9D,0xF79D,0xF79D,
0xEF9D,0xEF7D,0xEF9D,0xF79D,0xEF9D,0xF79D,0xF79D,0xF79D,0xF79D,0xF79D,0xEF9D,0xEF9D,0xEF9D,0xEF9D,0xEF9D,0xF79D,
0xEF9D,0xEF9D,0xEF9D,0xF79D,0xEF9D,0xEF9D,0xF79D,0xEF9D,0xEF7D,0xEF9D,0xEF9D,0xEF9D,0xF7BE,0xEE36,0xD38A,0xDBCB,
0xD3AB,0xD3AB,0xD3AB,0xD3CB,0xDBCB,0xDBCB,0xDBCB,0xDBCB,0xDBCB,0xDBCB,0xD3AB,0xD3AB,0xDBAB,0xDBCB,0xDBCB,0xD3AB,
0xD3AB,0xD3AB,0xD3AB,0xD3AB,0xD3AB,0xDBCB,0xDBCB,0xDBCB,0xDBCB,0xDBCB,0xDBCB,0xDBAB,0xD3AB,0xD3AB,0xD3AB,0xD3AB,
0xD3AB,0xD3AB,0xD3AB,0xDBCB,0xDBCB,0xD3CB,0xD3CB,0xDBCB,0xD3CB,0xD3CB,0xDBCB,0xDBCB,0xDBAC,0xDBCB,0xDBCB,0xDBCB,
0xDBCB,0xD3CB,0xD3CB,0xD3CB,0xD3AB,0xD3AB,0xD3CB,0xD3CB,0xD3CB,0xDBCB,0xDBCB,0xDBCB,0xDBCB,0xDBAB,0xDBAB,0xDBAB,
0xD3AB,0xD3AB,0xD3AB,0xD3AB,0xD3AB,0xDBCB,0xDBCB,0xDBCB,0xDBCB,0xDBCB,0xDBCB,0xD3CB,0xD3CB,0xD3CB,0xD3CB,0xD3CB,
0xD3CB,0xDBAB,0xD3AB,0xD3AB,0xDBCB,0xDBCB,0xDBCB,0xDBCB,0xD3CB,0xD3CB,0xD3CB,0xD3CB,0xD3CB,0xD3CB,0xDBCB,0xDBCB,
0xDBCB,0xDBEB,0xD3CB,0xD3AB,0xD3AB,0xD3AB,0xD3CB,0xD3CB,0xD3CB,0xDBCC,0xDBCC,0xDBCC,0xDBCC,0xDBCB,0xD3CB,0xD3CB,
0xD3AB,0xDB8B,0xD46F,0xF75C,0xF7BD,0xEF9D,0xEF7D,0xF79D,0xF79D,0xEF9D,0xF79D,0xEF9D,0xF79D,0xF79D,0xEF9D,0xEF9D,
0xEF9D,0xEF9D,0xEF9D,0xEF9D,0xEF9D,0xEF9D,0xEF9D,0xEF9D,0xEF9D,0xF79D,0xF79D,0xF79D,0xEF9D,0xEF7D,0xEF7D,0xF79D,
0xEF9D,0xEF9D,0xEF9D,0xEF9D,0xEF9D,0xEF9D,0xEF9D,0xEF9D,0xEF9D,0xF79D,0xF79D,0xF79D,0xF79D,0xF79D,0xF79D,0xF79D,
0xF79D,0xEF9D,0xEF9D,0xF79D,0xF79D,0xF79D,0xEF9D,0xEF9D,0xF79D,0xF79D,0xF79D,0xEF9D,0xF79D,0xEF9D,0xEF7D,0xEF7D,
0xEF9D,0xF79D,0xF79D,0xF79D,0xEF9D,0xEF9D,0xEF7D,0xEF9D,0xEF7D,0xEF7D,0xF79E,0xF79E,0xF79E,0xF79E,0xF79E,0xF79D,
0xEF9D,0xF79D,0xF79D,0xEF9D,0xEF7D,0xEF9D,0xEF9D,0xEF7D,0xEF7D,0xEF9D,0xEF9D,0xEF9D,0xEF9D,0xEF9D,0xEF9D,0xF79D,
0xF79D,0xF79D,0xF79D,0xF79D,0xF79D,0xEF9D,0xEF9D,0xEF9D,0xEF9D,0xEF9D,0xEF9D,0xEF7D,0xEF7D,0xEF9D,0xF79D,0xF79D,
0xEF9D,0xF79D,0xEF9D,0xF79D,0xF79D,0xF79D,0xF79D,0xF79D,0xEF9D,0xEF9D,0xEF9D,0xEF7D,0xEF7D,0xEF9D,0xF79D,0xEF9D,
0xF79D,0xF79D,0xF79D,0xF79D,0xF79D,0xF79D,0xEF9D,0xEF9D,0xF79D,0xF79D,0xF79D,0xF79D,0xEF9D,0xEF9D,0xEF9D,0xEF7D,
0xEF7D,0xEF9D,0xEF9D,0xEF9D,0xF79D,0xEF9D,0xEF9D,0xF7BD,0xEE36,0xD38B,0xDBCB,0xDBAB,0xD3AB,0xD3CB,0xD3CB,0xDBAB,
0xD3AB,0xDBCB,0xDBCB,0xDBCB,0xD3AB,0xDBAB,0xDBCB,0xDBCB,0xDBCB,0xDBCB,0xDBCB,0xD3CB,0xD3AB,0xD3AB,0xD3AB,0xD3AB,
0xDBAB,0xDBCB,0xDBCB,0xDBCB,0xDBCB,0xDBCB,0xDBAB,0xD3AB,0xD3AB,0xD3AB,0xD3AB,0xD3AB,0xD3AB,0xDBCB,0xDBCB,0xD3AB,
0xDBCB,0xDBCB,0xDBCC,0xDBCB,0xDBCB,0xDBCB,0xDBCB,0xDBAB,0xDBAB,0xDBCB,0xD3CB,0xD3CB,0xDBCB,0xDBCB,0xDBCB,0xDBCB,
0xDBCB,0xD3CB,0xD3CB,0xD3CB,0xDBCB,0xDBCB,0xD3CB,0xDBAB,0xDBAB,0xD3AB,0xD3AB,0xD3AB,0xD3AB,0xD3AB,0xD3CB,0xD3CB,
0xDBCB,0xDBCB,0xDBCB,0xDBCB,0xDBCB,0xDBCB,0xDBCB,0xDBCB,0xDBCB,0xDBCB,0xD3CB,0xD3CB,0xDBAB,0xD3AB,0xDBCB,0xDBCB,
0xDBCB,0xDBCB,0xDBCB,0xDBCB,0xDBCB,0xDBCB,0xD3CB,0xD3CB,0xDBCB,0xDBCB,0xDBCB,0xDBEB,0xDBCB,0xD3CB,0xD3AB,0xD3AB,
0xD3AB,0xD3AB,0xDBCB,0xDBCB,0xDBCB,0xDBCC,0xDBCC,0xDBCC,0xDBCB,0xD3CB,0xDBCB,0xD3CB,0xDBAB,0xD46F,0xF75C,0xEF9D,
0xEF7D,0xEF7D,0xEF7D,0xEF9D,0xEF7D,0xEF7D,0xEF9D,0xEF9D,0xEF9D,0xEF9D,0xEF9D,0xEF9D,0xEF9D,0xEF9D,0xEF9D,0xEF9D,
0xEF9D,0xEF9D,0xF79D,0xF79D,0xF79D,0xEF7D,0xEF9D,0xF79D,0xEF9D,0xEF9D,0xF79D,0xF79D,0xF79D,0xF79D,0xF79D,0xF79D,
0xF79D,0xF79D,0xEF9D,0xEF9D,0xEF9D,0xEF9D,0xF79D,0xEF9D,0xF79D,0xF79D,0xF79D,0xF79D,0xF79D,0xF79D,0xF79D,0xF79D,
0xEF9D,0xF79D,0xF79D,0xF79D,0xEF9D,0xEF9D,0xF79D,0xF79D,0xF79D,0xEF9D,0xEF9D,0xEF9D,0xF79D,0xF79D,0xF79D,0xEF9D,
0xEF7D,0xEF9D,0xEF7D,0xEF7D,0xEF7D,0xF79E,0xF79E,0xF79E,0xF79E,0xF79E,0xEF7D,0xEF7D,0xF79D,0xF79D,0xF79D,0xF79D,
0xF79D,0xF79D,0xEF9D,0xEF9D,0xEF9D,0xEF9D,0xEF9D,0xEF9D,0xEF9D,0xEF9D,0xEF9D,0xEF9D,0xEF7D,0xEF9D,0xF79D,0xEF7D,
0xEF7D,0xEF7D,0xEF9D,0xEF9D,0xF79D,0xEF9D,0xEF7D,0xEF9D,0xEF9D,0xEF9D,0xF79D,0xEF9D,0xF79D,0xEF9D,0xEF9D,0xEF9D,
0xEF7D,0xEF9D,0xEF9D,0xF79D,0xF79D,0xF79D,0xF79D,0xEF9D,0xEF7D,0xEF9D,0xF79D,0xF79D,0xF79D,0xF79D,0xF79D,0xEF9D,
0xEF9D,0xEF9D,0xEF9D,0xEF9D,0xEF9D,0xEF7D,0xEF9D,0xEF9D,0xF79D,0xF79D,0xF79D,0xF79D,0xF79D,0xF79D,0xF79D,0xEF9D,
0xEF9D,0xEF9D,0xF7BD,0xEE36,0xD38B,0xDBCB,0xDBAB,0xD3AB,0xD3AB,0xD3AB,0xD3AB,0xDBCB,0xDBCB,0xDBCB,0xDBCB,0xD3CB,
0xD3AB,0xDBAB,0xDBCB,0xDBCB,0xDBCB,0xDBAB,0xD3AB,0xD38B,0xD38B,0xD3AB,0xD3AB,0xDBAB,0xDBAB,0xDBAB,0xDBCB,0xDBCB,
0xDBCB,0xDBAB,0xD3AB,0xD3AB,0xD3AB,0xD3AB,0xD3AB,0xD3AB,0xD3AB,0xDBCB,0xDBAB,0xDBCB,0xDBCB,0xDBCB,0xDBCB,0xD3CB,
0xD3CB,0xDBCB,0xDBCB,0xDBCB,0xDBCB,0xDBCB,0xDBCB,0xDBCB,0xDBCB,0xDBCB,0xD3CB,0xD3CB,0xD3CB,0xD3CB,0xD3CB,0xDBCB,
0xDBCB,0xDBCB,0xDBAB,0xDBAB,0xDBAB,0xDBAB,0xD3AB,0xD3CB,0xD3CB,0xDBCB,0xDBCB,0xDBCB,0xDBCB,0xDBCB,0xDBCB,0xDBCB,
0xDBCB,0xDBCB,0xDBCB,0xD3CB,0xD3CB,0xDBCB,0xDBCB,0xDBCB,0xD3AB,0xD3AB,0xDBCB,0xDBCB,0xDBCB,0xDBCB,0xDBCB,0xDBCB,
0xD3CB,0xD3CB,0xD3CB,0xD3AB,0xD3AB,0xD3AB,0xDBCB,0xDBCB,0xD3AB,0xD3AB,0xD3AB,0xD3AB,0xD3AB,0xDBAB,0xDBCB,0xDBCB,
0xDBCB,0xD3CB,0xD3CB,0xD3CB,0xD3CB,0xD3CB,0xDBCB,0xDBAB,0xCC6F,0xF75C,0xEF9D,0xF79D,0xF77D,0xEF9D,0xEF9D,0xF79D,
0xF79D,0xF79D,0xF79D,0xF79D,0xEF9D,0xEF9D,0xEF9D,0xEF9D,0xEF9D,0xEF9D,0xEF9D,0xEF9D,0xEF9D,0xEF9D,0xF77D,0xF79D,
0xEF9D,0xEF9D,0xEF9D,0xF79D,0xEF9D,0xEF9D,0xF79D,0xF79D,0xEF9D,0xF79D,0xF79D,0xF79D,0xF79D,0xEF9D,0xEF9D,0xEF9D,
0xEF9D,0xF79D,0xEF9D,0xEF9D,0xEF9D,0xEF9D,0xEF9D,0xF79D,0xF79D,0xF79D,0xEF9D,0xEF9D,0xEF9D,0xEF9D,0xF79D,0xF79D,
0xEF9D,0xF79D,0xF79D,0xF79D,0xF79D,0xF79D,0xF79D,0xF79D,0xEF9D,0xEF9D,0xEF9D,0xEF7D,0xEF7D,0xEF9D,0xEF7D,0xEF7D,
0xF79E,0xF79E,0xF79E,0xF79E,0xF79E,0xEF7D,0xEF9D,0xF79D,0xEF7D,0xEF9D,0xF79D,0xF79D,0xF79D,0xEF9D,0xEF9D,0xF79D,
0xEF9D,0xEF9D,0xEF9D,0xEF9D,0xEF9D,0xEF9D,0xEF9D,0xEF9D,0xF79D,0xF79D,0xEF9D,0xEF9D,0xEF9D,0xEF9D,0xF79D,0xEF9D,
0xEF9D,0xEF9D,0xEF9D,0xF79D,0xF79D,0xF79D,0xF79D,0xEF9D,0xEF9D,0xEF9D,0xEF9D,0xEF9D,0xEF9D,0xEF9D,0xF77D,0xF79D,
0xF79D,0xF79D,0xF79D,0xF79D,0xEF9D,0xF79D,0xEF9D,0xF79D,0xF79D,0xF79D,0xEF9D,0xEF9D,0xEF9D,0xEF7D,0xEF7D,0xEF9D,
0xEF9D,0xF79D,0xF79D,0xF79D,0xEF9D,0xEF9D,0xF79D,0xEF7D,0xEF9D,0xF79D,0xEF9D,0xEF9D,0xEF9D,0xF7BD,0xEE36,0xD38A,
0xDBCB,0xDBCB,0xD3AB,0xD3AB,0xD3AB,0xD3AB,0xDBCB,0xDBCB,0xDBCB,0xDBCB,0xD3CB,0xD3AB,0xD3AB,0xDBCB,0xDBEB,0xD3CB,
0xD3AB,0xD3AB,0xD38A,0xD38A,0xD38A,0xD38A,0xD38B,0xD3AB,0xDBAB,0xDBCB,0xD3CB,0xDBCB,0xD3AB,0xD38B,0xD3AB,0xD3AB,
0xD3AB,0xD3AB,0xD3AB,0xD3AB,0xDBCB,0xD3AB,0xD3CB,0xDBCB,0xDBCB,0xDBCB,0xDBCB,0xD3CB,0xDBCB,0xDBCB,0xDBAB,0xD3CB,
0xDBCB,0xD3CB,0xD3CB,0xD3CB,0xDBCB,0xDBCB,0xDBCB,0xD3CB,0xD3CB,0xD3CC,0xDBCC,0xDBCB,0xDBCB,0xDBAB,0xDBAB,0xDBAB,
0xD3AB,0xD3AB,0xD3CB,0xD3CB,0xDBCB,0xDBCB,0xD3CB,0xD3CB,0xDBCB,0xDBCB,0xDBCB,0xDBCB,0xDBCB,0xDBCB,0xD3CB,0xDBCB,
0xDBAB,0xD3AB,0xD3AB,0xD3AB,0xD3AB,0xD3AB,0xDBCB,0xDBCB,0xDBCB,0xD3CB,0xD3CB,0xD3AB,0xD3AB,0xD3AB,0xD38B,0xD38B,
0xD38B,0xD3AB,0xD3AB,0xD38B,0xD3AA,0xD3AB,0xDBCB,0xDBAB,0xDBCB,0xDBCB,0xDBCB,0xD3CB,0xD3CB,0xD3CB,0xDBCB,0xD3AB,
0xD3AB,0xDBCB,0xDBAB,0xD46F,0xF75C,0xEF9D,0xEF7D,0xEF7D,0xEF9D,0xEF9D,0xF79D,0xF79D,0xEF9D,0xEF9D,0xEF9D,0xEF9D,
0xEF9D,0xEF9D,0xEF9D,0xEF9D,0xEF9D,0xEF9D,0xEF9D,0xF79D,0xF79D,0xEF7D,0xEF9D,0xEF9D,0xEF7D,0xEF9D,0xF79D,0xEF9D,
0xEF9D,0xF79D,0xF79D,0xF79D,0xF79D,0xF79D,0xF79D,0xEF9D,0xEF9D,0xEF9D,0xEF9D,0xF79D,0xF79D,0xF79D,0xF79D,0xEF9D,
0xEF9D,0xEF9D,0xF79D,0xF79D,0xF79D,0xF79D,0xF79D,0xF79D,0xF79D,0xF79D,0xEF9D,0xEF9D,0xF79D,0xF79D,0xEF9D,0xF79D,
0xF79D,0xF79D,0xF79D,0xEF9D,0xF79D,0xEF9D,0xEF7D,0xEF7D,0xEF9D,0xEF7D,0xEF7D,0xF79E,0xF79E,0xF79E,0xF79E,0xF79E,
0xEF7D,0xEF9D,0xF79D,0xEF9D,0xF79D,0xF79D,0xF79D,0xEF9D,0xEF9D,0xEF9D,0xEF9D,0xEF7D,0xEF9D,0xEF9D,0xEF9D,0xEF7D,
0xEF7D,0xEF9D,0xEF9D,0xEF9D,0xF79D,0xF79D,0xEF9D,0xEF9D,0xEF7D,0xEF9D,0xEF9D,0xEF9D,0xEF9D,0xEF9D,0xF79D,0xEF9D,
0xF79D,0xF79D,0xEF9D,0xEF9D,0xEF9D,0xEF9D,0xEF9D,0xEF7D,0xEF7D,0xF77D,0xF79D,0xF77D,0xEF7D,0xEF9D,0xF79D,0xF79D,
0xEF9D,0xEF9D,0xF79D,0xEF9D,0xF79D,0xF79D,0xEF9D,0xEF9D,0xEF7D,0xEF7D,0xEF9D,0xEF9D,0xF79D,0xF79D,0xEF9D,0xEF9D,
0xEF9D,0xEF9D,0xEF9D,0xEF9D,0xF79D,0xF79D,0xEF9D,0xEF9D,0xF7BD,0xEE36,0xD38B,0xDBCB,0xDBCB,0xDBCB,0xD3AB,0xD3AB,
0xD3AB,0xD3AB,0xD3AB,0xDBCB,0xD3AB,0xD3AB,0xD3AB,0xD3AB,0xDBCB,0xE40C,0xE40C,0xE3EC,0xDBCC,0xDBAB,0xDB8A,0xDBAA,
0xDBAA,0xDBAB,0xDBCB,0xE3CB,0xE3EC,0xE3EC,0xE3EC,0xD3AB,0xD38A,0xD3AB,0xD3AB,0xD3AB,0xD3AB,0xD3AB,0xD3AB,0xDBCB,
0xD3AB,0xDBCB,0xDBCB,0xDBCB,0xDBCB,0xD3CB,0xDBCB,0xDBCB,0xDBCB,0xDBCB,0xDBCB,0xD3CB,0xD3CB,0xDBCB,0xDBCB,0xDBCB,
0xDBCB,0xDBCB,0xD3CB,0xD3CB,0xD3CB,0xDBCB,0xDBCB,0xDBCB,0xDBCB,0xDBAB,0xDBAB,0xDBAB,0xD3AB,0xD3AB,0xD3CB,0xDBCB,
0xDBCB,0xD3CB,0xD3CB,0xDBCB,0xDBCB,0xDBCB,0xDBCB,0xDBCB,0xDBCB,0xDBCB,0xDBCB,0xDBAB,0xD3AA,0xD3AB,0xD3AB,0xD3AB,
0xE3CC,0xE3EC,0xE40C,0xE40C,0xE40C,0xDBEC,0xDBEC,0xDBCB,0xDBCB,0xDBAB,0xDBAB,0xDBAB,0xDBAB,0xDBCB,0xDBCB,0xD3AB,
0xD3CB,0xDBAB,0xDBAB,0xDBAB,0xDBAB,0xD3CB,0xD3CB,0xD3CB,0xD3CB,0xD3CB,0xD3AB,0xD3AB,0xDBCB,0xDBAB,0xD48F,0xF75C,
0xEF9D,0xEF7D,0xF77D,0xF79D,0xEF9D,0xF79D,0xF79D,0xEF7D,0xEF7D,0xF79D,0xF79D,0xF79D,0xF79D,0xEF7D,0xEF9D,0xF79D,
0xF79D,0xEF9D,0xF79D,0xEF9D,0xEF7D,0xEF9D,0xEF9D,0xEF7D,0xEF9D,0xEF9D,0xEF9D,0xF79D,0xEF9D,0xEF9D,0xF79D,0xF79D,
0xF79D,0xEF9D,0xEF9D,0xEF9D,0xF79D,0xEF9D,0xEF9D,0xF79D,0xF79D,0xEF9D,0xEF9D,0xEF9D,0xEF9D,0xEF9D,0xEF9D,0xF79D,
0xF79D,0xEF9D,0xEF9D,0xEF9D,0xEF9D,0xEF9D,0xEF9D,0xEF9D,0xEF7D,0xEF7D,0xEF9D,0xEF9D,0xF79D,0xF79D,0xF79D,0xF79D,
0xEF9D,0xEF7D,0xEF7D,0xEF9D,0xEF7D,0xEF7D,0xF79E,0xF79E,0xF79E,0xF79E,0xF79E,0xEF9D,0xF79D,0xF79D,0xEF9D,0xF79D,
0xF79D,0xF79D,0xEF9D,0xEF9D,0xEF9D,0xEF9D,0xEF9D,0xF79D,0xEF9D,0xEF9D,0xEF9D,0xF79D,0xF79D,0xEF9D,0xEF9D,0xF79D,
0xF79D,0xEF7D,0xEF7D,0xEF9D,0xEF9D,0xEF7D,0xEF9D,0xEF9D,0xEF9D,0xEF9D,0xF79D,0xEF9D,0xEF9D,0xF79D,0xEF9D,0xF79D,
0xEF9D,0xEF9D,0xEF7D,0xEF7D,0xF77D,0xF79D,0xF77D,0xEF9D,0xEF9D,0xEF9D,0xEF9D,0xF79D,0xF79D,0xEF9D,0xF79D,0xF79D,
0xF79D,0xEF9D,0xEF9D,0xF79D,0xF79D,0xEF9D,0xEF9D,0xF79D,0xEF9D,0xEF7D,0xEF7D,0xEF9D,0xEF9D,0xEF9D,0xF79D,0xF79D,
0xF79D,0xF79D,0xEF9D,0xF7BD,0xEE36,0xD38B,0xDBCB,0xDBCB,0xDBCB,0xD3AB,0xD3AB,0xD3AB,0xD3AB,0xD3AB,0xD3AB,0xD3AB,
0xDBAB,0xD3AB,0xD3CA,0xCBAB,0xBB8B,0xBB8B,0xBB8B,0xBB6B,0xB34A,0xAB2A,0xAB2A,0xAB2A,0xB32A,0xB32A,0xB34B,0xBB6B,
0xBB6B,0xBB6B,0xC38A,0xDBAB,0xD3AB,0xD3AB,0xD3AB,0xD3AB,0xDBCB,0xDBCB,0xDBCB,0xD3AB,0xDBCB,0xDBCB,0xDBCB,0xDBCB,
0xDBCB,0xDBCB,0xDBCB,0xDBCB,0xDBCB,0xD3CB,0xDBCB,0xDBCB,0xDBCB,0xDBCB,0xDBCB,0xDBCB,0xDBCB,0xDBCB,0xDBCB,0xDBCB,
0xDBCB,0xDBCB,0xDBCB,0xDBCB,0xDBAB,0xDBAB,0xDBAB,0xD3AB,0xD3AB,0xD3CB,0xDBCB,0xDBCB,0xD3CB,0xD3CB,0xDBCB,0xDBCB,
0xDBCB,0xDBCB,0xDBCB,0xDBCB,0xDBCB,0xDBAB,0xD3AB,0xD3AB,0xDB8B,0xDBAB,0xD3AB,0xBB6B,0xBB6B,0xBB8B,0xBB8B,0xBB8B,
0xBB8B,0xBB6A,0xB36A,0xB34A,0xB34A,0xB34A,0xB32A,0xAB0A,0xB32A,0xCBAB,0xDBEC,0xD3CB,0xDBAB,0xDBAB,0xDBAB,0xDBAB,
0xDBAB,0xD3CB,0xD3AB,0xD3CB,0xDBCB,0xDBCB,0xDBCB,0xDBCB,0xDBAB,0xD46F,0xF75C,0xEF9D,0xF77D,0xF79D,0xEF7D,0xEF9D,
0xF79D,0xF79D,0xF79D,0xF79D,0xF79D,0xF79D,0xF79D,0xF79D,0xF79D,0xF79D,0xF79D,0xF79D,0xF79D,0xF79D,0xEF7D,0xEF7D,
0xEF9D,0xEF9D,0xEF7D,0xEF9D,0xEF9D,0xEF9D,0xEF9D,0xEF9D,0xF79D,0xF79D,0xF79D,0xEF9D,0xEF7D,0xF79D,0xEF7D,0xEF9D,
0xEF9D,0xEF9D,0xEF9D,0xEF7D,0xEF9D,0xEF9D,0xF79D,0xEF9D,0xF79D,0xF79D,0xF79D,0xEF9D,0xEF9D,0xEF9D,0xF79D,0xF79D,
0xEF9D,0xEF9D,0xEF9D,0xEF9D,0xEF9D,0xEF9D,0xEF9D,0xEF9D,0xF79D,0xF79D,0xEF9D,0xEF9D,0xEF7D,0xEF7D,0xEF9D,0xEF7D,
0xEF7D,0xF79E,0xF79E,0xF79E,0xF79E,0xF79E,0xEF9D,0xEF9D,0xF79D,0xEF9D,0xF79D,0xF79D,0xF79D,0xEF9D,0xEF9D,0xEF7D,
0xEF9D,0xF79D,0xEF9D,0xEF9D,0xEF9D,0xEF9D,0xEF9D,0xF79D,0xF79D,0xEF7D,0xEF7D,0xEF9D,0xEF7D,0xEF7D,0xEF9D,0xEF9D,
0xEF7D,0xEF7D,0xEF9D,0xEF9D,0xEF9D,0xEF9D,0xEF9D,0xEF9D,0xEF9D,0xEF9D,0xEF9D,0xEF9D,0xF79D,0xEF9D,0xF77D,0xF79D,
0xF79D,0xEF7D,0xEF9D,0xEF9D,0xEF9D,0xEF9D,0xF79D,0xF79D,0xF79D,0xF79D,0xF79D,0xEF9D,0xF79D,0xEF9D,0xEF9D,0xEF9D,
0xEF9D,0xEF9D,0xEF7D,0xEF7D,0xF79D,0xF79D,0xEF9D,0xF79D,0xEF9D,0xF79D,0xEF9D,0xF79D,0xF79D,0xEF9D,0xF7BE,0xEE36,
0xD38B,0xDBAB,0xDBCB,0xDBCB,0xDBCB,0xD3AB,0xDBCB,0xD3AB,0xD3AB,0xD3AB,0xD3AB,0xD3CB,0xD38B,0xE3EC,0x92C9,0x1881,
0x0841,0x1882,0x1061,0x1041,0x0820,0x0820,0x0820,0x0820,0x0820,0x1021,0x1061,0x0840,0x1841,0x8A67,0xE40C,0xD38A,
0xD3AB,0xD3AB,0xD3AB,0xD3AB,0xD3AB,0xDBCB,0xDBAB,0xD3CB,0xDBCB,0xDBCB,0xD3CB,0xDBCB,0xDBCB,0xDBCB,0xDBCB,0xDBCB,
0xDBCB,0xDBCB,0xDBCC,0xDBCB,0xDBCB,0xDBCB,0xDBCB,0xDBCB,0xDBCB,0xDBCB,0xDBCB,0xDBCB,0xDBCB,0xDBCB,0xDBAB,0xD3AB,
0xD3AB,0xD3AB,0xD3AB,0xD3CB,0xD3CB,0xD3CB,0xD3CB,0xDBCB,0xDBCB,0xDBCB,0xDBCB,0xDBCB,0xD3CB,0xD3CB,0xD3CB,0xDBCB,
0xDBCB,0xDBAB,0xDBAB,0xD38A,0xDBCB,0xB36B,0x20A2,0x0820,0x1061,0x1061,0x1061,0x1061,0x1061,0x1041,0x1041,0x0820,
0x0820,0x1040,0x0821,0x0820,0x69C5,0xE44D,0xDBCB,0xD3AB,0xDBCB,0xDBAB,0xDBAB,0xD3AB,0xD3AB,0xD3AB,0xDBAB,0xDBCB,
0xDBCB,0xDBCB,0xDBCC,0xDBAB,0xCC6F,0xF73C,0xEF9D,0xF77D,0xF77D,0xF77D,0xF79D,0xEF9D,0xF79D,0xF79D,0xF79D,0xF79D,
0xF79D,0xF79D,0xEF9D,0xEF9D,0xF79D,0xF79D,0xF79D,0xF79D,0xF79D,0xEF7D,0xEF7D,0xEF9D,0xEF9D,0xEF7D,0xEF7D,0xEF9D,
0xF79D,0xF79D,0xEF9D,0xEF9D,0xF79D,0xF79D,0xF79D,0xF79D,0xF79D,0xEF7D,0xEF9D,0xF79D,0xEF9D,0xF79D,0xEF7D,0xEF9D,
0xF79D,0xF79D,0xF79D,0xF79D,0xF79D,0xEF9D,0xEF9D,0xF79D,0xF79D,0xF79D,0xEF9D,0xEF9D,0xEF9D,0xEF9D,0xEF9D,0xF79D,
0xF79D,0xF79D,0xEF9D,0xF79D,0xF79D,0xEF9D,0xF79D,0xEF9D,0xEF9D,0xEF9D,0xEF9D,0xEF7D,0xF79E,0xF79E,0xF79E,0xF79E,
0xF79E,0xEF7D,0xEF9D,0xF79D,0xEF9D,0xF79D,0xF79D,0xEF9D,0xF79D,0xEF9D,0xEF7D,0xEF9D,0xEF7D,0xEF9D,0xEF7D,0xEF9D,
0xEF9D,0xEF9D,0xEF9D,0xEF7D,0xEF7D,0xF79D,0xF79D,0xEF7D,0xEF7D,0xEF9D,0xEF7D,0xEF9D,0xF79D,0xEF9D,0xEF9D,0xEF9D,
0xEF9D,0xEF9D,0xEF7D,0xF79D,0xF79D,0xEF9D,0xF79D,0xF79D,0xF79D,0xF77D,0xEF9D,0xF79D,0xEF9D,0xEF9D,0xEF9D,0xEF9D,
0xEF9D,0xEF7D,0xEF7D,0xF79D,0xF79D,0xEF9D,0xEF9D,0xEF9D,0xF79D,0xF79D,0xF79D,0xEF7D,0xF79D,0xF77D,0xF77D,0xEF7D,
0xEF9D,0xEF9D,0xEF9D,0xF79D,0xEF9D,0xEF9D,0xF79D,0xF79D,0xEF9D,0xF7BD,0xEE16,0xD36A,0xDBAB,0xDBCB,0xDBCB,0xD3CB,
0xDBCB,0xDBCB,0xD3AB,0xD3AB,0xD3AB,0xD3AB,0xDBAB,0xCB8A,0xEC0C,0x8AC9,0x0841,0x0000,0x0821,0x0000,0x0000,0x0000,
0x0000,0x0000,0x0000,0x0000,0x0000,0x0000,0x0000,0x0820,0x8A67,0xEC4D,0xD38B,0xDBAB,0xDBAB,0xD3AB,0xD3AB,0xD3AB,
0xDBAB,0xDBAB,0xDBCB,0xD3CB,0xDBCB,0xDBCB,0xDBCB,0xDBCB,0xDBCB,0xDBCB,0xDBCB,0xDBCB,0xDBCB,0xDBCB,0xDBCB,0xDBCB,
0xD3CB,0xD3CB,0xDBCB,0xDBCB,0xDBCB,0xDBCB,0xDBCB,0xDBCB,0xDBAB,0xDBAB,0xDBCB,0xD3AB,0xD3AB,0xD3CB,0xD3CB,0xD3CB,
0xD3CB,0xDBCB,0xDBCB,0xDBCB,0xD3CB,0xD3CB,0xDBCB,0xDBCB,0xD3CB,0xD3CB,0xDBCB,0xDBCB,0xDBAB,0xDBAB,0xD38B,0xE3CB,
0xAB4B,0x1062,0x0000,0x0000,0x0020,0x0020,0x0020,0x0020,0x0000,0x0000,0x0000,0x0000,0x0000,0x0000,0x0000,0x61A5,
0xE44D,0xDBEB,0xDBCB,0xDBCB,0xD3AB,0xD3AB,0xD3AB,0xD3AB,0xD3AB,0xD3AB,0xD3AB,0xD3AB,0xDBCB,0xDBCC,0xDBAB,0xD46F,
0xF73C,0xEF9D,0xEF7D,0xF79D,0xF79D,0xEF9D,0xEF9D,0xEF9D,0xF79D,0xF79D,0xF79D,0xEF9D,0xF79D,0xF79D,0xEF9D,0xF77D,
0xF79D,0xF79D,0xEF9D,0xF79D,0xF79D,0xF79D,0xF79D,0xEF9D,0xEF9D,0xEF7D,0xEF7D,0xEF9D,0xF79D,0xEF9D,0xEF7D,0xEF9D,
0xF79D,0xEF9D,0xEF9D,0xF79D,0xEF9D,0xEF9D,0xF79D,0xEF7D,0xEF9D,0xF79D,0xF79D,0xF79D,0xF79D,0xF79D,0xF79D,0xEF9D,
0xF79D,0xF79D,0xF79D,0xF79D,0xF79D,0xF79D,0xEF9D,0xF79D,0xF79D,0xF79D,0xF79D,0xF79D,0xF79D,0xF79D,0xF79D,0xF79D,
0xEF9D,0xF79D,0xEF7D,0xEF7D,0xEF7D,0xEF7D,0xEF7D,0xF79E,0xF79E,0xF79E,0xF79E,0xF79E,0xEF7D,0xEF9D,0xEF9D,0xEF9D,
0xF79D,0xF79D,0xEF9D,0xF79D,0xEF9D,0xEF7D,0xEF7D,0xEF9D,0xF79D,0xEF9D,0xEF7D,0xEF9D,0xEF9D,0xEF7D,0xEF7D,0xF79D,
0xF79D,0xEF7D,0xEF7D,0xF77D,0xEF9D,0xEF9D,0xEF9D,0xEF9D,0xEF9D,0xEF7D,0xEF7D,0xEF9D,0xEF9D,0xEF7D,0xF79D,0xF79D,
0xEF9D,0xF79D,0xF79D,0xEF9D,0xEF9D,0xEF9D,0xF79D,0xF79D,0xEF9D,0xEF9D,0xEF9D,0xEF9D,0xEF9D,0xEF9D,0xF79D,0xF79D,
0xEF9D,0xF79D,0xEF9D,0xEF7D,0xF77D,0xF77D,0xF77D,0xF79D,0xF79D,0xF77D,0xEF7D,0xEF7D,0xEF9D,0xEF9D,0xEF7D,0xEF9D,
0xF79D,0xF79D,0xF79D,0xEF9D,0xF79D,0xEE36,0xD38B,0xDBAB,0xDBCB,0xDBCB,0xD3AB,0xD3AB,0xD3AB,0xD3AB,0xD3AB,0xDBAB,
0xDBAB,0xDBAB,0xD38A,0xE42C,0x8AE9,0x1061,0x0000,0x0841,0x0020,0x0000,0x0000,0x0000,0x0000,0x0000,0x0000,0x0000,
0x0020,0x0000,0x1040,0x9288,0xEC4D,0xD3AB,0xDBAB,0xD3AB,0xD3AB,0xDBAB,0xDBAB,0xDBAB,0xDBAB,0xDBAB,0xDBAB,0xDBCB,
0xDBCB,0xDBCB,0xDBCC,0xDBCC,0xDBCB,0xDBCB,0xDBCB,0xDBCB,0xDBCB,0xDBCB,0xDBCB,0xDBCB,0xDBCB,0xDBCB,0xDBCB,0xDBCB,
0xDBCB,0xDBCB,0xDBCB,0xDBCB,0xDBCB,0xD3AB,0xD3AB,0xD3AB,0xDBCB,0xDBCB,0xDBCB,0xD3AB,0xDBCB,0xDBCB,0xD3CB,0xDBCB,
0xD3CB,0xD3CB,0xDBCB,0xDBCB,0xDBCB,0xDBCB,0xDBCB,0xDBAB,0xDBAB,0xD38B,0xDBCB,0xAB6B,0x1081,0x0000,0x0020,0x0020,
0x0020,0x0020,0x0020,0x0020,0x0020,0x0000,0x0000,0x0000,0x0000,0x0000,0x61A5,0xE44D,0xDBEB,0xD3CB,0xD3CB,0xD3AB,
0xD38B,0xD38B,0xD3AB,0xD3AB,0xD3AB,0xD3AB,0xDBCB,0xDBCB,0xDBCC,0xDBAB,0xD46F,0xF73C,0xEF9D,0xEF9D,0xEF9D,0xEF9D,
0xEF9D,0xEF9D,0xF79D,0xEF9D,0xEF9D,0xF79D,0xF79D,0xF79D,0xF79D,0xF79D,0xF77D,0xF77D,0xF79D,0xF79D,0xF79D,0xEF9D,
0xEF7D,0xEF7D,0xEF9D,0xEF9D,0xEF9D,0xEF9D,0xEF9D,0xF79D,0xF79D,0xEF9D,0xEF9D,0xF79D,0xF79D,0xF79D,0xF79D,0xF79D,
0xEF9D,0xF79D,0xEF9D,0xEF9D,0xF79D,0xF79D,0xF79D,0xF79D,0xEF9D,0xF79D,0xEF9D,0xF79D,0xF79D,0xEF9D,0xEF7D,0xF77D,
0xEF7D,0xF79D,0xEF9D,0xEF9D,0xF79D,0xF79D,0xF79D,0xF79D,0xEF9D,0xEF9D,0xEF9D,0xF79D,0xF79D,0xEF7D,0xEF7D,0xEF9D,
0xEF7D,0xEF7D,0xF79E,0xF79E,0xF79E,0xF79E,0xF79E,0xEF9D,0xF79D,0xEF9D,0xF79D,0xF79D,0xF79D,0xEF9D,0xF79D,0xEF9D,
0xEF7D,0xEF7D,0xEF9D,0xEF9D,0xEF9D,0xEF9D,0xEF9D,0xF79D,0xEF9D,0xEF7D,0xEF7D,0xEF7D,0xEF7D,0xEF7D,0xEF7D,0xEF7D,
0xEF7D,0xEF7D,0xEF9D,0xEF7D,0xEF7D,0xEF7D,0xEF9D,0xF79D,0xEF9D,0xEF9D,0xF79D,0xF79D,0xF79D,0xEF9D,0xEF9D,0xEF9D,
0xEF9D,0xF79D,0xEF9D,0xEF7D,0xF79D,0xF79D,0xF79D,0xF79D,0xEF9D,0xEF9D,0xF79D,0xF79D,0xEF9D,0xEF7D,0xEF7D,0xF77D,
0xF77D,0xF77D,0xF77D,0xF77D,0xF77D,0xEF7D,0xEF9D,0xEF9D,0xEF9D,0xF79D,0xF79D,0xF79D,0xEF7D,0xF79D,0xEF9D,0xF7BD,
0xEE36,0xD38A,0xDBAB,0xD3CB,0xDBCB,0xD3AB,0xD3AB,0xD3AB,0xD3AB,0xD3AB,0xDBAB,0xDBAB,0xD3AB,0xD38B,0xEC2D,0x92E9,
0x1061,0x0000,0x0021,0x0000,0x0000,0x0000,0x0000,0x0000,0x0000,0x0000,0x0000,0x0020,0x0000,0x1041,0x8AA8,0xEC4D,
0xD3AB,0xDBCB,0xDBAB,0xDBAB,0xDBAB,0xD3AB,0xD3AB,0xDBAB,0xD3AB,0xD3AB,0xD3AB,0xD3AB,0xDBCB,0xDBCB,0xDBCB,0xDBCB,
0xDBCB,0xDBCB,0xDBCB,0xDBCB,0xDBCB,0xDBCB,0xDBCB,0xDBCB,0xDBCB,0xDBCB,0xD3CB,0xDBCB,0xDBCB,0xDBCB,0xD3CB,0xD3AB,
0xD3AB,0xD3AB,0xD3AB,0xD3AB,0xDBCB,0xDBCB,0xD3AB,0xD3AB,0xDBCB,0xD3AB,0xDBAB,0xDBCB,0xDBCB,0xD3AB,0xD3CB,0xD3AB,
0xD3AB,0xDBAB,0xDBAB,0xDBAB,0xDBAB,0xDBCB,0xAB6B,0x1081,0x0000,0x0020,0x0000,0x0020,0x0020,0x0020,0x0000,0x0000,
0x0000,0x0000,0x0000,0x0000,0x0000,0x61A5,0xE42D,0xDBEB,0xD3AB,0xD3CB,0xD3AB,0xD38A,0xD38B,0xD3AB,0xD3AB,0xD3AB,
0xD3AB,0xDBCB,0xDBCB,0xDBCB,0xDBAB,0xCC6F,0xF73B,0xEF9D,0xEF7D,0xEF7D,0xEF7D,0xEF9D,0xEF9D,0xEF9D,0xF79D,0xF79D,
0xF79D,0xEF9D,0xF79D,0xF79D,0xEF9D,0xEF7D,0xF77D,0xF77D,0xEF9D,0xEF9D,0xEF7D,0xEF7D,0xEF7D,0xEF9D,0xEF9D,0xF79D,
0xF79D,0xEF9D,0xEF9D,0xEF9D,0xEF9D,0xEF9D,0xEF9D,0xEF9D,0xEF9D,0xEF9D,0xEF9D,0xEF9D,0xEF9D,0xEF7D,0xEF9D,0xF79D,
0xEF9D,0xEF9D,0xF79D,0xF79D,0xF79D,0xF79D,0xF79D,0xF79D,0xEF9D,0xEF7D,0xF77D,0xF79D,0xEF9D,0xEF7D,0xEF9D,0xEF9D,
0xEF9D,0xEF9D,0xEF7D,0xEF7D,0xF79D,0xF79D,0xEF9D,0xEF9D,0xF79D,0xF79D,0xEF9D,0xEF7D,0xEF7D,0xF79E,0xF79E,0xF79E,
0xF79E,0xF79E,0xEF9D,0xEF9D,0xEF9D,0xEF9D,0xF79D,0xEF9D,0xEF9D,0xF79D,0xEF9D,0xEF9D,0xEF9D,0xEF9D,0xEF9D,0xEF9D,
0xF79D,0xEF9D,0xEF9D,0xEF9D,0xEF7D,0xEF9D,0xF77D,0xF77D,0xF77D,0xF77D,0xEF9D,0xEF9D,0xEF9D,0xF79D,0xEF9D,0xEF9D,
0xEF7D,0xEF9D,0xEF9D,0xEF9D,0xEF9D,0xEF9D,0xF79D,0xF79D,0xEF9D,0xEF9D,0xEF9D,0xEF9D,0xEF9D,0xEF9D,0xF79D,0xF79D,
0xF79D,0xEF9D,0xEF9D,0xF79D,0xEF9D,0xEF9D,0xEF9D,0xEF9D,0xEF9D,0xEF7D,0xF77D,0xF79D,0xF79D,0xF77D,0xF77D,0xF79D,
0xF79D,0xF79D,0xF77D,0xEF7D,0xEF7D,0xF79D,0xF79D,0xF79D,0xEF9D,0xEF9D,0xF7BE,0xEE36,0xD36A,0xDBAB,0xD3CB,0xDBCB,
0xDBCB,0xDBCB,0xD3AB,0xD3AB,0xD3AB,0xDBAB,0xDBAB,0xDBAB,0xD3AB,0xEC2D,0x8AE9,0x1061,0x0000,0x0020,0x0000,0x0000,
0x0000,0x0000,0x0000,0x0000,0x0000,0x0000,0x0000,0x0000,0x1040,0x8A88,0xEC4D,0xD3AB,0xDBCB,0xDBAB,0xDBAB,0xDBAB,
0xDBAB,0xDBAB,0xDBAB,0xD3AB,0xDBAB,0xDBCB,0xD3AB,0xDBCB,0xDBCB,0xDBCB,0xDBCB,0xDBCB,0xDBCB,0xDBCB,0xDBCB,0xDBCB,
0xDBCB,0xD3CB,0xDBCB,0xDBCB,0xD3CB,0xDBCB,0xDBCB,0xDBCB,0xDBCB,0xDBCB,0xDBCB,0xDBCB,0xDBCB,0xD3AB,0xD3AB,0xDBCB,
0xDBCB,0xD3CB,0xDBCB,0xDBCB,0xDBAB,0xD3AB,0xDBAB,0xDBAB,0xDBCB,0xD3AB,0xD3AB,0xDBCB,0xDBCB,0xDBAB,0xDBCB,0xDBAB,
0xE3EB,0xAB6B,0x1061,0x0000,0x0020,0x0000,0x0000,0x0000,0x0000,0x0000,0x0000,0x0000,0x0000,0x0000,0x0000,0x0000,
0x61A5,0xE44D,0xDBCB,0xDBCB,0xD3CB,0xD3AB,0xD3AB,0xD3AB,0xD3AB,0xD3AB,0xD3AB,0xD3AB,0xDBCB,0xDBCB,0xDBCC,0xDBAB,
0xD46F,0xF73B,0xEF9D,0xEF9D,0xF79D,0xF79D,0xF79D,0xF79D,0xF79D,0xF79D,0xF79D,0xF79D,0xF79D,0xEF9D,0xF79D,0xF79D,
0xEF7D,0xF77D,0xF79D,0xEF7D,0xEF9D,0xF79D,0xF79D,0xEF9D,0xEF9D,0xF79D,0xF79D,0xF79D,0xF79D,0xF79D,0xEF9D,0xEF7D,
0xEF9D,0xEF9D,0xEF9D,0xF79D,0xF79D,0xF79D,0xF79D,0xF79D,0xEF9D,0xF79D,0xF79D,0xEF9D,0xEF9D,0xF79D,0xF79D,0xF79D,
0xF79D,0xF79D,0xEF9D,0xEF9D,0xF79D,0xF77D,0xF79D,0xEF7D,0xEF7D,0xEF9D,0xEF9D,0xF79D,0xF79D,0xF79D,0xEF9D,0xEF9D,
0xF79D,0xF79D,0xF79D,0xEF9D,0xEF7D,0xEF7D,0xEF7D,0xEF7D,0xF79E,0xF79E,0xF79E,0xF79E,0xF79E,0xEF7D,0xEF9D,0xEF9D,
0xEF9D,0xF79D,0xF79D,0xF79D,0xF79D,0xEF9D,0xEF9D,0xEF9D,0xEF9D,0xEF9D,0xEF9D,0xF79D,0xEF9D,0xEF7D,0xEF9D,0xEF7D,
0xF77D,0xF77D,0xF77D,0xF77D,0xF77D,0xF77D,0xF77D,0xF77D,0xF79D,0xF79D,0xEF9D,0xEF9D,0xEF9D,0xEF7D,0xEF9D,0xEF7D,
0xEF9D,0xF79D,0xF79D,0xEF9D,0xEF9D,0xEF9D,0xEF9D,0xEF9D,0xEF9D,0xF79D,0xF79D,0xF79D,0xF77D,0xEF7D,0xEF9D,0xEF9D,
0xF79D,0xEF9D,0xEF9D,0xEF9D,0xF79D,0xF79D,0xF77D,0xF79D,0xF79D,0xF77D,0xF79D,0xF77D,0xF77D,0xF77D,0xF79D,0xF79D,
0xEF9D,0xEF9D,0xEF7D,0xEF9D,0xEF9D,0xF7BD,0xEE16,0xD38A,0xDBAB,0xDBAB,0xDBAB,0xD3AB,0xDBCB,0xDBCB,0xD3AB,0xD3AB,
0xDBCB,0xD3AB,0xDBAB,0xD38A,0xE40C,0x8AC9,0x1061,0x0000,0x0020,0x0000,0x0000,0x0000,0x0000,0x0000,0x0000,0x0000,
0x0000,0x0000,0x0000,0x0840,0x8A88,0xEC4D,0xD3AB,0xDBCB,0xDBAB,0xDBAB,0xD3AB,0xDBAB,0xD3AB,0xDBAB,0xDBAB,0xDBCB,
0xDBCB,0xDBCB,0xDBCB,0xDBCB,0xDBCB,0xDBCB,0xD3CB,0xD3CB,0xDBCB,0xDBCB,0xDBCB,0xDBCB,0xDBCB,0xDBCB,0xDBCB,0xDBCB,
0xDBCB,0xD3CB,0xD3CB,0xDBCB,0xD3AB,0xD3AB,0xDBCB,0xDBCB,0xDBCB,0xD3AB,0xDBCB,0xD3AB,0xD3AB,0xDBCB,0xDBCB,0xDBCB,
0xD3AB,0xDBCB,0xD3AB,0xDBAB,0xD3AB,0xD3AB,0xDBAB,0xDBAB,0xDBCB,0xDBAB,0xD3AB,0xE3EB,0xAB6B,0x1061,0x0000,0x0000,
0x0000,0x0000,0x0000,0x0000,0x0000,0x0000,0x0000,0x0000,0x0000,0x0000,0x0000,0x61A5,0xE42D,0xDBCB,0xDBAB,0xD3AB,
0xD3AB,0xD3AB,0xD3AB,0xD3AB,0xD3AB,0xDBCB,0xDBCB,0xDBCB,0xDBCB,0xDBCC,0xDB8B,0xD46E,0xF73B,0xEF9D,0xEF9D,0xF79D,
0xF79D,0xF79D,0xF79D,0xF79D,0xF79D,0xF79D,0xF79D,0xF79D,0xEF9D,0xEF9D,0xEF7D,0xF77D,0xF77D,0xF77D,0xEF9D,0xEF9D,
0xEF9D,0xF79D,0xF77D,0xF77D,0xEF7D,0xF79D,0xEF9D,0xEF9D,0xEF9D,0xEF9D,0xEF9D,0xEF9D,0xEF9D,0xEF9D,0xEF9D,0xEF9D,
0xF77D,0xF77D,0xF79D,0xEF9D,0xEF9D,0xEF7D,0xEF7D,0xF79D,0xF79D,0xF79D,0xF79D,0xEF9D,0xEF9D,0xEF9D,0xF79D,0xEF9D,
0xF79D,0xEF7D,0xEF7D,0xF77D,0xF79D,0xEF9D,0xEF7D,0xF79D,0xEF9D,0xEF7D,0xF79D,0xF79D,0xEF9D,0xF79D,0xEF9D,0xEF7D,
0xEF7D,0xEF7D,0xEF7D,0xF79E,0xF79E,0xF79E,0xF79E,0xF79E,0xEF7D,0xEF9D,0xF79D,0xEF9D,0xF79D,0xF79D,0xF79D,0xF79D,
0xEF9D,0xEF9D,0xEF9D,0xEF9D,0xEF9D,0xEF7D,0xEF9D,0xEF9D,0xEF9D,0xEF7D,0xEF7D,0xF79D,0xEF9D,0xEF7D,0xEF7D,0xEF7D,
0xEF7D,0xF77D,0xEF7D,0xEF9D,0xEF9D,0xF79D,0xEF9D,0xEF7D,0xEF9D,0xEF9D,0xEF7D,0xEF9D,0xF79D,0xF79D,0xF79D,0xEF9D,
0xF79D,0xF79D,0xF79D,0xF79D,0xEF9D,0xF79D,0xF79D,0xEF9D,0xEF9D,0xF79D,0xEF9D,0xEF9D,0xEF9D,0xF79D,0xF79D,0xEF9D,
0xEF9D,0xF77D,0xF77D,0xF79D,0xF79D,0xF79D,0xF79D,0xF77D,0xF79D,0xF79D,0xF79D,0xEF9D,0xEF7D,0xEF7D,0xEF9D,0xEF9D,
0xF7BD,0xEE16,0xD36A,0xDBAB,0xDBAB,0xDBAB,0xDBCB,0xD3AB,0xD3AB,0xD3CB,0xDBCB,0xDBCB,0xD3AB,0xDBAB,0xD3AA,0xE40C,
0x82A8,0x1061,0x0000,0x0000,0x0000,0x0000,0x0000,0x0000,0x0000,0x0000,0x0000,0x0000,0x0000,0x0000,0x0820,0x8267,
0xEC4D,0xD3AB,0xDBCB,0xDBAB,0xDBAB,0xD3AB,0xD3AB,0xDBAB,0xD3AB,0xDBAB,0xDBAB,0xDBCB,0xDBCB,0xDBCB,0xDBCB,0xDBCB,
0xD3AB,0xD3CB,0xD3CB,0xDBCB,0xDBCB,0xDBCB,0xDBCB,0xDBCB,0xDBCB,0xDBCB,0xDBCB,0xDBCB,0xD3AB,0xD3AB,0xD3AB,0xD3AB,
0xD3AB,0xDBCB,0xDBCB,0xDBCB,0xD3CB,0xDBCB,0xDBAB,0xD3AB,0xDBCB,0xDBCB,0xD3AB,0xD3AB,0xD3AB,0xDBCB,0xDBCB,0xDBCB,
0xDBCB,0xDBCB,0xDBAB,0xDBCB,0xDBCB,0xD3CB,0xE3EB,0xAB4A,0x1061,0x0000,0x0000,0x0000,0x0000,0x0000,0x0000,0x0000,
0x0000,0x0000,0x0000,0x0000,0x0000,0x0000,0x61A5,0xE42D,0xDBCB,0xDBAB,0xD3AB,0xD3AB,0xD3AB,0xD3AB,0xD3AB,0xD3AB,
0xD3CB,0xDBCB,0xDBCB,0xDBCB,0xDBCC,0xDB8B,0xD44E,0xF73C,0xEF9D,0xEF9D,0xF79D,0xF79D,0xF79D,0xF79D,0xF79D,0xF79D,
0xF79D,0xF79D,0xF79D,0xF79D,0xEF9D,0xEF7D,0xF77D,0xF79D,0xF79D,0xF79D,0xEF9D,0xEF9D,0xF79D,0xF77D,0xF77D,0xF79D,
0xEF9D,0xEF9D,0xF79D,0xEF9D,0xEF9D,0xF79D,0xEF9D,0xEF9D,0xF79D,0xF79D,0xF79D,0xF77D,0xF79D,0xF79D,0xEF9D,0xEF9D,
0xF79D,0xF79D,0xF79D,0xEF9D,0xF79D,0xF79D,0xEF9D,0xEF9D,0xF79D,0xF79D,0xEF9D,0xEF9D,0xF79D,0xF77D,0xF77D,0xF77D,
0xF79D,0xEF9D,0xEF9D,0xF79D,0xEF9D,0xF79D,0xF79D,0xF79D,0xF79D,0xF79D,0xEF9D,0xEF9D,0xEF7D,0xEF7D,0xF79E,0xF79E,
0xF79E,0xF79E,0xF79E,0xEF7D,0xEF9D,0xF79D,0xF79D,0xF79D,0xEF7D,0xF79D,0xF79D,0xEF9D,0xEF7D,0xEF7D,0xEF7D,0xEF7D,
0xEF7D,0xEF7D,0xEF7D,0xEF7D,0xEF7D,0xEF7D,0xF77D,0xF79D,0xEF9D,0xEF9D,0xEF7D,0xEF7D,0xF77D,0xEF9D,0xEF9D,0xEF9D,
0xEF9D,0xEF9D,0xEF9D,0xF79D,0xF79D,0xF79D,0xF79D,0xEF9D,0xEF9D,0xF77D,0xF79D,0xF79D,0xEF9D,0xEF9D,0xF79D,0xEF9D,
0xF79D,0xF79D,0xF79D,0xF79D,0xF79D,0xF79D,0xF79D,0xF79D,0xF79D,0xEF9D,0xEF9D,0xF79D,0xF77D,0xEF7D,0xEF7D,0xEF7D,
0xEF9D,0xEF9D,0xF79D,0xF79D,0xF79D,0xF79D,0xF79D,0xF79D,0xEF7D,0xEF9D,0xEF9D,0xF7BD,0xEE16,0xCB6A,0xDBAB,0xD3AB,
0xD3AB,0xD3AB,0xDBCB,0xD3AB,0xDBCB,0xDBCB,0xDBCB,0xDBAB,0xDBCB,0xD38A,0xE3EC,0x8288,0x1061,0x0000,0x0000,0x0000,
0x0000,0x0000,0x0000,0x0000,0x0000,0x0000,0x0000,0x0000,0x0000,0x0820,0x8247,0xEC2D,0xD3AB,0xDBCB,0xDBAB,0xD3AB,
0xD3AB,0xDBAB,0xD3AB,0xD3AB,0xD3AB,0xD3AB,0xD3AB,0xDBCB,0xDBCB,0xDBCB,0xDBCB,0xD3AB,0xD3CB,0xD3CB,0xD3CB,0xD3CB,
0xDBCB,0xD3CB,0xDBCB,0xDBCB,0xDBCB,0xDBCB,0xDBAB,0xD3AB,0xD3AB,0xD3AB,0xD3AB,0xD3AB,0xDBCB,0xDBCB,0xDBCB,0xDBCB,
0xDBCB,0xDBCB,0xD3AB,0xD3AB,0xD3AB,0xD3AB,0xD3AB,0xDBCB,0xDBCB,0xD3AB,0xD3AB,0xD3CB,0xDBAB,0xDBAB,0xDBAB,0xDBCB,
0xD3CB,0xE3EB,0xAB6B,0x1061,0x0000,0x0000,0x0000,0x0000,0x0000,0x0000,0x0000,0x0000,0x0000,0x0000,0x0000,0x0000,
0x0000,0x5984,0xE40C,0xDBCB,0xDBAB,0xD3AB,0xD3AB,0xD3AB,0xD3AB,0xD3AB,0xD3AB,0xD3AB,0xDBCB,0xDBCB,0xDBCB,0xD3AC,
0xDB8B,0xCC4E,0xF75C,0xEF9D,0xEF7D,0xF77D,0xEF9D,0xEF9D,0xF79D,0xF79D,0xF79D,0xF79D,0xF79D,0xF79D,0xF79D,0xEF9D,
0xF79D,0xF77D,0xF77D,0xF77D,0xEF7D,0xEF9D,0xEF9D,0xEF7D,0xF77D,0xF79D,0xF79D,0xEF9D,0xF79D,0xF79D,0xF79D,0xF79D,
0xEF9D,0xF79D,0xF79D,0xEF9D,0xEF9D,0xEF9D,0xF77D,0xEF7D,0xF77D,0xF79D,0xF79D,0xEF9D,0xEF9D,0xEF9D,0xEF9D,0xEF9D,
0xF79D,0xF79D,0xEF9D,0xEF9D,0xEF7D,0xEF7D,0xF79D,0xF79D,0xF79D,0xF79D,0xEF7D,0xEF7D,0xEF9D,0xF79D,0xF79D,0xF79D,
0xF79D,0xF79D,0xEF9D,0xEF9D,0xF79D,0xEF9D,0xEF9D,0xEF7D,0xEF7D,0xF79E,0xF79E,0xF79E,0xF79E,0xF79E,0xEF7D,0xEF9D,
0xEF9D,0xF79D,0xEF9D,0xEF9D,0xF79D,0xEF9D,0xEF9D,0xEF9D,0xEF9D,0xEF7D,0xEF9D,0xEF9D,0xEF7D,0xEF7D,0xEF9D,0xEF9D,
0xEF7D,0xF77D,0xF77D,0xF79D,0xF79D,0xF77D,0xF77D,0xF77D,0xF79D,0xF79D,0xEF9D,0xEF7D,0xF79D,0xEF9D,0xF79D,0xF79D,
0xF79D,0xF79D,0xF79D,0xF79D,0xF77D,0xF77D,0xF77D,0xEF9D,0xEF9D,0xF79D,0xF79D,0xF79D,0xF79D,0xF79D,0xF79D,0xEF9D,
0xEF9D,0xF79D,0xF79D,0xF79D,0xF79D,0xF79D,0xF79D,0xF77D,0xEF7D,0xEF9D,0xEF9D,0xEF9D,0xF79D,0xF79D,0xF79D,0xF79D,
0xF79D,0xF79D,0xF79D,0xF79D,0xEF9D,0xF79D,0xF7BE,0xEE16,0xCB6A,0xDBAB,0xD3AB,0xDBAB,0xDBAB,0xDBCB,0xDBCB,0xDBCB,
0xDBCB,0xDBCB,0xDBCB,0xDBCB,0xD38A,0xE3EC,0x82A8,0x1061,0x0000,0x0000,0x0000,0x0000,0x0020,0x0020,0x0000,0x0000,
0x0000,0x0000,0x0000,0x0000,0x0820,0x8247,0xEC2C,0xD3AB,0xDBCB,0xDBAB,0xDBAB,0xDBAB,0xDBAB,0xDBAB,0xDBAB,0xD3AB,
0xDBAB,0xD3AB,0xD3AB,0xDBCB,0xDBCB,0xD3AB,0xD3AB,0xDBCB,0xD3CB,0xD3CB,0xDBCB,0xD3CB,0xD3CB,0xD3CB,0xD3CB,0xDBCB,
0xDBCB,0xDBAB,0xDBAB,0xDBAB,0xDBAB,0xD3AB,0xD3CB,0xDBCB,0xD3AB,0xDBCB,0xDBCB,0xDBCB,0xDBCB,0xDBCB,0xD3CB,0xDBCB,
0xD3AB,0xD3AB,0xD3AB,0xD3AB,0xD3AB,0xD3AB,0xD3AB,0xDBAB,0xDBAB,0xDBAB,0xDBAB,0xD3AB,0xE3EB,0xAB6B,0x1061,0x0000,
0x0000,0x0000,0x0000,0x0000,0x0000,0x0000,0x0000,0x0000,0x0000,0x0020,0x0020,0x0000,0x5964,0xDBEC,0xD3AB,0xD38B,
0xD38B,0xD3AB,0xD3AB,0xD3AB,0xDBAB,0xD3AB,0xDBCB,0xDBCB,0xDBCB,0xDBCB,0xD3CB,0xDB8A,0xCC4E,0xF75C,0xEF9D,0xF79D,
0xF79D,0xF79D,0xF79D,0xF79D,0xF79D,0xF79D,0xF79D,0xF79D,0xF79D,0xF79D,0xEF9D,0xEF7D,0xF79D,0xEF9D,0xEF9D,0xF79D,
0xF79D,0xF77D,0xEF7D,0xEF7D,0xEF9D,0xEF9D,0xF79D,0xF79D,0xF79D,0xEF9D,0xEF9D,0xEF9D,0xEF9D,0xEF9D,0xEF9D,0xEF9D,
0xEF9D,0xF77D,0xF77D,0xF79D,0xF79D,0xF79D,0xF79D,0xF79D,0xF79D,0xEF9D,0xF79D,0xF79D,0xF79D,0xF79D,0xF79D,0xEF9D,
0xEF9D,0xF79D,0xF79D,0xF79D,0xF77D,0xEF7D,0xEF7D,0xF79D,0xF79D,0xF79D,0xF79D,0xF79D,0xF79D,0xF79D,0xF79D,0xEF9D,
0xEF9D,0xEF9D,0xEF7D,0xEF7D,0xF79E,0xF79E,0xF79E,0xF79E,0xF79E,0xF77D,0xF79D,0xF79D,0xF79D,0xEF9D,0xEF9D,0xF79D,
0xF79D,0xEF9D,0xEF9D,0xEF9D,0xF79D,0xEF9D,0xEF9D,0xEF7D,0xEF7D,0xEF9D,0xEF9D,0xEF7D,0xF77D,0xF77D,0xEF7D,0xEF7D,
0xF77D,0xF77D,0xF77D,0xF77D,0xF79D,0xF79D,0xF77D,0xF79D,0xF79D,0xF79D,0xF79D,0xF79D,0xF79D,0xF79D,0xF79D,0xF79D,
0xF77D,0xF77D,0xF79D,0xF79D,0xF79D,0xEF9D,0xF79D,0xF79D,0xF79D,0xF79D,0xEF9D,0xEF9D,0xEF9D,0xF79D,0xEF9D,0xF79D,
0xF77D,0xF77D,0xF77D,0xF79D,0xF79D,0xF79D,0xEF9D,0xEF9D,0xF79D,0xF79D,0xF79D,0xF79D,0xF79D,0xF79D,0xEF9D,0xF79D,
0xF79D,0xF7DE,0xEE16,0xCB6A,0xDBAA,0xD3AB,0xDBAB,0xDBCB,0xD3CB,0xDBCB,0xDBCB,0xDBCB,0xDBCB,0xD3AB,0xDBCB,0xD38A,
0xE3EC,0x82A8,0x1061,0x0000,0x0000,0x0000,0x0020,0x0020,0x0020,0x0020,0x0020,0x0020,0x0000,0x0020,0x0000,0x0820,
0x8247,0xE42C,0xD3AB,0xDBAB,0xDBAB,0xDBAB,0xDBAB,0xDBAB,0xD3AB,0xDBAB,0xDBAB,0xDBAB,0xDBCB,0xD3AB,0xD3AB,0xDBCB,
0xD3AB,0xDBCB,0xDBCB,0xD3CB,0xD3CB,0xDBCB,0xD3CB,0xD3CB,0xD3CB,0xDBCB,0xDBCB,0xDBCB,0xDBCB,0xDBCB,0xDBAB,0xDBAB,
0xDBAB,0xD3CB,0xD3AB,0xDBCB,0xDBCB,0xDBCB,0xDBCB,0xDBCB,0xDBCB,0xDBCB,0xDBCB,0xDBCB,0xDBCB,0xD3CB,0xD3AB,0xDBAB,
0xDBAB,0xDBAB,0xDBAB,0xDBAB,0xDBAB,0xD3AB,0xDBAB,0xE3EC,0xAB8B,0x1061,0x0000,0x0000,0x0000,0x0000,0x0000,0x0000,
0x0000,0x0000,0x0000,0x0020,0x0020,0x0020,0x0000,0x5964,0xDBEC,0xD3AB,0xD38B,0xD3AA,0xDBAB,0xDBAB,0xDBAB,0xDBAB,
0xD3AB,0xDBAB,0xDBCB,0xDBCB,0xDBCB,0xD3CB,0xD38A,0xD44E,0xF75C,0xF79D,0xF79D,0xF79D,0xF79D,0xF79D,0xF79D,0xF79D,
0xF79D,0xF79D,0xF79D,0xF79D,0xF79D,0xF79D,0xF79D,0xF79D,0xEF9D,0xEF9D,0xF77D,0xF77D,0xF79D,0xEF7D,0xEF9D,0xF79D,
0xF79D,0xF79D,0xF79D,0xF79D,0xEF9D,0xF79D,0xF79D,0xEF9D,0xF79D,0xEF9D,0xEF9D,0xF79D,0xF77D,0xF79D,0xF79D,0xF79D,
0xF79D,0xF79D,0xEF9D,0xF79D,0xEF9D,0xEF9D,0xF79D,0xEF9D,0xF79D,0xF79D,0xF79D,0xF79D,0xF77D,0xF79D,0xF79D,0xEF9D,
0xEF9D,0xEF9D,0xEF9D,0xF79D,0xF79D,0xF79D,0xF79D,0xF77D,0xF77D,0xF79D,0xEF9D,0xEF9D,0xEF9D,0xEF7D,0xEF7D,0xF79E,
0xF79E,0xF79E,0xF79E,0xF79E,0xEF7D,0xEF9D,0xF79D,0xF79D,0xEF9D,0xEF9D,0xEF9D,0xEF9D,0xF79D,0xEF9D,0xEF9D,0xF79D,
0xEF9D,0xEF9D,0xEF9D,0xEF9D,0xEF9D,0xEF9D,0xF77D,0xEF7D,0xEF7D,0xF77D,0xEF7D,0xF77D,0xEF9D,0xEF9D,0xEF7D,0xF79D,
0xF77D,0xF77D,0xF79D,0xF77D,0xF77D,0xF79D,0xF79D,0xF79D,0xF77D,0xF79D,0xF79D,0xF79D,0xF79D,0xF79D,0xEF9D,0xF79D,
0xEF9D,0xEF7D,0xF79D,0xF79D,0xEF9D,0xEF7D,0xEF7D,0xEF9D,0xEF9D,0xEF9D,0xEF9D,0xEF7D,0xEF7D,0xF79D,0xF79D,0xEF9D,
0xEF9D,0xEF9D,0xEF9D,0xEF9D,0xEF9D,0xEF9D,0xEF9D,0xEF9D,0xEF9D,0xEF7D,0xF79D,0xF79D,0xF7DE,0xEE16,0xCB6A,0xDBAA,
0xD3AB,0xDBCB,0xDBCB,0xDBCB,0xDBCB,0xDBCB,0xDBCB,0xDBCB,0xDBCB,0xD3CB,0xD38A,0xE40C,0x8AA9,0x1061,0x0000,0x0000,
0x0000,0x0020,0x0020,0x0020,0x0020,0x0020,0x0020,0x0000,0x0020,0x0000,0x0820,0x8247,0xE40C,0xD38A,0xDBAB,0xDBAB,
0xDBAB,0xDBAB,0xDBAB,0xDBAB,0xDBAB,0xDBAB,0xDBCB,0xDBCB,0xDBCB,0xDBCB,0xD3AB,0xD3CB,0xD3AB,0xDBCB,0xDBCB,0xDBCB,
0xDBCB,0xDBCB,0xDBCB,0xDBCB,0xDBCB,0xDBCB,0xDBCB,0xDBCB,0xDBCB,0xDBCB,0xDBCB,0xDBCB,0xDBAB,0xD3AB,0xD3AB,0xD3CB,
0xDBCB,0xD3AB,0xDBCB,0xDBCB,0xDBCB,0xDBCB,0xDBCB,0xDBCB,0xDBCB,0xDBCB,0xDBAB,0xDBAB,0xDBAB,0xDBAB,0xDBAB,0xDBAB,
0xD3AB,0xDBAB,0xDBEB,0xAB8B,0x1082,0x0000,0x0020,0x0000,0x0000,0x0000,0x0000,0x0000,0x0000,0x0000,0x0020,0x0020,
0x0020,0x0000,0x5964,0xDBEC,0xD3AB,0xD38B,0xD3AB,0xD3AB,0xD3AB,0xDBAB,0xDBAB,0xDBAB,0xDBAB,0xDBCB,0xDBCB,0xDBCB,
0xDBCB,0xDB8A,0xD44E,0xF75C,0xF7BD,0xEF9D,0xF79D,0xEF9D,0xEF9D,0xF79D,0xEF9D,0xEF9D,0xEF9D,0xEF9D,0xF79D,0xF79D,
0xF79D,0xF79D,0xF79D,0xF79D,0xF79D,0xEF9D,0xF79D,0xF79D,0xEF9D,0xF79D,0xF79D,0xF79D,0xEF9D,0xEF9D,0xEF9D,0xEF9D,
0xF79D,0xF79D,0xEF9D,0xF79D,0xF79D,0xF79D,0xF79D,0xF77D,0xF79D,0xF79D,0xF79D,0xEF9D,0xF79D,0xEF9D,0xF79D,0xF79D,
0xEF9D,0xF79D,0xF79D,0xEF9D,0xEF9D,0xF79D,0xF79D,0xF77D,0xF77D,0xF79D,0xF79D,0xF79D,0xF79D,0xEF9D,0xEF9D,0xF79D,
0xF79D,0xF79D,0xF79D,0xF79D,0xF77D,0xEF9D,0xEF9D,0xEF9D,0xEF7D,0xEF7D,0xF79E,0xF79E,0xF79E,0xF79E,0xF79E,0xEF7D,
0xEF7D,0xEF9D,0xEF9D,0xEF9D,0xEF9D,0xF79D,0xF79D,0xEF9D,0xEF9D,0xEF9D,0xF79D,0xEF9D,0xEF7D,0xEF7D,0xEF9D,0xEF7D,
0xEF7D,0xF77D,0xEF7D,0xEF7D,0xEF7D,0xEF7D,0xEF7D,0xEF9D,0xEF9D,0xEF9D,0xF79D,0xF79D,0xF79D,0xF79D,0xF77D,0xF77D,
0xF77D,0xF77D,0xF77D,0xF77D,0xF77D,0xF79D,0xF77D,0xF77D,0xF79D,0xF79D,0xF79D,0xF79D,0xF77D,0xF79D,0xF79D,0xEF9D,
0xEF7D,0xEF7D,0xEF7D,0xEF7D,0xEF7D,0xEF7D,0xEF7D,0xEF7D,0xF77D,0xF77D,0xF77D,0xEF7D,0xEF7D,0xF77D,0xF77D,0xF77D,
0xF77D,0xF77D,0xF77D,0xF77D,0xEF7D,0xEF9D,0xEF9D,0xF7BD,0xEE16,0xCB6A,0xDBAB,0xD3AB,0xD3AB,0xD3AB,0xDBCB,0xDBCB,
0xDBCB,0xDBCB,0xDBCB,0xDBCB,0xDBCB,0xD38A,0xE40C,0x8AA9,0x1061,0x0000,0x0000,0x0000,0x0000,0x0020,0x0020,0x0020,
0x0020,0x0020,0x0020,0x0020,0x0000,0x0840,0x8267,0xE40C,0xD38A,0xDBAB,0xDBAB,0xD3AB,0xD3AB,0xDBAB,0xDBAB,0xDBCB,
0xD3AB,0xDBCB,0xD3AB,0xDBCB,0xDBCB,0xD3CB,0xDBCB,0xDBCB,0xDBCB,0xDBCB,0xDBCB,0xDBAB,0xDBAB,0xDBCB,0xDBAB,0xDBCB,
0xD3CB,0xDBAB,0xDBAB,0xD3AB,0xD3CB,0xDBCB,0xDBCB,0xDBAB,0xD3AB,0xDBAB,0xDBCB,0xD3CB,0xD3CB,0xD3CB,0xD3AB,0xD3AB,
0xDBCB,0xDBCB,0xDBCB,0xD3AB,0xD3AB,0xDBAB,0xDBAB,0xD3AB,0xDBAB,0xDBAB,0xDBAB,0xDBAB,0xDBAB,0xDBEB,0xAB6B,0x18A2,
0x0000,0x0020,0x0000,0x0000,0x0000,0x0000,0x0000,0x0000,0x0020,0x0020,0x0020,0x0020,0x0000,0x5964,0xDBEC,0xD3AB,
0xD38A,0xD3AB,0xD3AB,0xD3AB,0xDBAB,0xDBAB,0xD3AB,0xD3AB,0xDBAB,0xDBAB,0xDBAB,0xDBAB,0xD38A,0xD44E,0xF73B,0xF79D,
0xF77D,0xF77D,0xF77D,0xF77D,0xF79D,0xF77D,0xF77D,0xF77D,0xF77D,0xEF7D,0xEF7D,0xEF7D,0xEF7D,0xEF7D,0xEF7D,0xEF7D,
0xEF7D,0xEF7D,0xEF9D,0xF79D,0xF79D,0xEF9D,0xF79D,0xEF9D,0xEF9D,0xF79D,0xEF9D,0xEF9D,0xEF9D,0xEF7D,0xF77D,0xF77D,
0xF77D,0xF77D,0xEF7D,0xEF7D,0xEF9D,0xF79D,0xF79D,0xF79D,0xF79D,0xF79D,0xEF9D,0xEF9D,0xF79D,0xF79D,0xEF7D,0xEF7D,
0xF79D,0xF79D,0xF77D,0xF77D,0xF79D,0xEF7D,0xEF7D,0xF79D,0xF79D,0xEF9D,0xF79D,0xF79D,0xF77D,0xF77D,0xF77D,0xEF7D,
0xEF7D,0xEF7D,0xEF7D,0xEF7C,0xEF7D,0xF79E,0xF79E,0xF79E,0xF79E,0xF79E,0xEF7D,0xEF7D,0xEF9D,0xF79D,0xF79D,0xEF9D,
0xEF9D,0xEF9D,0xEF9D,0xEF7D,0xEF9D,0xF79D,0xEF9D,0xEF7D,0xEF9D,0xEF9D,0xEF7D,0xEF7D,0xEF7D,0xF77D,0xF77D,0xEF9D,
0xEF7D,0xEF9D,0xF79D,0xEF9D,0xEF9D,0xEF7D,0xF79D,0xF79D,0xF79D,0xF79D,0xF79D,0xF77D,0xF79D,0xF79D,0xEF7D,0xEF7D,
0xEF7D,0xF79D,0xF79D,0xF79D,0xF79D,0xF79D,0xF79D,0xEF9D,0xF79D,0xEF9D,0xEF9D,0xEF7D,0xEF7D,0xEF7D,0xEF7D,0xEF7D,
0xEF9D,0xEF7D,0xEF7D,0xEF7D,0xEF9D,0xEF9D,0xEF9D,0xEF9D,0xEF9D,0xEF9D,0xEF9D,0xEF9D,0xEF9D,0xEF9D,0xEF9D,0xEF7D,
0xEF7D,0xF79D,0xF7BE,0xEE16,0xD36A,0xDBAB,0xD3AB,0xD3AB,0xD3CB,0xDBCB,0xDBCB,0xDBCB,0xDBCB,0xDBCB,0xDBCB,0xD3CB,
0xD38A,0xEBEC,0x8AC9,0x1081,0x0000,0x0020,0x0000,0x0020,0x0020,0x0020,0x0020,0x0020,0x0020,0x0020,0x0020,0x0020,
0x1041,0x8267,0xE42C,0xD38A,0xDBAB,0xDBAB,0xD3AB,0xD3AB,0xDBAB,0xDBAB,0xDBAB,0xD3AB,0xDBAB,0xD3AB,0xD3AB,0xDBCB,
0xDBCB,0xDBCB,0xDBCB,0xDBAB,0xDBAB,0xDBAB,0xDBAB,0xDBAB,0xDBAB,0xDBAB,0xDBCB,0xD3AB,0xD3AB,0xD3CB,0xD3CB,0xDBCB,
0xDBCB,0xDBCB,0xD3AB,0xD3AB,0xD3AB,0xDBCB,0xD3CB,0xD3CB,0xD3CB,0xD3AB,0xDBCB,0xDBAB,0xDBAB,0xDBCB,0xDBAB,0xD3AB,
0xDBAB,0xD3AB,0xD3AB,0xDBAB,0xDBAB,0xD3AB,0xDBAB,0xD3AB,0xE3CB,0xAB6B,0x1082,0x0000,0x0020,0x0000,0x0000,0x0000,
0x0000,0x0000,0x0000,0x0020,0x0040,0x0040,0x0040,0x0000,0x5184,0xDBEC,0xD3AA,0xD38B,0xDBAB,0xD3AB,0xD3AB,0xDBAB,
0xDBAB,0xDBAB,0xDBAB,0xDBAB,0xDBAB,0xDBAB,0xDBAB,0xDB8A,0xCC4E,0xEF3B,0xF79D,0xEF9D,0xEF9D,0xEF9D,0xEF9D,0xEF9D,
0xEF9D,0xEF9D,0xEF7D,0xEF7D,0xEF7D,0xEF7D,0xEF7D,0xEF7D,0xEF7D,0xEF7D,0xEF7D,0xEF9D,0xEF9D,0xEF7D,0xF77D,0xF79D,
0xEF9D,0xEF9D,0xEF9D,0xF77D,0xF79D,0xEF7D,0xEF7D,0xEF9D,0xEF9D,0xEF7D,0xEF7D,0xEF7D,0xEF7D,0xF79D,0xF79D,0xF79D,
0xEF9D,0xF79D,0xF79D,0xF79D,0xF79D,0xEF7D,0xEF9D,0xF79D,0xF79D,0xEF7D,0xEF7D,0xF79D,0xF79D,0xEF9D,0xEF7D,0xF79D,
0xF79D,0xEF9D,0xF79D,0xF79D,0xF79D,0xF77D,0xF77D,0xF77D,0xF77D,0xEF9D,0xEF9D,0xEF7D,0xEF7D,0xEF9D,0xEF7D,0xEF7D,
0xF79E,0xF79E,0xF79E,0xF79E,0xF79E,0xEF7D,0xEF9D,0xF79D,0xF79D,0xF79D,0xEF9D,0xEF9D,0xEF9D,0xEF9D,0xEF9D,0xEF9D,
0xEF9D,0xF79D,0xF79D,0xEF9D,0xEF9D,0xEF9D,0xEF9D,0xEF7D,0xF77D,0xEF7D,0xEF9D,0xEF9D,0xEF9D,0xF79D,0xF79D,0xEF9D,
0xEF7D,0xEF9D,0xEF9D,0xEF9D,0xF79D,0xF79D,0xF77D,0xF79D,0xEF9D,0xEF7D,0xEF7D,0xF79D,0xF79D,0xF79D,0xF79D,0xF79D,
0xEF9D,0xF79D,0xF7BD,0xF7BD,0xF7BE,0xF7BD,0xF7BD,0xF7BD,0xF79D,0xF7BD,0xF7BD,0xF7BD,0xF7BD,0xF7BD,0xF7BD,0xF7BD,
0xF7BD,0xF7BE,0xF7BD,0xF7BD,0xF7BD,0xF7BD,0xF7BD,0xF7BD,0xF7BD,0xF7BD,0xF7BD,0xF7BD,0xFFBD,0xFFFE,0xEE57,0xD36A,
0xDBAB,0xD3AB,0xD3AB,0xDBCB,0xDBCB,0xDBCB,0xDBCB,0xDBCB,0xDBCB,0xDBCB,0xDBCB,0xD38A,0xE40C,0x8AA9,0x0800,0x0000,
0x0000,0x0000,0x0000,0x0000,0x0000,0x0000,0x0000,0x0000,0x0000,0x0000,0x0000,0x0800,0x8267,0xE42C,0xD38A,0xDBAB,
0xD3AB,0xD3AB,0xD3AB,0xDBAB,0xDBAB,0xDBAB,0xDBAB,0xDBCB,0xD3AB,0xDBCB,0xDBCB,0xDBCB,0xD3CB,0xDBCB,0xDBAB,0xDBAB,
0xDBAB,0xDBAB,0xDBAB,0xD3AB,0xDBAB,0xDBCB,0xD3AB,0xD3AB,0xD3AB,0xDBCB,0xDBCB,0xDBCB,0xDBCB,0xDBCB,0xDBCB,0xDBCB,
0xDBCB,0xD3CB,0xD3CB,0xD3CB,0xD3CB,0xD3CB,0xDBAB,0xDBCB,0xDBCB,0xDBAB,0xDBAB,0xDBAB,0xDBAB,0xDBAB,0xDBAB,0xDBAB,
0xDBCB,0xD3AB,0xD3AB,0xE3CB,0xAB6B,0x1040,0x0000,0x0000,0x0000,0x0000,0x0000,0x0000,0x0000,0x0000,0x0000,0x0000,
0x0000,0x0000,0x0000,0x5144,0xDBEC,0xD3AB,0xD3AB,0xDBAB,0xD3AB,0xD3AB,0xD3AB,0xDBAB,0xDBAB,0xDBCB,0xDBAB,0xDBAB,
0xDBAB,0xD3CB,0xDB8A,0xD46E,0xF79C,0xF7DE,0xF7BE,0xF7BD,0xF7BD,0xF7BD,0xF7BD,0xF7BD,0xF7BD,0xF7BE,0xF7BE,0xF7BD,
0xF7BD,0xF7BE,0xF7BE,0xF7BD,0xF7BD,0xF7BD,0xF7BD,0xF7BD,0xF7BD,0xF7BD,0xF7BD,0xF7BD,0xF7BD,0xF7BD,0xEF9D,0xEF9D,
0xF79D,0xEF7D,0xEF9D,0xF79D,0xF79D,0xEF9D,0xEF9D,0xF79D,0xF79D,0xF79D,0xF79D,0xEF9D,0xF79D,0xEF9D,0xF79D,0xEF9D,
0xEF9D,0xF79D,0xF79D,0xEF9D,0xEF9D,0xEF7D,0xEF9D,0xF79D,0xEF9D,0xEF9D,0xF79D,0xF79D,0xF79D,0xF79D,0xEF9D,0xF79D,
0xF79D,0xEF7D,0xF79D,0xF79D,0xEF9D,0xEF9D,0xEF7D,0xEF9D,0xEF9D,0xEF7C,0xEF9D,0xF79E,0xF79E,0xF79E,0xF79E,0xF79E,
0xEF9D,0xEF9D,0xF79D,0xEF9D,0xEF9D,0xEF9D,0xEF9D,0xEF9D,0xEF7D,0xEF9D,0xEF9D,0xEF9D,0xEF9D,0xF79D,0xEF9D,0xEF9D,
0xEF9D,0xEF9D,0xF77D,0xEF7D,0xEF7D,0xEF9D,0xEF9D,0xEF7D,0xEF9D,0xEF9D,0xEF9D,0xF77D,0xF79D,0xEF9D,0xEF9D,0xEF9D,
0xEF9D,0xF79D,0xF79D,0xF79D,0xEF9D,0xEF9D,0xEF9D,0xF79D,0xF79D,0xF79D,0xEF7D,0xEF9D,0xEF3B,0xE573,0xDD32,0xDD52,
0xDD32,0xE552,0xE553,0xE553,0xE552,0xE552,0xDD52,0xDD52,0xE552,0xDD52,0xDD52,0xE552,0xE552,0xE552,0xE552,0xDD52,
0xE552,0xDD52,0xE552,0xDD52,0xE552,0xE552,0xE552,0xE532,0xE552,0xDCD0,0xD3AB,0xD3AB,0xD3AB,0xD3AB,0xD3AB,0xDBCB,
0xDBCB,0xDBCB,0xDBCB,0xDBCB,0xD3AB,0xDBCB,0xD3AB,0xDBCB,0xB34B,0x8247,0x7A06,0x7A27,0x7A26,0x7A06,0x7A06,0x7A06,
0x7A06,0x7A26,0x7A26,0x7A26,0x7A27,0x7A26,0x7A27,0xB329,0xDBCB,0xD38B,0xD3AB,0xD3AB,0xD3AB,0xDBAB,0xDBAB,0xDBAB,
0xDBCB,0xDBAB,0xDBCB,0xDBCB,0xDBCB,0xDBCB,0xDBCB,0xDBCB,0xDBCB,0xDBCB,0xDBAB,0xDBAB,0xDBAB,0xDBAB,0xDBAB,0xDBAB,
0xDBAB,0xDBCB,0xDBAB,0xDBAB,0xDBCB,0xDBCB,0xDBCB,0xDBCB,0xDBAB,0xD3AB,0xD3AB,0xDBCB,0xD3AB,0xD3CB,0xD3CB,0xD3CB,
0xD3CB,0xDBCB,0xDBCB,0xDBCB,0xDBAB,0xDBAB,0xDBCB,0xDBAB,0xDBAB,0xDBAB,0xDBAB,0xD3AB,0xD3CB,0xD3AB,0xDBAB,0xC38A,
0x8227,0x7A06,0x7A47,0x7A26,0x7A06,0x71E6,0x71E6,0x7206,0x7206,0x7A06,0x7A27,0x8227,0x7A47,0x71E6,0x9A88,0xD3AB,
0xD38B,0xD38B,0xDBAB,0xD3AB,0xD3AB,0xDBAB,0xDBCB,0xDBCB,0xDBCB,0xDBCB,0xD3CB,0xDBCB,0xD3CB,0xDBAB,0xD40D,0xDD72,
0xDD73,0xDD53,0xDD53,0xDD52,0xDD52,0xDD52,0xE553,0xE552,0xDD53,0xDD52,0xE553,0xE553,0xE553,0xE553,0xE553,0xE552,
0xE552,0xE552,0xE532,0xE532,0xE532,0xE531,0xE531,0xDD31,0xDE16,0xEFBD,0xEF9D,0xF79D,0xEF9D,0xF79D,0xF79D,0xF79D,
0xEF9D,0xEF9D,0xEF9D,0xEF9D,0xF79D,0xF79D,0xEF9D,0xF79D,0xF79D,0xEF9D,0xEF9D,0xF79D,0xF79D,0xF79D,0xEF9D,0xEF9D,
0xEF9D,0xF79D,0xF79D,0xF79D,0xEF9D,0xEF9D,0xEF9D,0xF79D,0xF79D,0xF79D,0xF79D,0xF79D,0xF79D,0xF79D,0xF79D,0xF79D,
0xEF9D,0xEF7D,0xEF9D,0xEF9D,0xEF7C,0xEF7D,0xF79E,0xF79E,0xF79E,0xF79E,0xF79E,0xEF7D,0xEF9D,0xF79D,0xF79D,0xEF9D,
0xEF9D,0xEF9D,0xF79D,0xEF7D,0xEF9D,0xEF9D,0xEF9D,0xEF9D,0xEF7D,0xEF7D,0xEF9D,0xEF9D,0xF79D,0xEF7D,0xEF7D,0xEF7D,
0xEF7D,0xEF9D,0xEF7D,0xEF9D,0xF79D,0xF79D,0xF79D,0xF79D,0xF79D,0xEF9D,0xEF9D,0xEF9D,0xEF7D,0xEF9D,0xF79D,0xEF9D,
0xF79D,0xF79D,0xEF9D,0xF79D,0xF79D,0xEF7D,0xF7BE,0xEF1A,0xCBAC,0xD329,0xD369,0xCB6A,0xD36A,0xD38A,0xD38A,0xD38A,
0xD38A,0xD36A,0xD36A,0xD38A,0xD38A,0xD36A,0xD38A,0xD38A,0xD38A,0xD36A,0xD36A,0xD38A,0xD38A,0xD38A,0xD36A,0xD38A,
0xD36A,0xD36A,0xD369,0xD349,0xD38A,0xD3AB,0xDBAB,0xDBAB,0xD3AB,0xD3AB,0xDBCB,0xDBCB,0xDBCB,0xDBCB,0xDBCB,0xD3AB,
0xD3AB,0xD3CB,0xD3AB,0xDBCC,0xE42D,0xE42C,0xE40C,0xDBEC,0xDBEC,0xDBEC,0xDBEC,0xE3EC,0xE40C,0xE40C,0xE40C,0xE40C,
0xE42D,0xE40C,0xDBCB,0xD38A,0xD3AB,0xD3AB,0xD3AB,0xD3AB,0xDBAB,0xD3AB,0xDBCB,0xDBCB,0xDBCB,0xDBCB,0xDBCB,0xDBCB,
0xD3AB,0xDBCB,0xDBCB,0xD3CB,0xD3CB,0xDBCB,0xDBAB,0xDBAB,0xDBAB,0xD3AB,0xDBAB,0xD3AB,0xDBCB,0xD3CB,0xD3CB,0xDBCB,
0xDBCB,0xDBCB,0xDBCB,0xDBCB,0xD3CB,0xDBCB,0xDBCB,0xDBCB,0xD3CB,0xD3CB,0xDBCB,0xDBAB,0xDBAB,0xDBCB,0xDBCB,0xDBAB,
0xDBCB,0xDBAB,0xDBCB,0xDBCB,0xDBAB,0xDBAB,0xD3AB,0xD3AB,0xD3AB,0xD3AB,0xD3AA,0xDBEC,0xE40C,0xE42C,0xE40C,0xDBEB,
0xDBCB,0xDBCB,0xDBCB,0xDBCB,0xE3EC,0xE40C,0xE40C,0xE42C,0xE40C,0xDBCB,0xD38A,0xD38A,0xD3AB,0xD3AB,0xD3AB,0xD3AB,
0xDBCB,0xDBCB,0xDBCB,0xDBCB,0xDBAB,0xDBAB,0xD3AB,0xDBAB,0xDBAB,0xD3CB,0xD3AA,0xD38A,0xD38A,0xD38A,0xD38A,0xD38A,
0xD38A,0xD36A,0xD36A,0xD36A,0xD38A,0xD36A,0xD38A,0xD38A,0xD38A,0xD38A,0xD38A,0xD38A,0xD38A,0xD38A,0xD36A,0xD369,
0xCB69,0xD369,0xCB29,0xD4F1,0xF7DE,0xF77D,0xEF9D,0xEF9D,0xF79D,0xEF9D,0xF79D,0xF79D,0xF79D,0xEF7D,0xEF7D,0xEF9D,
0xF79D,0xF79D,0xF79D,0xF79D,0xF79D,0xF79D,0xF79D,0xF79D,0xF79D,0xF77D,0xF79D,0xF79D,0xF79D,0xEF9D,0xF79D,0xF79D,
0xEF9D,0xF79D,0xF79D,0xF79D,0xF79D,0xF79D,0xF79D,0xF79D,0xEF9D,0xEF9D,0xF79D,0xEF7D,0xEF7D,0xEF9D,0xEF7D,0xEF7D,
0xEF7D,0xF79E,0xF79E,0xF79E,0xF79E,0xF79E,0xEF9D,0xF79D,0xF79D,0xF79D,0xEF9D,0xF79D,0xF79D,0xF79D,0xEF9D,0xEF7D,
0xEF7D,0xEF9D,0xEF9D,0xEF9D,0xEF7D,0xEF9D,0xEF9D,0xEF9D,0xEF9D,0xEF9D,0xEF7D,0xEF7D,0xEF9D,0xF79D,0xF79D,0xF79D,
0xF79D,0xEF9D,0xEF9D,0xF79D,0xF79D,0xEF9D,0xEF9D,0xEF9D,0xEF9D,0xEF9D,0xEF9D,0xF79D,0xEF9D,0xEF9D,0xF79D,0xF79D,
0xF79D,0xF7BE,0xEF1A,0xD3EC,0xDB49,0xDB8A,0xD3AA,0xDBAB,0xDBCB,0xDBAB,0xDBCB,0xDBCB,0xDBAB,0xDBAB,0xDBAB,0xDBAB,
0xDBAB,0xDBAB,0xDBAB,0xDBCB,0xDBAB,0xDBAB,0xDBAB,0xDBAB,0xDBAB,0xDBAB,0xDBAB,0xDBAB,0xDBAB,0xD3AA,0xD38A,0xD3AB,
0xDBAB,0xDBAB,0xDBAB,0xDBAB,0xD3AB,0xDBCB,0xDBCB,0xDBCB,0xDBCB,0xDBCB,0xDBCB,0xDBAB,0xD3AB,0xD3AB,0xDBCB,0xDBCC,
0xDBCB,0xDBAB,0xD3AB,0xD3AB,0xD3AB,0xD3AB,0xDBAB,0xDBAB,0xDBAB,0xDBCB,0xDBCB,0xDBCB,0xDBCB,0xD3AB,0xD3AB,0xD3AB,
0xD3AB,0xD3AB,0xD3AB,0xD3CB,0xD3CB,0xDBCB,0xDBCB,0xDBCB,0xDBCB,0xDBCB,0xDBCB,0xDBCB,0xDBCB,0xDBCB,0xD3AB,0xD3AB,
0xD3CB,0xD3AB,0xD3AB,0xD3CB,0xD3CB,0xD3CB,0xD3AB,0xD3AB,0xD3CB,0xDBCB,0xDBCB,0xDBCB,0xDBCB,0xDBCB,0xDBCB,0xDBCB,
0xDBCB,0xDBCB,0xDBCB,0xDBCB,0xD3CB,0xDBAB,0xDBAB,0xDBAB,0xDBAB,0xDBCB,0xDBCB,0xDBCB,0xDBCB,0xDBCB,0xDBCB,0xDBCB,
0xDBCB,0xDBCB,0xD3AB,0xD3AB,0xD3AB,0xD3AB,0xDBCB,0xDBCB,0xDBCB,0xDBAB,0xD3AB,0xD3AB,0xD3AA,0xD38A,0xDBAB,0xDBAB,
0xDBAB,0xDBCB,0xDBCB,0xDBCB,0xD3CB,0xD3AB,0xD3AB,0xDBAB,0xDBAB,0xD3AB,0xDBCB,0xDBCB,0xDBCB,0xD3AB,0xD3AB,0xDBAB,
0xDBAB,0xDBAB,0xDBAB,0xDBAB,0xDBCB,0xDBCB,0xDBAB,0xDBAB,0xDBCB,0xDBCB,0xDBAB,0xDBAB,0xDBAB,0xDBAB,0xDBAB,0xDBAB,
0xDBAB,0xD3AB,0xD3AB,0xDBCB,0xDBCB,0xDBCB,0xDBCB,0xDBCB,0xDBCB,0xDBCB,0xD3AB,0xD3AB,0xDBAB,0xD38A,0xD532,0xF7BE,
0xF77D,0xEF9D,0xF79D,0xF79D,0xF79D,0xF79D,0xF79D,0xF79D,0xF79D,0xEF9D,0xEF9D,0xF79D,0xF79D,0xF79D,0xF79D,0xF79D,
0xF79D,0xF79D,0xF79D,0xF79D,0xF77D,0xF79D,0xF77D,0xEF7D,0xEF7D,0xF79D,0xF79D,0xF79D,0xF79D,0xF79D,0xF79D,0xF79D,
0xF79D,0xF79D,0xF79D,0xF79D,0xF79D,0xF77D,0xF77D,0xEF9D,0xEF7D,0xEF7D,0xEF7D,0xEF9D,0xF79E,0xF79E,0xF79E,0xF79E,
0xF79E,0xEF9D,0xF79D,0xEF9D,0xEF9D,0xEF9D,0xF79D,0xF79D,0xEF9D,0xEF9D,0xEF7D,0xEF7D,0xEF9D,0xEF9D,0xEF9D,0xEF7D,
0xEF9D,0xEF9D,0xEF9D,0xEF9D,0xEF9D,0xEF9D,0xEF9D,0xEF9D,0xF79D,0xF79D,0xEF9D,0xEF9D,0xEF9D,0xF79D,0xF79D,0xF79D,
0xEF9D,0xEF9D,0xF79D,0xF79D,0xF79D,0xEF9D,0xEF9D,0xF79D,0xF79D,0xF79D,0xF79D,0xF79D,0xF7BE,0xEF1A,0xD3EC,0xD36A,
0xDBAB,0xD3AB,0xDBAB,0xDBCB,0xDBCB,0xDBCB,0xDBCB,0xDBCB,0xDBCB,0xDBAB,0xDBAB,0xDBAB,0xD3CB,0xD3CB,0xD3CB,0xDBCB,
0xDBCB,0xDBCB,0xD3CB,0xDBAB,0xDBCB,0xDBCB,0xDBAB,0xDBAB,0xD3AB,0xD3AB,0xD3AB,0xDBAB,0xDBAB,0xDBCB,0xDBAB,0xD3CB,
0xD3AB,0xDBCB,0xDBCB,0xDBCB,0xD3AB,0xDBCB,0xDBCB,0xD3AB,0xDBAB,0xDBAB,0xDBAB,0xD3AB,0xD3AB,0xD3AB,0xD38B,0xD38A,
0xD38B,0xD3AB,0xD3AB,0xD3AB,0xD3AB,0xD3CB,0xD3CB,0xD3AB,0xD3AB,0xD3AB,0xD3AB,0xD3AB,0xD3AB,0xD3AB,0xDBCB,0xDBCB,
0xDBCB,0xDBCB,0xDBCB,0xDBCB,0xDBCB,0xDBCB,0xDBCB,0xDBCB,0xDBCB,0xDBCB,0xDBCB,0xD3AB,0xD3CB,0xDBCB,0xDBCB,0xD3CB,
0xD3AB,0xD3AB,0xD3AB,0xDBCB,0xDBEB,0xDBCB,0xDBCB,0xDBCB,0xDBCB,0xDBCB,0xDBCB,0xDBCB,0xDBCB,0xDBCB,0xD3CB,0xDBCB,
0xDBAB,0xDBAB,0xD3AB,0xDBAB,0xDBCB,0xDBCB,0xDBCB,0xDBCB,0xDBCB,0xDBCB,0xDBCB,0xDBCB,0xDBCB,0xD3CB,0xD3AB,0xD3AB,
0xD3AB,0xD3AB,0xD3AB,0xD3AB,0xD3AB,0xD3AB,0xD3AB,0xD3AB,0xD38B,0xD3AB,0xD3AB,0xD3AB,0xD3AB,0xD3CB,0xD3CB,0xD3CB,
0xD3AB,0xD3AB,0xDBAB,0xD3AB,0xD3AB,0xD3CB,0xDBCB,0xD3AB,0xD3AB,0xD3AB,0xDBCB,0xD3CB,0xDBCB,0xDBCB,0xDBAB,0xD3CB,
0xDBCB,0xDBCB,0xDBCB,0xDBCB,0xDBCB,0xD3AB,0xDBAB,0xDBAB,0xDBAB,0xDBCB,0xD3CB,0xDBCB,0xDBCB,0xDBCB,0xDBCB,0xDBCB,
0xDBCB,0xDBCB,0xDBCB,0xDBCB,0xDBCB,0xDBAB,0xD3AB,0xDBAB,0xD38A,0xD532,0xF7BE,0xF77D,0xEF7D,0xF79D,0xF79D,0xF79D,
0xF79D,0xEF9D,0xF79D,0xF79D,0xF79D,0xF79D,0xF79D,0xEF9D,0xF79D,0xF79D,0xEF9D,0xF79D,0xF79D,0xEF9D,0xF79D,0xF77D,
0xF77D,0xF77D,0xEF7D,0xF77D,0xF79D,0xF77D,0xF79D,0xF79D,0xF79D,0xF79D,0xF79D,0xF79D,0xF79D,0xF79D,0xF79D,0xF79D,
0xF79D,0xF79D,0xEF7D,0xEF7D,0xEF9D,0xEF7D,0xEF9D,0xF79E,0xF79E,0xF79E,0xF79E,0xF79E,0xEF7D,0xEF9D,0xEF9D,0xEF9D,
0xEF9D,0xF79D,0xF79D,0xEF9D,0xEF7D,0xEF9D,0xF79D,0xEF7D,0xEF9D,0xEF7D,0xEF7D,0xEF9D,0xF79D,0xEF9D,0xEF7D,0xEF7D,
0xEF9D,0xEF9D,0xEF9D,0xEF9D,0xEF9D,0xEF9D,0xEF9D,0xF79D,0xF79D,0xEF9D,0xEF9D,0xEF9D,0xEF9D,0xF79D,0xF79D,0xEF9D,
0xEF9D,0xEF9D,0xEF9D,0xEF9D,0xF79D,0xF79D,0xF77D,0xF7BE,0xEEFA,0xD3EC,0xDB6A,0xDB8B,0xD3AB,0xDBAB,0xDBAB,0xDBAB,
0xDBAB,0xDBCB,0xDBCB,0xDBAB,0xDBAB,0xD3AB,0xD3AB,0xD3AB,0xD3AB,0xD3AB,0xD3AB,0xD3AB,0xD3AB,0xD3AB,0xDBAB,0xDBAB,
0xDBAB,0xD3AB,0xD3AB,0xD3AB,0xD3AB,0xDBAB,0xDBAB,0xDBAB,0xDBCB,0xDBCB,0xDBCB,0xD3CB,0xDBAB,0xDBAB,0xDBCB,0xD3AB,
0xDBCB,0xDBCB,0xDBAB,0xDBAB,0xDBCB,0xDBCB,0xDBCB,0xDBCB,0xDBAB,0xD3AB,0xD3AB,0xD3AB,0xD3AB,0xDBAB,0xDBAB,0xDBAB,
0xDBCB,0xDBCB,0xDBCB,0xDBCB,0xD3AB,0xD3AB,0xD3AB,0xD3AB,0xD3AB,0xDBCB,0xDBCB,0xDBCB,0xDBCB,0xDBCB,0xDBCB,0xDBCB,
0xDBCB,0xDBCB,0xDBCB,0xDBCB,0xDBCB,0xDBCB,0xD3AB,0xDBCB,0xDBCB,0xDBCB,0xDBCB,0xDBAB,0xD3AB,0xD3AB,0xD3CB,0xD3CB,
0xDBCB,0xDBCB,0xD3CB,0xD3CB,0xD3CB,0xD3CB,0xDBCB,0xDBCC,0xDBCB,0xD3CB,0xDBCB,0xDBAB,0xDBAB,0xDBAB,0xDBCB,0xDBCB,
0xDBCB,0xDBCB,0xD3AB,0xDBCB,0xD3AB,0xDBAB,0xD3AB,0xD3AB,0xD3CB,0xD3AB,0xD3AB,0xD3AB,0xD3CB,0xDBCB,0xDBCB,0xDBCB,
0xDBCB,0xDBAB,0xDBAB,0xDBAB,0xDBAB,0xDBAB,0xD3AB,0xD3CB,0xD3CB,0xD3CB,0xD3CB,0xD3AB,0xD3AB,0xDBAB,0xD3AB,0xD3AB,
0xD3AB,0xDBCB,0xD3AB,0xDBCB,0xDBCB,0xD3CB,0xD3CB,0xDBCB,0xDBAB,0xDBAB,0xD3AB,0xD3AB,0xD3AB,0xD3AB,0xD3AB,0xD3AB,
0xD3AB,0xD3AB,0xD3AB,0xD3CB,0xDBCB,0xD3AB,0xDBCB,0xDBCB,0xDBCB,0xDBCB,0xDBCB,0xDBCB,0xDBCB,0xDBCB,0xDBCB,0xDBCB,
0xD3AB,0xD3AB,0xDBAB,0xD36A,0xD512,0xF7BE,0xF79D,0xF79D,0xF79D,0xF79D,0xF79D,0xEF9D,0xEF9D,0xEF9D,0xEF9D,0xEF9D,
0xEF9D,0xF79D,0xEF9D,0xEF9D,0xEF9D,0xF79D,0xF79D,0xF79D,0xEF9D,0xF79D,0xF77D,0xF79D,0xF77D,0xF79D,0xF77D,0xF77D,
0xEF9D,0xEF9D,0xEF9D,0xEF9D,0xF79D,0xF79D,0xF79D,0xF79D,0xEF9D,0xEF9D,0xF79D,0xF79D,0xF79D,0xEF9D,0xEF7D,0xEF9D,
0xEF9D,0xEF7D,0xF79E,0xF79E,0xF79E,0xF79E,0xF79E,0xF79D,0xEF9D,0xF79D,0xEF9D,0xEF9D,0xF79D,0xF79D,0xEF9D,0xEF9D,
0xEF9D,0xF79D,0xEF9D,0xEF9D,0xEF9D,0xEF9D,0xF79D,0xF79D,0xEF9D,0xEF7D,0xEF7D,0xEF7D,0xEF7D,0xF79D,0xEF9D,0xEF9D,
0xF79D,0xF79D,0xF79D,0xEF9D,0xEF9D,0xEF9D,0xF79D,0xF79D,0xF79D,0xEF9D,0xEF9D,0xF79D,0xEF9D,0xEF9D,0xEF9D,0xEF9D,
0xEF9D,0xF79D,0xF7BD,0xEEFA,0xD3EC,0xDB6A,0xDBAB,0xD3AB,0xD3AB,0xDBAB,0xDBCB,0xDBCB,0xDBCB,0xDBAB,0xDBCB,0xDBAB,
0xD3AB,0xD3AB,0xD3AB,0xD3CB,0xD3AB,0xD3AB,0xD3AB,0xD3AB,0xD3AB,0xDBCB,0xD3AB,0xD3AB,0xD3AB,0xD3AB,0xDBCB,0xDBAB,
0xDBAB,0xD3CB,0xD3CB,0xDBCB,0xDBCB,0xDBCB,0xDBCB,0xDBAB,0xDBAB,0xDBCB,0xD3CB,0xD3CB,0xDBCB,0xDBAB,0xDBAB,0xDBCB,
0xDBCB,0xDBCB,0xDBCB,0xDBAB,0xDBAB,0xD3CB,0xD3CB,0xD3CB,0xD3AB,0xDBAB,0xDBCB,0xDBCB,0xDBCB,0xDBCB,0xDBCB,0xDBCB,
0xDBCB,0xD3CB,0xD3AB,0xD3AB,0xDBCB,0xDBCB,0xDBCB,0xDBCB,0xDBCB,0xDBCB,0xDBCB,0xDBCB,0xDBCB,0xD3AB,0xD3CB,0xD3AB,
0xDBCB,0xD3CB,0xDBCB,0xDBCB,0xDBCB,0xDBCB,0xDBCB,0xDBCB,0xD3CB,0xD3CB,0xD3CB,0xDBCC,0xDBCC,0xD3CB,0xD3CB,0xD3CB,
0xD3CB,0xDBCB,0xDBCC,0xDBCB,0xD3CB,0xD3CB,0xDBAB,0xDBCB,0xDBAB,0xD3CB,0xDBCB,0xDBCB,0xDBCB,0xDBCB,0xDBCB,0xD3CB,
0xDBAB,0xD3AB,0xDBAB,0xDBAB,0xDBAB,0xDBAB,0xDBAB,0xDBCB,0xDBCB,0xDBCB,0xDBCB,0xDBCB,0xDBCB,0xDBCB,0xD3CB,0xD3CB,
0xD3CB,0xD3CB,0xDBCB,0xDBCB,0xDBCB,0xDBCB,0xDBCB,0xD3CB,0xDBAB,0xDBAB,0xDBAB,0xDBAB,0xDBCB,0xDBCB,0xDBCB,0xDBCB,
0xD3CB,0xD3CB,0xDBCB,0xDBCB,0xDBAB,0xDBAB,0xD3AB,0xD3AB,0xDBCB,0xD3AB,0xD3AB,0xD3AB,0xDBCB,0xD3AB,0xD3CB,0xDBCB,
0xDBCB,0xD3CB,0xD3CB,0xDBCB,0xDBCB,0xD3CB,0xDBCB,0xDBCB,0xDBCB,0xDBCB,0xDBCB,0xDBAB,0xD3AB,0xDBAB,0xD38A,0xD532,
0xF7DE,0xF79D,0xF79D,0xF79D,0xF79D,0xF79D,0xEF9D,0xEF9D,0xEF9D,0xF79D,0xF79D,0xF79D,0xF79D,0xF79D,0xF79D,0xEF9D,
0xF79D,0xF79D,0xEF9D,0xF79D,0xF79D,0xF79D,0xF79D,0xF79D,0xF79D,0xF79D,0xF79D,0xF79D,0xF79D,0xEF9D,0xEF9D,0xF79D,
0xF79D,0xF79D,0xF79D,0xF79D,0xF79D,0xF79D,0xF79D,0xEF9D,0xEF7D,0xEF7D,0xF79D,0xEF9D,0xEF7D,0xF79E,0xF79E,0xF79E,
0xF79E,0xF79E,0xF79D,0xF79D,0xF79D,0xF79D,0xF79D,0xF79D,0xF79D,0xEF9D,0xF79D,0xEF7D,0xF79D,0xF79D,0xEF9D,0xEF9D,
0xEF9D,0xF79D,0xEF9D,0xEF9D,0xF79D,0xF79D,0xF79D,0xF79D,0xF79D,0xEF9D,0xF79D,0xF79D,0xF79D,0xF79D,0xEF9D,0xF79D,
0xF79D,0xF79D,0xEF7D,0xF79D,0xF79D,0xF79D,0xF79D,0xF79D,0xEF9D,0xF79D,0xEF9D,0xEF9D,0xF77D,0xF7BD,0xEF1A,0xD3EC,
0xDB6A,0xDBAB,0xD3AB,0xD3AB,0xDBAB,0xDBAB,0xDBCB,0xDBCB,0xDBAB,0xDBCB,0xDBCB,0xD3AB,0xDBCB,0xDBCB,0xDBCB,0xDBCB,
0xDBAB,0xDBCB,0xDBCB,0xD3CB,0xD3CB,0xD3CB,0xD3CB,0xD3AB,0xD3AB,0xDBCB,0xDBCB,0xD3AB,0xD3CB,0xD3CB,0xD3CB,0xDBCB,
0xDBCB,0xDBAB,0xDBAB,0xDBAB,0xDBAB,0xDBCB,0xD3AB,0xD3AB,0xDBAB,0xDBAB,0xDBCB,0xDBAB,0xDBCB,0xDBAB,0xDBAB,0xDBCB,
0xDBCB,0xDBCB,0xD3CB,0xD3AB,0xDBCB,0xDBCB,0xDBCB,0xDBCB,0xDBCB,0xD3AB,0xDBCB,0xD3AB,0xD3AB,0xD3AB,0xD3AB,0xD3AB,
0xDBCB,0xDBCB,0xDBCB,0xDBCB,0xDBCB,0xDBCB,0xDBCB,0xDBCB,0xDBCB,0xDBCB,0xDBCB,0xDBCB,0xDBCB,0xDBCB,0xDBCB,0xDBCB,
0xDBCB,0xDBCB,0xDBCB,0xD3CB,0xDBCB,0xDBCB,0xDBCB,0xDBCC,0xDBCB,0xDBCB,0xDBCB,0xDBCB,0xDBCB,0xD3CB,0xD3CB,0xD3CB,
0xDBCB,0xDBCB,0xDBCB,0xD3AB,0xD3CB,0xDBCB,0xDBCB,0xDBCB,0xDBCB,0xDBCB,0xDBCB,0xDBCB,0xDBAB,0xDBCB,0xDBAB,0xDBCB,
0xDBAB,0xDBCB,0xDBCC,0xDBCC,0xDBCC,0xDBCC,0xDBCB,0xDBCB,0xDBCB,0xD3CB,0xD3CB,0xD3CB,0xD3CB,0xDBCB,0xDBCB,0xDBCB,
0xDBCB,0xDBCB,0xDBCB,0xDBCB,0xDBAB,0xDBCB,0xDBCB,0xDBAB,0xDBCB,0xDBCB,0xDBCB,0xDBCB,0xDBCB,0xDBCB,0xDBCB,0xDBCB,
0xDBAB,0xDBAB,0xDBCB,0xDBCB,0xDBCB,0xD3CB,0xDBCB,0xDBCB,0xDBCB,0xD3CB,0xD3CB,0xD3CB,0xD3CB,0xD3CB,0xDBCB,0xDBCB,
0xDBEB,0xDBEB,0xDBEB,0xDBCB,0xDBCC,0xDBCC,0xDBCB,0xDBCB,0xDBAB,0xD38A,0xD532,0xF7DE,0xF77D,0xEF9D,0xF79D,0xEF9D,
0xF79D,0xF79D,0xF79D,0xF79D,0xF79D,0xF79D,0xF79D,0xF79D,0xF79D,0xF79D,0xF79D,0xF79D,0xF79D,0xEF9D,0xEF9D,0xF79D,
0xF79D,0xF79D,0xF79D,0xF79D,0xF79D,0xF79D,0xF79D,0xEF9D,0xF79D,0xEF9D,0xF79D,0xF79D,0xEF9D,0xF79D,0xF79D,0xF79D,
0xF79D,0xF79D,0xEF9D,0xEF9D,0xEF9D,0xEF9D,0xEF7D,0xEF9D,0xF79E,0xF79E,0xF79E,0xF79E,0xF79E,0xEF7D,0xEF9D,0xF79D,
0xEF9D,0xEF9D,0xF79D,0xF79D,0xF79D,0xF79D,0xEF7D,0xEF9D,0xEF9D,0xEF7D,0xEF9D,0xEF9D,0xEF9D,0xEF9D,0xEF9D,0xEF9D,
0xEF9D,0xF79D,0xEF9D,0xEF7D,0xEF9D,0xEF9D,0xEF9D,0xEF9D,0xF79D,0xF79D,0xF79D,0xF79D,0xEF9D,0xEF7D,0xF79D,0xF79D,
0xEF9D,0xEF9D,0xF79D,0xEF9D,0xEF9D,0xEF9D,0xEF9D,0xEF7C,0xF7BD,0xEF1A,0xD3EC,0xD36A,0xDBAB,0xD3AB,0xDBAB,0xD3AB,
0xD3AB,0xDBAB,0xDBAB,0xDBAB,0xD3AB,0xDBCB,0xD3AB,0xDBCB,0xDBCB,0xD3AB,0xD3AB,0xDBCB,0xDBCB,0xDBCB,0xDBCB,0xD3CB,
0xDBCB,0xDBCB,0xD3CB,0xDBCB,0xDBCB,0xDBCB,0xD3AB,0xD3CB,0xDBCB,0xD3CB,0xDBCB,0xDBCB,0xDBCB,0xDBAB,0xDBAB,0xDBAB,
0xDBAB,0xDBAB,0xD3AB,0xDBAB,0xDBAB,0xDBAB,0xDBAB,0xDBCB,0xDBCB,0xDBCB,0xDBCB,0xD3CB,0xD3CB,0xD3CB,0xD3AB,0xD3AB,
0xDBAB,0xDBCB,0xDBCB,0xDBCB,0xDBCB,0xDBCB,0xDBCB,0xDBCB,0xD3AB,0xD3AB,0xD3AB,0xDBCB,0xDBCB,0xD3CB,0xD3CB,0xDBCB,
0xDBCB,0xDBCB,0xDBCB,0xDBCB,0xDBCB,0xDBCB,0xDBCB,0xDBAB,0xDBAB,0xDBAB,0xDBAB,0xDBAB,0xDBAB,0xDBAB,0xD3AB,0xD3CB,
0xD3CB,0xDBCB,0xDBCB,0xDBCB,0xDBCB,0xDBCB,0xDBCB,0xDBCB,0xD3CB,0xD3CB,0xD3CB,0xDBCB,0xDBCB,0xDBCB,0xDBCB,0xDBCB,
0xDBCB,0xDBCB,0xDBCB,0xDBCB,0xDBCB,0xDBCB,0xDBCB,0xD3CB,0xD3CB,0xD3CB,0xD3CB,0xDBCB,0xDBCB,0xDBCC,0xDBCC,0xDBCC,
0xDBCC,0xDBCC,0xDBCC,0xDBCC,0xDBCB,0xDBCB,0xDBCB,0xDBCB,0xDBCB,0xDBCB,0xDBCB,0xDBCB,0xDBCB,0xDBCB,0xDBAB,0xDBAB,
0xDBCB,0xDBCB,0xDBAB,0xDBCB,0xDBCB,0xDBCB,0xDBCB,0xDBCB,0xD3CB,0xDBCB,0xD3CB,0xD3CB,0xDBCB,0xDBCB,0xD3AB,0xD3AB,
0xDBCB,0xDBCB,0xDBCB,0xDBCB,0xDBCB,0xD3CB,0xDBCB,0xDBCB,0xDBCB,0xD3CB,0xDBCB,0xDBCB,0xDBCB,0xDBCB,0xDBCB,0xDBCB,
0xDBCB,0xDBCB,0xDBCB,0xDBCB,0xD38A,0xD532,0xF7BE,0xF77D,0xEF9D,0xF79D,0xEF9D,0xF79D,0xF79D,0xF79D,0xEF9D,0xEF9D,
0xEF9D,0xF79D,0xEF9D,0xEF9D,0xEF9D,0xF79D,0xF79D,0xF79D,0xEF9D,0xEF9D,0xF79D,0xF79D,0xF79D,0xF79D,0xF79D,0xF79D,
0xF79D,0xF79D,0xF79D,0xEF9D,0xEF9D,0xF79D,0xEF9D,0xEF9D,0xF79D,0xF79D,0xF79D,0xF79D,0xEF9D,0xF79D,0xF79D,0xEF9D,
0xEF7D,0xEF7D,0xEF9D,0xF79E,0xF79E,0xF79E,0xF79E,0xF79E,0xEF7D,0xEF7D,0xEF9D,0xEF7D,0xEF9D,0xF79D,0xF79D,0xEF9D,
0xF79D,0xEF9D,0xEF9D,0xF79D,0xF79D,0xEF9D,0xEF9D,0xEF9D,0xEF9D,0xEF9D,0xEF9D,0xEF7D,0xEF7D,0xEF7D,0xEF7D,0xEF9D,
0xEF9D,0xEF9D,0xEF9D,0xF79D,0xF79D,0xF79D,0xF79D,0xF79D,0xF79D,0xF79D,0xEF9D,0xEF9D,0xEF9D,0xEF9D,0xEF9D,0xEF9D,
0xEF9D,0xEF9D,0xEF7D,0xF7BD,0xEEFA,0xD40D,0xD38A,0xDBCB,0xD3AB,0xDBAB,0xDBAB,0xD3AB,0xD3AB,0xDBAB,0xDBAB,0xD3AB,
0xD3CB,0xD3CB,0xD3AB,0xD3AB,0xD3AB,0xD3AB,0xDBCB,0xDBCB,0xDBCB,0xDBCB,0xD3CB,0xD3AB,0xD3AB,0xD3AB,0xDBCB,0xDBCB,
0xDBCB,0xDBCB,0xD3CB,0xD3CB,0xD3CB,0xDBCB,0xDBCB,0xDBCB,0xDBAB,0xD3AB,0xDBAB,0xDBAB,0xD3AB,0xDBAB,0xDBAB,0xDBAB,
0xDBAB,0xDBCB,0xD3CB,0xD3CB,0xDBCB,0xDBCB,0xD3CB,0xD3CB,0xD3CB,0xD3AB,0xDBCB,0xDBCB,0xDBCB,0xDBCB,0xDBCB,0xD3CB,
0xDBCB,0xDBCB,0xD3AB,0xDBAB,0xDBCB,0xDBCB,0xD3AB,0xDBCB,0xD3CB,0xD3CB,0xDBCB,0xDBCB,0xDBCB,0xDBCB,0xDBCB,0xDBCB,
0xDBCB,0xDBAB,0xDBAB,0xDBAB,0xDBAB,0xDBAB,0xDBAB,0xDBAB,0xDBCB,0xD3CB,0xDBCB,0xD3CB,0xDBCB,0xDBCB,0xDBCB,0xDBCB,
0xDBCB,0xDBCB,0xDBCB,0xD3CB,0xD3CB,0xD3CB,0xDBCB,0xDBCB,0xDBCB,0xDBCB,0xDBAB,0xDBAB,0xDBAB,0xDBAB,0xDBCB,0xDBCB,
0xDBCB,0xDBCB,0xD3CB,0xDBCB,0xD3CB,0xDBCB,0xDBCB,0xDBCC,0xDBCB,0xDBCB,0xDBCB,0xDBCC,0xDBCC,0xDBCC,0xDBCB,0xDBCB,
0xDBCB,0xDBCB,0xDBCB,0xDBCB,0xDBCB,0xDBCB,0xDBCB,0xDBCB,0xDBCB,0xDBCB,0xDBAB,0xDBAB,0xDBAB,0xDBCB,0xDBCB,0xDBCB,
0xDBCB,0xDBCB,0xDBCB,0xD3CB,0xD3CB,0xD3CB,0xD3CB,0xD3CB,0xD3CB,0xD3CB,0xD3AB,0xDBCB,0xDBAB,0xDBCB,0xDBCB,0xDBCB,
0xD3CB,0xDBCB,0xDBCB,0xDBCB,0xDBCB,0xDBCB,0xD3CB,0xD3CB,0xDBCB,0xDBCB,0xDBCB,0xDBCB,0xDBCB,0xDBCB,0xDBCB,0xD38B,
0xD532,0xF7BE,0xF77D,0xEF9D,0xF79D,0xF79D,0xEF9D,0xEF9D,0xEF9D,0xEF9D,0xEF9D,0xEF9D,0xF79D,0xEF9D,0xEF9D,0xF79D,
0xF79D,0xEF9D,0xF79D,0xEF9D,0xF79D,0xEF9D,0xF79D,0xF79D,0xF79D,0xF79D,0xF79D,0xF79D,0xF79D,0xF79D,0xF79D,0xF79D,
0xF79D,0xF79D,0xF79D,0xF79D,0xF79D,0xF79D,0xF79D,0xF79D,0xF79D,0xF79D,0xF79D,0xF79D,0xEF7D,0xEF7D,0xF79E,0xF79E,
0xF79E,0xF79E,0xF79E,0xEF9D,0xEF9D,0xEF9D,0xF79D,0xF79D,0xF79D,0xF79D,0xEF9D,0xEF7D,0xEF9D,0xEF9D,0xF79D,0xF79D,
0xEF9D,0xF79D,0xF79D,0xEF9D,0xEF9D,0xEF9D,0xEF9D,0xEF9D,0xEF9D,0xEF9D,0xEF9D,0xEF9D,0xEF9D,0xEF9D,0xF79D,0xF79D,
0xF79D,0xF79D,0xF79D,0xF79D,0xF79D,0xEF9D,0xEF9D,0xEF9D,0xEF9D,0xEF9D,0xEF9D,0xF79D,0xEF9D,0xEF7D,0xEF9D,0xEEFA,
0xD40D,0xD3AB,0xDBCB,0xD3CB,0xDBAB,0xDBAB,0xD3AB,0xD3AB,0xD3AB,0xD3AB,0xD3AB,0xD3AB,0xD3AB,0xDBCB,0xDBCB,0xDBCB,
0xDBCB,0xDBCB,0xDBCB,0xDBCB,0xDBCB,0xD3AB,0xDBCB,0xD3AB,0xDBCB,0xDBCB,0xDBCB,0xDBCB,0xDBCB,0xDBCB,0xDBCB,0xD3CB,
0xDBCB,0xD3CB,0xD3AB,0xDBAB,0xDBAB,0xDBAB,0xDBAB,0xDBAB,0xDBAB,0xD3AB,0xDBAB,0xDBCB,0xD3CB,0xD3CB,0xD3CB,0xDBCB,
0xDBCB,0xD3CB,0xD3CB,0xD3CB,0xD3CB,0xDBCB,0xDBCB,0xDBCB,0xDBCB,0xDBCB,0xD3CB,0xD3CB,0xDBCB,0xD3CB,0xDBCB,0xDBCB,
0xDBCB,0xD3CB,0xDBCB,0xDBCB,0xD3CB,0xDBCB,0xDBCB,0xDBCB,0xDBCB,0xDBCB,0xDBCB,0xDBCB,0xDBCB,0xDBAB,0xDBAB,0xDBAB,
0xDBAB,0xDBAB,0xDBCB,0xDBCB,0xDBCB,0xDBCB,0xDBCB,0xDBCB,0xDBCB,0xD3CB,0xDBCB,0xDBCB,0xDBCB,0xDBCB,0xD3CB,0xDBCB,
0xDBCB,0xDBCB,0xDBCB,0xDBCB,0xDBCB,0xDBCB,0xDBAB,0xDBAB,0xDBAB,0xD3AB,0xDBCB,0xDBCB,0xD3CB,0xDBCB,0xDBCB,0xDBCB,
0xDBCB,0xDBCB,0xDBCB,0xDBCB,0xDBCC,0xDBCC,0xDBCC,0xDBCB,0xDBCB,0xDBCC,0xDBCC,0xDBCB,0xD3CB,0xDBCB,0xDBCB,0xDBCB,
0xDBCB,0xDBCB,0xDBCB,0xDBCB,0xDBCB,0xDBCB,0xDBCB,0xDBCB,0xDBCB,0xD3CB,0xDBCB,0xDBCB,0xD3CB,0xD3CB,0xD3CB,0xD3CB,
0xD3CB,0xD3CB,0xD3CB,0xD3CB,0xD3CB,0xDBCB,0xDBCB,0xD3AB,0xDBCB,0xDBCC,0xDBCB,0xD3CB,0xDBCB,0xDBCB,0xDBCB,0xDBCB,
0xDBCB,0xD3CB,0xD3CB,0xD3CB,0xDBCB,0xDBCC,0xDBCC,0xDBCB,0xDBEB,0xDBCB,0xD3AB,0xD532,0xF7BE,0xEF7D,0xEF9D,0xF79D,
0xF79D,0xF79D,0xEF9D,0xEF9D,0xEF9D,0xEF9D,0xF79D,0xF79D,0xEF9D,0xF79D,0xF79D,0xF79D,0xF79D,0xF79D,0xF79D,0xF79D,
0xF79D,0xEF9D,0xEF9D,0xF79D,0xF79D,0xF79D,0xF79D,0xEF9D,0xEF9D,0xF79D,0xF79D,0xF79D,0xF79D,0xF79D,0xF79D,0xF79D,
0xF79D,0xEF9D,0xF79D,0xF79D,0xF79D,0xF79D,0xF79D,0xEF9D,0xEF7D,0xF79E,0xF79E,0xF79E,0xF79E,0xF79E,0xEF9D,0xEF9D,
0xF79D,0xF79D,0xF79D,0xF79D,0xF79D,0xF79D,0xEF7D,0xEF7D,0xEF9D,0xEF7D,0xEF9D,0xEF9D,0xEF9D,0xEF9D,0xEF9D,0xEF9D,
0xEF9D,0xF79D,0xF79D,0xEF9D,0xF79D,0xF79D,0xEF9D,0xF79D,0xEF9D,0xF77D,0xEF7D,0xEF7D,0xEF7D,0xF79D,0xF79D,0xEF9D,
0xF79D,0xF79D,0xF79D,0xEF9D,0xEF9D,0xEF9D,0xF79D,0xEF9D,0xF77D,0xEF9D,0xEEFA,0xD40D,0xD3AB,0xDBCB,0xDBCB,0xDBCB,
0xD3AB,0xD3AB,0xD3AB,0xD3AB,0xDBAB,0xD3CB,0xDBCB,0xDBCB,0xDBCB,0xDBCB,0xDBCB,0xDBCB,0xDBCB,0xDBCB,0xDBCB,0xD3AB,
0xD3AB,0xDBCB,0xD3AB,0xDBCB,0xDBCB,0xDBCB,0xDBCB,0xDBCB,0xDBCB,0xDBCB,0xD3CB,0xDBCB,0xDBCB,0xDBCB,0xDBAB,0xDBAB,
0xDBAB,0xDBAB,0xDBAB,0xDBAB,0xDBAB,0xDBAB,0xDBCB,0xD3CB,0xDBCB,0xDBCB,0xDBCB,0xDBCB,0xDBCB,0xD3CB,0xD3CB,0xD3CB,
0xD3CB,0xD3CB,0xD3CB,0xDBCB,0xDBCB,0xD3CB,0xD3CB,0xDBCB,0xD3CB,0xD3CB,0xDBCB,0xDBCB,0xDBCB,0xDBCB,0xDBCB,0xD3CB,
0xDBCB,0xDBCB,0xDBCB,0xDBCB,0xDBCB,0xDBCB,0xDBCB,0xD3CB,0xDBAB,0xDBAB,0xDBAB,0xDBAB,0xDBAB,0xDBCB,0xDBCB,0xD3CB,
0xDBCB,0xDBCB,0xDBCB,0xDBCB,0xD3CB,0xDBCB,0xDBCB,0xDBCB,0xDBCB,0xD3CC,0xDBCB,0xDBCB,0xDBCB,0xDBCB,0xDBCB,0xDBCB,
0xDBCB,0xDBAB,0xDBCB,0xDBCB,0xDBCB,0xDBCB,0xDBCB,0xD3CB,0xD3CB,0xD3CB,0xD3CB,0xD3CB,0xDBCB,0xDBCB,0xDBCC,0xDBCC,
0xDBCC,0xDBCB,0xDBCB,0xDBCC,0xDBEC,0xDBCC,0xDBCB,0xDBCB,0xDBCB,0xDBCB,0xDBCB,0xDBCB,0xDBCB,0xDBCB,0xDBCB,0xDBCB,
0xDBCB,0xDBCB,0xDBCB,0xDBCB,0xDBCB,0xDBCB,0xDBCB,0xD3CB,0xD3CB,0xD3CB,0xD3CB,0xD3CB,0xDBCB,0xD3CB,0xD3CB,0xD3CB,
0xD3AB,0xD3CB,0xDBCB,0xDBCB,0xDBCB,0xDBCB,0xDBCB,0xDBCB,0xDBCB,0xDBCB,0xDBCB,0xDBCB,0xDBCB,0xDBCB,0xDBCB,0xDBCB,
0xDBCC,0xDBCB,0xDBCB,0xDBEB,0xDBEB,0xD3AB,0xD532,0xF7BD,0xEF9D,0xEF9D,0xF79D,0xEF9D,0xF79D,0xF79D,0xF79D,0xF79D,
0xF79D,0xF79D,0xF79D,0xF79D,0xF79D,0xEF9D,0xF79D,0xF79D,0xF79D,0xEF9D,0xEF9D,0xF79D,0xEF9D,0xEF9D,0xF79D,0xF79D,
0xEF9D,0xF79D,0xF79D,0xF79D,0xF79D,0xF79D,0xF79D,0xF79D,0xEF9D,0xEF9D,0xF79D,0xF79D,0xEF9D,0xF77D,0xF77D,0xF79D,
0xF79D,0xF79D,0xEF7D,0xEF7D,0xF79E,0xF79E,0xF79E,0xF79E,0xF79E,0xEF7D,0xEF9D,0xEF9D,0xF79D,0xEF9D,0xF79D,0xF79D,
0xEF9D,0xEF9D,0xEF7D,0xEF7D,0xEF7D,0xEF9D,0xEF9D,0xEF9D,0xEF9D,0xEF9D,0xF79D,0xEF9D,0xEF9D,0xEF9D,0xEF9D,0xF79D,
0xF79D,0xEF9D,0xF79D,0xF79D,0xF79D,0xF79D,0xF77D,0xF77D,0xEF9D,0xF79D,0xF79D,0xF79D,0xF79D,0xF79D,0xF79D,0xEF9D,
0xEF9D,0xEF9D,0xEF9D,0xEF7D,0xF79D,0xEF1A,0xD40D,0xD3AB,0xDBCB,0xDBCB,0xDBCB,0xD3AB,0xD3AB,0xD3AB,0xDBCB,0xDBCB,
0xDBCB,0xDBCB,0xDBCB,0xDBCB,0xDBCB,0xDBAB,0xD3CB,0xDBCB,0xDBCB,0xDBCB,0xD3CB,0xDBCB,0xDBCB,0xD3AB,0xDBCB,0xDBCB,
0xDBCB,0xDBCB,0xDBCB,0xDBCB,0xD3CB,0xD3CB,0xDBCB,0xDBCB,0xDBCB,0xDBAB,0xDBAB,0xDBAB,0xDBAB,0xDBAB,0xDBAB,0xDBAB,
0xDBAB,0xDBAB,0xDBCB,0xD3CB,0xD3CB,0xD3CB,0xDBCB,0xDBCB,0xDBCB,0xD3CB,0xD3CB,0xDBCB,0xDBCB,0xD3CB,0xDBCB,0xDBCB,
0xD3CB,0xD3CB,0xD3AB,0xDBCB,0xDBCB,0xDBCB,0xDBCB,0xDBCB,0xDBCC,0xDBCC,0xDBCC,0xD3CB,0xDBCB,0xDBCB,0xDBCB,0xDBCB,
0xDBCB,0xDBCB,0xD3CB,0xDBCB,0xDBCB,0xDBCB,0xDBCB,0xDBCB,0xDBCB,0xD3CB,0xD3CB,0xDBCB,0xD3CB,0xDBCB,0xDBCB,0xD3CB,
0xDBCB,0xDBCB,0xDBCB,0xDBCB,0xD3CB,0xD3CB,0xD3CB,0xDBCB,0xDBCB,0xD3CB,0xDBCB,0xDBCB,0xDBCB,0xDBCB,0xDBCB,0xDBCB,
0xDBCB,0xD3AB,0xD3CB,0xDBCB,0xD3CB,0xD3CB,0xD3CB,0xD3CB,0xDBCB,0xDBCB,0xDBCB,0xDBCB,0xDBCB,0xDBCB,0xDBCC,0xDBCC,
0xDBCC,0xDBCB,0xDBCB,0xDBCB,0xDBCB,0xDBCB,0xDBCB,0xDBCB,0xDBCB,0xDBCB,0xDBCB,0xDBCB,0xDBCB,0xDBCB,0xD3AB,0xD3AB,
0xDBCB,0xDBCB,0xD3CB,0xD3CB,0xD3CB,0xD3CB,0xD3CB,0xD3CB,0xD3CB,0xD3CB,0xD3CB,0xD3AB,0xD3CB,0xDBCB,0xD3CB,0xDBCC,
0xDBCB,0xD3CB,0xDBCB,0xDBCB,0xDBCB,0xDBCB,0xDBCB,0xD3CB,0xDBCB,0xDBCB,0xDBCB,0xDBCB,0xDBCB,0xDBCB,0xDBEC,0xDBEB,
0xD3AB,0xD532,0xF7BD,0xEF9D,0xEF9D,0xF79D,0xF79D,0xF79D,0xF79D,0xF79D,0xF79D,0xF79D,0xF79D,0xF79D,0xF79D,0xF79D,
0xF79D,0xF79D,0xF79D,0xF79D,0xF79D,0xF79D,0xF79D,0xF79D,0xF79D,0xF79D,0xF79D,0xEF9D,0xEF9D,0xF79D,0xF79D,0xF79D,
0xF79D,0xF79D,0xF79D,0xEF9D,0xEF9D,0xF79D,0xF79D,0xEF9D,0xF77D,0xF77D,0xF77D,0xF77D,0xF79D,0xEF9D,0xEF7D,0xF79E,
0xF79E,0xF79E,0xF79E,0xF79E,0xEF7D,0xEF7D,0xF79D,0xF79D,0xEF9D,0xF79D,0xF79D,0xEF9D,0xF79D,0xEF9D,0xEF7D,0xEF9D,
0xF79D,0xF79D,0xEF9D,0xEF9D,0xEF9D,0xF79D,0xEF9D,0xEF7D,0xF79D,0xF79D,0xEF9D,0xEF9D,0xEF9D,0xEF9D,0xF79D,0xF79D,
0xF77D,0xF79D,0xF79D,0xF79D,0xF79D,0xF79D,0xF79D,0xEF9D,0xF79D,0xF79D,0xF79D,0xEF9D,0xEF9D,0xEF9D,0xEF7D,0xEF9D,
0xEF1A,0xD42E,0xD3AB,0xDBCB,0xDBCB,0xDBAB,0xD3AB,0xD3AB,0xDBCB,0xD3CB,0xD3AB,0xD3AB,0xD3CB,0xD3CB,0xD3CB,0xDBCB,
0xD3AB,0xD3AB,0xD3AB,0xDBCB,0xD3CB,0xD3AB,0xD3AB,0xD3CB,0xD3AB,0xDBCB,0xDBCB,0xDBCB,0xDBCB,0xDBCB,0xDBCB,0xDBCB,
0xDBCB,0xDBCB,0xDBCB,0xDBCB,0xDBAB,0xDBAB,0xDBAB,0xDBAB,0xDBCB,0xDBCB,0xDBAB,0xDBAB,0xD3CB,0xD3CB,0xD3CB,0xD3CB,
0xDBCB,0xDBCB,0xD3CB,0xD3CB,0xDBCB,0xD3CB,0xD3CB,0xDBCB,0xD3CB,0xDBCB,0xDBCB,0xDBCB,0xDBCB,0xDBCB,0xDBCB,0xDBCB,
0xDBCB,0xDBCB,0xDBCB,0xDBCB,0xDBCB,0xDBCB,0xDBCB,0xD3AB,0xD3CB,0xDBCB,0xDBCB,0xDBCB,0xDBCB,0xDBCB,0xD3CB,0xDBCB,
0xDBCB,0xD3CB,0xDBCB,0xDBCB,0xD3CB,0xD3CB,0xDBCB,0xD3CB,0xDBCB,0xDBCB,0xD3CB,0xDBCB,0xDBCB,0xD3CB,0xD3CB,0xD3CB,
0xD3CB,0xDBCB,0xDBCB,0xDBCB,0xD3CB,0xDBCB,0xDBCB,0xDBCB,0xDBCB,0xDBCB,0xDBCB,0xDBCB,0xD3CB,0xDBCB,0xDBCB,0xD3AB,
0xDBCB,0xD3CB,0xDBCB,0xDBCB,0xD3CB,0xDBCB,0xDBCB,0xDBCB,0xDBCB,0xDBCB,0xDBCB,0xDBCB,0xDBCB,0xDBCB,0xDBCB,0xDBAB,
0xDBCB,0xDBCB,0xDBCB,0xDBCB,0xD3AB,0xDBCB,0xDBCB,0xDBCB,0xDBCB,0xD3AB,0xDBCB,0xDBCB,0xDBCB,0xDBCB,0xD3CB,0xD3CB,
0xD3CB,0xD3CB,0xD3CB,0xD3CB,0xD3CB,0xD3CB,0xD3AB,0xDBCB,0xD3CB,0xDBCB,0xDBCC,0xDBCC,0xDBCB,0xDBCB,0xDBCB,0xDBCB,
0xDBCB,0xD3CB,0xD3CB,0xDBCB,0xDBCB,0xDBCB,0xDBCB,0xDBCB,0xDBCB,0xDBEC,0xDBEB,0xD3AB,0xD532,0xF7BE,0xEF9D,0xEF9D,
0xF79D,0xF79D,0xF79D,0xEF9D,0xEF9D,0xEF9D,0xEF9D,0xF79D,0xF79D,0xEF9D,0xF79D,0xF79D,0xF79D,0xF79D,0xF79D,0xF79D,
0xF79D,0xF79D,0xF79D,0xF79D,0xF79D,0xF79D,0xF79D,0xEF9D,0xF79D,0xF79D,0xF79D,0xF79D,0xF79D,0xF79D,0xEF9D,0xEF9D,
0xF79D,0xF79D,0xEF9D,0xEF7D,0xF77D,0xEF7D,0xEF7D,0xEF9D,0xEF9D,0xEF9D,0xF79E,0xF79E,0xF79E,0xF79E,0xF79E,0xEF7D,
0xEF9D,0xF79D,0xF79D,0xF79D,0xF79D,0xF79D,0xF79D,0xEF9D,0xEF9D,0xEF9D,0xEF9D,0xEF9D,0xEF9D,0xEF9D,0xEF9D,0xF79D,
0xF79D,0xEF9D,0xEF7D,0xF79D,0xEF9D,0xEF9D,0xF79D,0xF79D,0xF79D,0xF79D,0xF79D,0xF79D,0xF79D,0xF79D,0xF79D,0xF79D,
0xF79D,0xEF9D,0xEF9D,0xEF9D,0xEF9D,0xEF7D,0xEF9D,0xF79D,0xEF9D,0xF77D,0xF79D,0xEF1B,0xD42E,0xD3AB,0xDBCB,0xDBAB,
0xDBAB,0xDBAB,0xD3AB,0xD3AB,0xD3AB,0xD3AB,0xD3AB,0xD3AB,0xD3CB,0xD3CB,0xD3AB,0xD3AB,0xDBCB,0xD3AB,0xD3AB,0xDBCB,
0xD3AB,0xD3AB,0xDBCB,0xDBCB,0xDBCB,0xDBCB,0xDBCB,0xDBCB,0xDBCB,0xDBCB,0xDBCB,0xDBAB,0xDBAB,0xDBCB,0xDBCB,0xDBCB,
0xDBCB,0xDBCB,0xDBCB,0xDBCB,0xDBCB,0xDBAB,0xD3AB,0xD3AB,0xD3CB,0xD3CB,0xD3CB,0xD3CB,0xD3CB,0xD3AB,0xD3AB,0xDBCB,
0xDBCB,0xDBCB,0xDBCB,0xDBCB,0xDBCB,0xDBCB,0xDBCB,0xDBCB,0xDBCB,0xDBCB,0xDBCB,0xDBCB,0xDBCB,0xD3CB,0xDBCB,0xDBCB,
0xD3CB,0xD3CB,0xD3CB,0xDBCB,0xDBCB,0xDBCB,0xDBCB,0xDBCB,0xD3CB,0xD3CB,0xDBCB,0xDBCB,0xD3CB,0xD3CB,0xDBCB,0xD3CB,
0xD3CB,0xDBCB,0xD3CB,0xD3CB,0xDBCB,0xDBCB,0xD3CB,0xD3CB,0xD3CB,0xD3CB,0xD3CB,0xDBCB,0xDBCB,0xDBCB,0xDBCB,0xDBCB,
0xDBCB,0xD3CB,0xDBCB,0xDBCB,0xDBCB,0xDBCB,0xD3CB,0xD3CB,0xD3CB,0xD3CB,0xDBCB,0xDBCB,0xDBCB,0xDBCB,0xDBCB,0xDBCB,
0xDBCB,0xDBCB,0xDBCB,0xDBCB,0xDBCB,0xDBCB,0xD3CB,0xD3CB,0xDBCB,0xDBCB,0xDBCB,0xDBCB,0xDBCB,0xDBCB,0xDBCB,0xDBCB,
0xDBCB,0xDBCB,0xD3AB,0xDBCB,0xDBCB,0xD3AB,0xD3AB,0xD3AB,0xD3AB,0xD3AB,0xD3CB,0xD3CB,0xD3AB,0xD3CB,0xD3AB,0xD3CB,
0xD3CB,0xDBCB,0xDBCB,0xDBCB,0xDBCB,0xDBCC,0xDBCC,0xDBCB,0xDBCB,0xDBCB,0xDBCB,0xDBCB,0xD3CB,0xD3CB,0xD3CB,0xD3CB,
0xDBCB,0xDBCC,0xDBCC,0xDBEB,0xDBEC,0xDBEC,0xD3CB,0xD532,0xF7BE,0xEF7D,0xEF7D,0xF77D,0xEF9D,0xF79D,0xEF9D,0xEF9D,
0xEF9D,0xEF9D,0xEF9D,0xF79D,0xF79D,0xF79D,0xEF9D,0xF79D,0xF79D,0xF79D,0xEF9D,0xF79D,0xF79D,0xEF9D,0xF79D,0xF79D,
0xF79D,0xEF9D,0xF79D,0xF79D,0xF79D,0xF79D,0xF79D,0xF79D,0xF79D,0xEF9D,0xEF9D,0xF79D,0xF79D,0xEF9D,0xEF9D,0xF79D,
0xEF7D,0xF79D,0xEF9D,0xEF9D,0xEF9D,0xF79E,0xF79E,0xF79E,0xF79E,0xF79E,0xF79D,0xF79D,0xF79D,0xF79D,0xF79D,0xF79D,
0xEF9D,0xEF9D,0xEF9D,0xEF7D,0xEF9D,0xEF9D,0xEF9D,0xF79D,0xF79D,0xEF9D,0xEF9D,0xF79D,0xEF9D,0xEF9D,0xF79D,0xEF9D,
0xEF7D,0xF79D,0xF79D,0xF79D,0xF79D,0xF79D,0xF79D,0xF79D,0xF79D,0xEF9D,0xEF9D,0xF79D,0xF79D,0xEF9D,0xEF9D,0xF79D,
0xEF9D,0xF79D,0xF79D,0xEF9D,0xF77D,0xEF9D,0xEF1B,0xD42E,0xD3AB,0xDBCB,0xDBAB,0xDBAB,0xDBAB,0xD3AB,0xDBCB,0xDBAB,
0xD3AB,0xDBCB,0xD3CB,0xD3CB,0xDBCB,0xDBCB,0xDBCB,0xDBCB,0xDBCB,0xDBCB,0xD3AB,0xD3AB,0xD3AB,0xDBCB,0xDBCB,0xDBCB,
0xDBCB,0xDBCB,0xDBCB,0xDBCB,0xDBCB,0xDBCB,0xDBCB,0xDBCB,0xDBCB,0xDBCB,0xDBCB,0xDBCB,0xDBCB,0xDBCB,0xD3AB,0xD3CB,
0xDBAB,0xDBAB,0xD3CB,0xD3CB,0xDBCB,0xDBCB,0xD3CB,0xD3CB,0xDBCB,0xDBCB,0xDBCB,0xDBCB,0xDBCB,0xD3AB,0xD3CB,0xDBCB,
0xDBCB,0xD3CB,0xDBCB,0xDBCB,0xDBCB,0xDBCB,0xD3CB,0xD3CB,0xD3CB,0xDBCB,0xDBCB,0xDBCB,0xD3CB,0xDBCB,0xDBCB,0xDBCB,
0xDBCB,0xDBCB,0xDBCB,0xD3CB,0xD3CB,0xDBCB,0xDBCB,0xDBCB,0xDBCB,0xDBCB,0xDBCB,0xDBCB,0xD3CB,0xD3CB,0xDBCB,0xDBCB,
0xDBCB,0xD3CB,0xD3CB,0xDBCB,0xD3CB,0xD3CB,0xDBCB,0xDBCB,0xDBCB,0xDBCB,0xDBCB,0xDBCB,0xDBCB,0xDBCB,0xDBCB,0xDBCB,
0xD3CB,0xD3CB,0xDBCB,0xD3CB,0xD3CB,0xDBCB,0xDBCB,0xDBCB,0xDBCB,0xDBCB,0xDBCB,0xD3CB,0xDBCB,0xDBCB,0xDBCB,0xDBCB,
0xDBCC,0xDBCC,0xDBCB,0xDBCB,0xDBCB,0xDBCB,0xDBCB,0xDBCB,0xDBCB,0xD3AB,0xD3AB,0xDBCB,0xD3AB,0xD3AB,0xDBCB,0xDBCB,
0xDBCB,0xD3AB,0xDBCB,0xDBCB,0xD3CB,0xD3CB,0xD3CB,0xDBCB,0xD3CB,0xD3AB,0xDBCB,0xD3CB,0xDBCB,0xDBCB,0xDBCB,0xDBCB,
0xDBCC,0xDBCC,0xDBCB,0xDBCB,0xDBCB,0xDBCB,0xDBCB,0xDBCB,0xDBCB,0xD3CB,0xD3CB,0xDBCB,0xDBCC,0xDBCC,0xDBCB,0xDBEC,
0xDBEC,0xD3AB,0xD532,0xF7BE,0xEF7D,0xEF9D,0xF79D,0xF79D,0xF79D,0xEF9D,0xEF9D,0xEF9D,0xEF9D,0xF79D,0xF79D,0xF79D,
0xF79D,0xEF9D,0xF79D,0xF79D,0xF79D,0xEF9D,0xEF9D,0xF79D,0xF79D,0xF79D,0xF79D,0xEF9D,0xEF9D,0xF79D,0xF79D,0xF79D,
0xF79D,0xF79D,0xF79D,0xF79D,0xEF9D,0xEF9D,0xEF9D,0xEF9D,0xEF9D,0xEF9D,0xF79D,0xEF7D,0xF77D,0xEF9D,0xEF9D,0xEF9D,
0xF79E,0xF79E,0xF79E,0xF79E,0xF79E,0xF79D,0xF79D,0xF79D,0xF79D,0xF79D,0xF79D,0xF79D,0xF79D,0xF79D,0xEF9D,0xF79D,
0xEF9D,0xEF9D,0xF79D,0xF79D,0xF79D,0xEF9D,0xEF9D,0xEF9D,0xF79D,0xF79D,0xF79D,0xF79D,0xEF9D,0xF79D,0xF79D,0xF79D,
0xEF9D,0xF79D,0xEF9D,0xEF9D,0xEF9D,0xEF9D,0xF79D,0xF79D,0xEF9D,0xEF9D,0xF79D,0xF79D,0xF79D,0xF79D,0xEF9D,0xF77D,
0xF79D,0xEF1B,0xD42E,0xD3AB,0xDBCB,0xDBAB,0xD3AB,0xD3AB,0xD3AB,0xD3AB,0xDBCB,0xDBCB,0xDBCB,0xDBCB,0xD3CB,0xD3CB,
0xDBCB,0xDBCB,0xD3AB,0xD3AB,0xDBCB,0xDBAB,0xDBAB,0xD3AB,0xDBCB,0xDBCB,0xDBCB,0xD3AB,0xDBCB,0xDBCB,0xDBCB,0xDBCB,
0xDBCB,0xDBCB,0xDBCB,0xDBCB,0xDBCB,0xDBCB,0xDBCB,0xDBCB,0xDBCB,0xD3AB,0xD3CB,0xDBAB,0xD3AB,0xD3CB,0xD3CB,0xD3CB,
0xDBCB,0xDBCB,0xDBCB,0xDBCB,0xDBCB,0xD3AB,0xD3AB,0xDBCB,0xD3AB,0xD3AB,0xD3AB,0xD3CB,0xDBCB,0xDBCB,0xDBCB,0xDBCB,
0xDBCB,0xD3CB,0xD3CB,0xD3CB,0xDBCB,0xDBCB,0xDBCB,0xDBCB,0xDBCB,0xDBCB,0xDBCB,0xDBCB,0xDBCB,0xDBCB,0xD3CB,0xD3CB,
0xDBCC,0xDBCC,0xDBCB,0xD3CB,0xDBCB,0xD3CB,0xD3CB,0xDBCB,0xD3CB,0xD3CB,0xD3CB,0xDBCB,0xDBCB,0xD3CB,0xDBCB,0xDBCB,
0xDBCB,0xD3CB,0xD3CB,0xDBCB,0xDBCB,0xDBCB,0xDBCB,0xDBCB,0xDBCB,0xDBCB,0xDBCB,0xDBCB,0xDBCB,0xD3CB,0xD3CB,0xD3CB,
0xDBCB,0xDBCB,0xDBCB,0xD3CB,0xDBCB,0xDBCB,0xDBCB,0xDBCB,0xDBCB,0xDBCB,0xDBCB,0xDBCB,0xDBCB,0xDBCB,0xDBCB,0xDBCB,
0xDBAB,0xDBAB,0xDBCB,0xDBCB,0xDBCB,0xD3AB,0xD3AB,0xDBCB,0xDBCB,0xDBCB,0xDBCB,0xDBCB,0xDBCB,0xDBCB,0xDBCB,0xDBCB,
0xD3CB,0xDBCB,0xDBCB,0xD3CB,0xD3CB,0xD3CB,0xD3CB,0xD3CB,0xDBCB,0xDBCB,0xDBCB,0xDBCB,0xDBCB,0xDBCB,0xDBCB,0xDBCB,
0xDBCB,0xDBCB,0xDBCB,0xDBCB,0xDBCB,0xDBCB,0xDBCB,0xDBCC,0xDBCC,0xDBCB,0xDBEC,0xDBCB,0xD3AB,0xD532,0xF7BE,0xF79D,
0xEF9D,0xF79D,0xF79D,0xF79D,0xEF9D,0xF79D,0xF79D,0xF79D,0xF79D,0xF79D,0xF79D,0xF79D,0xEF9D,0xF79D,0xF79D,0xF79D,
0xF79D,0xF79D,0xEF9D,0xF79D,0xF79D,0xF79D,0xF79D,0xF79D,0xF79D,0xF79D,0xF79D,0xF79D,0xF79D,0xF79D,0xF79D,0xF79D,
0xF79D,0xEF9D,0xEF9D,0xEF9D,0xF79D,0xF79D,0xF77D,0xF77D,0xEF9D,0xEF9D,0xEF7D,0xF79E,0xF79E,0xF79E,0xF79E,0xF79E,
0xF79D,0xF79D,0xF79D,0xF79D,0xF79D,0xF79D,0xF79D,0xF79D,0xEF9D,0xEF9D,0xF79D,0xEF9D,0xEF9D,0xF79D,0xEF9D,0xEF9D,
0xF79D,0xF79D,0xEF9D,0xEF7D,0xF77D,0xEF7D,0xEF7D,0xEF7D,0xEF9D,0xEF9D,0xF79D,0xF79D,0xF79D,0xF79D,0xF79D,0xF79D,
0xF79D,0xEF9D,0xF79D,0xF79D,0xF79D,0xF79D,0xF79D,0xF77D,0xF77D,0xF77D,0xF77D,0xEF9D,0xEF1B,0xD42E,0xD3AB,0xDBCB,
0xDBAB,0xD3AB,0xDBAB,0xD3AB,0xD3AB,0xD3AB,0xD3AB,0xD3AB,0xD3AB,0xDBCB,0xDBCB,0xDBCB,0xDBCB,0xDBCB,0xDBAB,0xDBAB,
0xDBAB,0xDBAB,0xD3CB,0xD3AB,0xDBCB,0xDBCB,0xDBCB,0xDBCB,0xDBCB,0xDBCB,0xDBCB,0xDBCB,0xDBCB,0xDBCB,0xD3AB,0xD3AB,
0xDBAB,0xDBAB,0xDBAB,0xDBAB,0xDBAB,0xDBAB,0xD3AB,0xD3AB,0xD3AB,0xD3AB,0xD3AB,0xD3AB,0xDBCB,0xDBCB,0xD3AB,0xD3AB,
0xD3AB,0xDBCB,0xDBCB,0xDBCB,0xDBAB,0xDBAB,0xD3CB,0xD3CB,0xD3CB,0xDBCB,0xDBCB,0xD3CB,0xDBCB,0xDBCB,0xD3CB,0xD3CB,
0xDBCB,0xDBCB,0xDBCB,0xDBCB,0xD3CB,0xDBCB,0xDBCB,0xDBCB,0xDBCB,0xDBCB,0xDBCB,0xDBCB,0xDBCB,0xDBCB,0xD3CB,0xDBCB,
0xDBCB,0xDBCB,0xDBCB,0xDBCB,0xDBCB,0xDBCB,0xD3AB,0xD3AB,0xD3CB,0xD3CB,0xDBCB,0xDBCC,0xDBCB,0xDBCB,0xDBCB,0xDBCB,
0xDBCB,0xD3CB,0xD3CB,0xDBCB,0xDBCB,0xDBCB,0xD3AB,0xD3CB,0xD3CB,0xD3CB,0xD3AB,0xDBCB,0xDBCB,0xDBCB,0xDBCB,0xDBCB,
0xDBCB,0xDBCB,0xDBCB,0xDBCB,0xDBCB,0xDBCB,0xDBCB,0xDBCB,0xD3CB,0xD3CB,0xDBCB,0xDBAB,0xDBAB,0xDBAB,0xDBCB,0xDBCB,
0xDBCB,0xDBCB,0xDBCB,0xDBCB,0xDBCB,0xDBCB,0xDBCB,0xDBCB,0xDBCB,0xDBCB,0xDBCB,0xDBCB,0xDBCB,0xDBCB,0xDBCB,0xD3CB,
0xD3CB,0xD3CB,0xDBCB,0xDBCB,0xDBCB,0xD3CB,0xDBCB,0xDBCC,0xDBCB,0xDBCB,0xDBCB,0xDBCB,0xDBCB,0xD3CB,0xD3CB,0xDBCB,
0xDBCB,0xD3CB,0xD3CB,0xD3CB,0xDBCB,0xDBEB,0xDBEB,0xD3AB,0xD532,0xF7BE,0xEF7D,0xEF9D,0xF79D,0xF79D,0xF79D,0xF79D,
0xF79D,0xF79D,0xF79D,0xF79D,0xF79D,0xF79D,0xF79D,0xF79D,0xF79D,0xEF9D,0xF79D,0xF79D,0xF79D,0xEF9D,0xF79D,0xF79D,
0xF79D,0xF79D,0xF79D,0xEF9D,0xEF9D,0xF79D,0xF79D,0xF79D,0xF79D,0xF79D,0xF79D,0xEF9D,0xEF9D,0xEF9D,0xEF9D,0xF79D,
0xF79D,0xF79D,0xF79D,0xF79D,0xEF9D,0xEF9D,0xF79E,0xF79E,0xF79E,0xF79E,0xF79E,0xEF7D,0xEF9D,0xF79D,0xF79D,0xF79D,
0xF79D,0xF79D,0xF79D,0xEF9D,0xEF9D,0xEF9D,0xEF9D,0xEF9D,0xEF9D,0xEF9D,0xEF9D,0xEF9D,0xEF9D,0xEF7D,0xEF7D,0xF77D,
0xF77D,0xEF7D,0xEF7D,0xF79D,0xF79D,0xF79D,0xF79D,0xF79D,0xF79D,0xF79D,0xF79D,0xEF9D,0xEF9D,0xF79D,0xF79D,0xEF9D,
0xEF7D,0xF79D,0xEF7D,0xF77D,0xEF7D,0xF77D,0xF79D,0xEF3B,0xD42E,0xD3AA,0xDBCB,0xD3AB,0xD3AB,0xD3AB,0xD3AB,0xD3AB,
0xD3AB,0xD3AB,0xD3AB,0xD3AB,0xDBCB,0xDBCB,0xDBCB,0xDBCB,0xDBCB,0xDBCB,0xDBCB,0xDBAB,0xDBAB,0xDBCB,0xDBCB,0xDBCB,
0xDBCB,0xD3AB,0xDBCB,0xDBCB,0xD3AB,0xDBCB,0xDBCB,0xDBCB,0xD3AB,0xD3AB,0xDBAB,0xDBAB,0xDBAB,0xDBAB,0xDBAB,0xDBAB,
0xDBAB,0xDBAB,0xD3CB,0xD3AB,0xD3AB,0xD3AB,0xD3AB,0xD3CB,0xDBCB,0xDBCB,0xDBCB,0xDBCB,0xDBCB,0xDBCB,0xDBCB,0xDBCB,
0xDBAB,0xD3AB,0xD3CB,0xDBCB,0xDBCB,0xDBCB,0xD3CB,0xDBCB,0xDBCB,0xD3CB,0xD3CB,0xD3CB,0xD3CB,0xDBCB,0xDBCB,0xDBCB,
0xDBAB,0xDBCB,0xDBCB,0xDBCB,0xDBCB,0xDBCB,0xD3CB,0xDBCB,0xD3CB,0xDBCB,0xD3CB,0xD3CB,0xDBCB,0xDBCB,0xDBCB,0xD3AB,
0xD3AB,0xDBCB,0xDBCB,0xD3CB,0xD3CB,0xD3CB,0xDBCB,0xDBCB,0xDBCB,0xDBCB,0xDBCB,0xDBCB,0xD3CB,0xD3CB,0xDBCB,0xD3AB,
0xD3CB,0xD3CB,0xDBCB,0xD3CB,0xD3CB,0xD3CB,0xDBCB,0xDBCB,0xDBCB,0xD3AB,0xD3AB,0xD3AB,0xDBCB,0xDBCB,0xD3CB,0xD3CB,
0xDBCB,0xDBCB,0xDBCB,0xDBCB,0xDBCB,0xDBCB,0xDBAB,0xDBAB,0xDBAB,0xDBAB,0xDBCB,0xDBCB,0xDBCB,0xDBCB,0xDBCB,0xDBCB,
0xDBCB,0xDBCB,0xDBCB,0xDBCB,0xDBCB,0xDBCB,0xDBCB,0xDBCB,0xDBCB,0xDBCB,0xD3CB,0xD3CB,0xDBCB,0xDBCB,0xDBCB,0xDBCB,
0xD3CB,0xDBCB,0xDBCB,0xDBCB,0xDBCB,0xD3CB,0xDBCB,0xDBCB,0xD3CB,0xD3CB,0xD3CB,0xDBCB,0xDBCB,0xDBCB,0xDBCB,0xDBCB,
0xDBEB,0xDBEB,0xD3AB,0xD532,0xF7BE,0xF77D,0xEF9D,0xF79D,0xF79D,0xF79D,0xEF9D,0xF79D,0xF79D,0xF79D,0xF79D,0xEF9D,
0xF79D,0xEF9D,0xF79D,0xEF9D,0xEF7D,0xF79D,0xF79D,0xF79D,0xF79D,0xF79D,0xEF9D,0xF79D,0xF79D,0xF79D,0xF79D,0xF79D,
0xEF9D,0xEF9D,0xF79D,0xF79D,0xF79D,0xEF9D,0xEF9D,0xF79D,0xEF9D,0xEF9D,0xEF9D,0xF79D,0xF77D,0xF77D,0xF79D,0xEF9D,
0xEF9D,0xF79E,0xF79E,0xF79E,0xF79E,0xF79E,0xEF7D,0xF79D,0xF79D,0xF79D,0xF79D,0xF79D,0xF79D,0xF79D,0xEF9D,0xEF9D,
0xEF9D,0xF79D,0xF79D,0xEF9D,0xEF9D,0xEF9D,0xEF9D,0xEF9D,0xEF7D,0xEF7D,0xEF7D,0xEF7D,0xEF7D,0xF79D,0xF79D,0xF79D,
0xF79D,0xF79D,0xF79D,0xF79D,0xEF9D,0xF79D,0xEF9D,0xEF9D,0xF79D,0xF79D,0xEF9D,0xF79D,0xF79D,0xF77D,0xF77D,0xEF7D,
0xEF7D,0xF79D,0xEF1B,0xD42E,0xD3AA,0xDBCB,0xDBAB,0xD3AB,0xDBAB,0xD3AB,0xD3AB,0xD3AB,0xD3AB,0xDBCB,0xDBCB,0xDBCB,
0xD3AB,0xDBCB,0xDBCB,0xDBCB,0xDBAB,0xDBAB,0xDBCB,0xDBCB,0xDBCB,0xD3AB,0xD3CB,0xDBCB,0xDBCB,0xDBCB,0xDBCB,0xDBCB,
0xDBCB,0xDBCB,0xDBCB,0xDBCB,0xD3AB,0xDBAB,0xDBAB,0xDBAB,0xDBAB,0xDBAB,0xDBAB,0xDBAB,0xDBAB,0xDBCB,0xDBCB,0xDBCB,
0xDBCB,0xDBCB,0xDBCB,0xDBCB,0xDBCB,0xDBCB,0xDBCB,0xDBCB,0xDBCB,0xDBCB,0xDBAB,0xDBAB,0xDBCB,0xDBCB,0xDBCB,0xDBCB,
0xD3CB,0xDBCB,0xDBCB,0xDBCB,0xDBCB,0xDBCB,0xDBCB,0xDBCB,0xDBCB,0xDBCB,0xDBCB,0xDBCB,0xD3AB,0xDBCB,0xDBCB,0xDBCB,
0xDBCB,0xDBCB,0xDBCB,0xDBCB,0xDBCB,0xDBCB,0xDBCB,0xDBCB,0xDBCB,0xDBCB,0xDBCB,0xDBCB,0xDBCB,0xD3CB,0xD3CB,0xD3CB,
0xD3CB,0xD3CB,0xD3CB,0xDBCB,0xDBCB,0xDBCB,0xDBCB,0xDBCB,0xDBCB,0xDBCB,0xD3AB,0xDBCB,0xDBCB,0xDBCB,0xD3CB,0xD3AB,
0xD3CB,0xDBCB,0xDBCB,0xDBCB,0xDBCB,0xDBCB,0xDBCB,0xDBCB,0xDBCB,0xDBCB,0xDBCB,0xD3CB,0xDBCB,0xD3CB,0xDBCB,0xD3CB,
0xD3CB,0xDBAB,0xDBAB,0xDBAB,0xDBAB,0xDBCB,0xDBCB,0xDBCB,0xDBCB,0xDBCB,0xDBCB,0xDBCB,0xDBCB,0xDBCB,0xDBCB,0xDBCB,
0xDBCB,0xDBCB,0xDBCB,0xDBAB,0xDBCB,0xD3CB,0xD3CB,0xDBCB,0xDBCB,0xDBCB,0xDBCB,0xDBCB,0xDBCC,0xDBCB,0xD3CB,0xDBCB,
0xDBCB,0xDBCB,0xDBCB,0xDBCB,0xDBCB,0xD3CB,0xD3CB,0xDBCB,0xDBCB,0xDBCB,0xDBCB,0xDBCB,0xDBCB,0xD3AB,0xD532,0xF7BE,
0xF79D,0xEF9D,0xF79D,0xF79D,0xF79D,0xF79D,0xF79D,0xF79D,0xF79D,0xF79D,0xF79D,0xF79D,0xF79D,0xF79D,0xEF7D,0xEF7D,
0xF79D,0xF79D,0xF79D,0xF79D,0xF79D,0xF79D,0xF79D,0xF79D,0xF79D,0xF79D,0xF79D,0xEF9D,0xEF9D,0xF79D,0xF79D,0xF79D,
0xF79D,0xF79D,0xF79D,0xF79D,0xF79D,0xF79D,0xF79D,0xF77D,0xF77D,0xF79D,0xF79D,0xEF9D,0xF79E,0xF79E,0xF79E,0xF79E,
0xF79E,0xEF9D,0xEF9D,0xF79D,0xF79D,0xF79D,0xF79D,0xF79D,0xF77D,0xF77D,0xF79D,0xEF9D,0xF79D,0xF79D,0xEF7D,0xEF9D,
0xEF9D,0xF79D,0xF79D,0xEF9D,0xEF9D,0xF77D,0xF77D,0xEF7D,0xEF7D,0xEF9D,0xEF9D,0xF79D,0xF79D,0xF79D,0xF79D,0xF79D,
0xF79D,0xF79D,0xF79D,0xF79D,0xF79D,0xF79D,0xF79D,0xF79D,0xF79D,0xF79D,0xF77D,0xF77D,0xEF9D,0xEF1B,0xD42E,0xD38A,
0xDBCB,0xD3AB,0xDBAB,0xDBAB,0xD3AB,0xD3AB,0xD3AB,0xD3AB,0xD3AB,0xDBCB,0xDBAB,0xDBAB,0xDBCB,0xDBCB,0xDBCB,0xDBAB,
0xDBAB,0xDBCB,0xDBCB,0xD3AB,0xDBCB,0xDBCB,0xDBAB,0xDBCB,0xDBCB,0xDBCB,0xDBCB,0xDBCB,0xD3CB,0xDBCB,0xDBCB,0xD3AB,
0xDBCB,0xD3AB,0xDBAB,0xDBAB,0xDBCB,0xDBCB,0xDBAB,0xD3AB,0xD3AB,0xDBCB,0xDBCB,0xDBCB,0xDBCB,0xDBCB,0xDBCB,0xDBCB,
0xDBCB,0xDBCB,0xDBCB,0xDBCB,0xDBCB,0xDBAB,0xDBCB,0xDBCB,0xDBCB,0xDBCB,0xDBCB,0xDBCB,0xDBCB,0xD3CB,0xD3CB,0xD3CB,
0xDBCB,0xDBCB,0xD3CB,0xD3CB,0xDBCB,0xD3CB,0xDBCB,0xDBAB,0xDBAB,0xDBAB,0xDBCB,0xDBCB,0xDBCB,0xDBCB,0xDBCB,0xD3CB,
0xD3CB,0xDBCB,0xDBAB,0xDBCB,0xDBCB,0xDBCB,0xDBCB,0xDBCB,0xDBCB,0xDBAB,0xDBAB,0xDBAB,0xDBAB,0xDBCB,0xDBCB,0xDBCB,
0xDBCB,0xDBCB,0xDBCB,0xD3CB,0xD3CB,0xD3CB,0xD3CB,0xD3CB,0xDBCB,0xD3CB,0xD3CB,0xDBCB,0xDBCB,0xDBCB,0xDBCB,0xDBCB,
0xDBCB,0xDBCB,0xDBCB,0xDBCB,0xD3CB,0xD3CB,0xD3CB,0xD3CB,0xDBCB,0xD3CB,0xD3CB,0xDBCB,0xDBCB,0xDBAB,0xDBAB,0xDBCB,
0xDBCB,0xDBCB,0xDBCB,0xDBCB,0xDBCB,0xDBCB,0xDBCB,0xDBCB,0xDBCB,0xDBCB,0xDBCB,0xDBCB,0xDBCB,0xDBCB,0xD3CB,0xD3CB,
0xD3CB,0xDBCB,0xDBCB,0xDBCB,0xDBCB,0xDBCB,0xDBCB,0xDBCB,0xDBCB,0xDBCB,0xDBCB,0xDBCB,0xDBCB,0xD3CB,0xD3CB,0xDBCB,
0xDBCB,0xDBCB,0xDBCB,0xDBCB,0xDBCB,0xDBCB,0xDBCB,0xDBCB,0xD38B,0xD532,0xEFBD,0xEF9D,0xEF9D,0xF79D,0xF79D,0xF79D,
0xF79D,0xF79D,0xF79D,0xF79D,0xEF9D,0xEF9D,0xEF9D,0xEF9D,0xEF9D,0xEF7D,0xF77D,0xF79D,0xF79D,0xF79D,0xF79D,0xEF9D,
0xF79D,0xF79D,0xF79D,0xEF9D,0xEF9D,0xF79D,0xF79D,0xF79D,0xF79D,0xEF9D,0xEF9D,0xEF9D,0xF79D,0xF79D,0xF79D,0xF79D,
0xF79D,0xF79D,0xF77D,0xF77D,0xEF7D,0xEF9D,0xEF9D,0xF79E,0xF79E,0xF79E,0xF79E,0xF79E,0xEF9D,0xEF9D,0xF79D,0xF79D,
0xF79D,0xF79D,0xF79D,0xF77D,0xF77D,0xF79D,0xEF9D,0xF79D,0xF79D,0xEF9D,0xEF7D,0xEF9D,0xF79D,0xEF9D,0xEF7D,0xF79D,
0xF79D,0xEF7D,0xEF7D,0xF77D,0xEF9D,0xF79D,0xEF9D,0xEF9D,0xEF9D,0xF79D,0xF79D,0xF79D,0xF79D,0xF79D,0xF79D,0xF79D,
0xEF9D,0xF79D,0xEF7D,0xF77D,0xEF7D,0xF77D,0xF77D,0xF79D,0xEF1B,0xD42D,0xD38A,0xDBCB,0xD3AB,0xDBAB,0xDBAB,0xD3AB,
0xD3AB,0xD3AB,0xD3AB,0xD3AB,0xDBAB,0xDBAB,0xDBAB,0xDBAB,0xDBAB,0xD3AB,0xDBAB,0xDBAB,0xD3AB,0xD3CB,0xD3AB,0xD3AB,
0xD3AB,0xDBAB,0xDBCB,0xDBAB,0xDBCB,0xDBCB,0xD3CB,0xD3AB,0xD3AB,0xDBCB,0xD3AB,0xDBCB,0xD3CB,0xDBAB,0xDBCB,0xDBCB,
0xDBCB,0xDBCB,0xD3CB,0xD3CB,0xDBCB,0xDBCB,0xDBCB,0xDBCB,0xDBCB,0xDBCB,0xDBCB,0xDBCB,0xDBCB,0xDBCB,0xDBCB,0xD3AB,
0xD3CB,0xDBCB,0xD3AB,0xDBCB,0xDBCB,0xDBCB,0xDBCB,0xDBCB,0xDBCB,0xDBCB,0xDBCB,0xDBCB,0xD3CB,0xD3CB,0xD3CB,0xD3AB,
0xD3AB,0xDBCB,0xDBAB,0xDBAB,0xDBAB,0xDBCB,0xDBCB,0xDBCB,0xDBCB,0xDBCB,0xD3CB,0xD3CB,0xDBCB,0xDBAB,0xDBAB,0xDBAB,
0xD3AB,0xD3AB,0xDBCB,0xDBCB,0xDBAB,0xDBAB,0xDBAB,0xDBAB,0xDBAB,0xDBAB,0xDBCB,0xDBCB,0xDBCB,0xDBAB,0xDBCB,0xD3CB,
0xDBCB,0xD3CB,0xDBCB,0xDBCB,0xDBCB,0xDBCB,0xDBCB,0xD3CB,0xDBCB,0xDBCB,0xD3AB,0xDBCB,0xDBCB,0xDBCB,0xDBCB,0xDBCB,
0xDBCB,0xDBCB,0xDBCB,0xDBCB,0xDBCB,0xDBAB,0xDBAB,0xDBAB,0xDBAB,0xDBAB,0xDBAB,0xDBCB,0xDBCB,0xDBCB,0xDBCB,0xDBCB,
0xDBCB,0xDBCB,0xDBCB,0xDBCB,0xDBCB,0xDBCB,0xD3AB,0xD3AB,0xDBAB,0xD3AB,0xD3CB,0xD3CB,0xDBCB,0xDBCB,0xDBCB,0xDBCB,
0xDBCB,0xDBCB,0xDBCB,0xDBCB,0xDBCB,0xD3CB,0xDBCB,0xDBCB,0xDBCB,0xDBCB,0xDBCB,0xDBCB,0xDBCB,0xDBCB,0xDBCB,0xDBCB,
0xDBCB,0xD3CB,0xDBCB,0xD38B,0xD532,0xF7BD,0xF79D,0xF79D,0xF79D,0xF79D,0xF79D,0xF79D,0xF79D,0xF79D,0xF79D,0xEF9D,
0xEF9D,0xEF9D,0xEF9D,0xEF9D,0xF77D,0xF77D,0xF79D,0xF79D,0xF79D,0xF79D,0xEF9D,0xF79D,0xF79D,0xF79D,0xEF9D,0xEF9D,
0xF77D,0xF77D,0xF77D,0xF79D,0xEF9D,0xEF9D,0xF79D,0xF79D,0xF79D,0xF79D,0xF79D,0xF79D,0xF79D,0xF77D,0xF77D,0xEF9D,
0xEF9D,0xEF7D,0xF79E,0xF79E,0xF79E,0xF79E,0xF79E,0xEF9D,0xEF7D,0xF79D,0xEF9D,0xF79D,0xF79D,0xF79D,0xEF9D,0xEF7D,
0xEF7D,0xEF9D,0xEF9D,0xEF9D,0xEF9D,0xEF9D,0xEF9D,0xEF9D,0xEF7D,0xEF7D,0xEF9D,0xEF9D,0xEF9D,0xF79D,0xEF9D,0xEF9D,
0xEF9D,0xEF9D,0xF79D,0xF79D,0xF79D,0xF79D,0xF79D,0xF79D,0xEF9D,0xEF9D,0xF79D,0xF79D,0xF79D,0xF77D,0xF77D,0xF77D,
0xF77D,0xF77D,0xF79D,0xEF1B,0xD40D,0xD38A,0xDBAB,0xD3CB,0xDBCB,0xDBAB,0xD3AB,0xD3AB,0xDBCB,0xDBCB,0xD3CB,0xD3AB,
0xDBAB,0xDBAB,0xDBAB,0xDBAB,0xDBAB,0xD3AB,0xD3AB,0xD3AB,0xD3AB,0xD3AB,0xD3AB,0xD3AB,0xD3AB,0xDBAB,0xDBAB,0xDBAB,
0xDBAB,0xDBAB,0xDBAB,0xDBCB,0xDBCB,0xDBAB,0xDBAB,0xDBAB,0xD3AB,0xD3CB,0xDBCB,0xDBCB,0xDBCB,0xDBCB,0xDBCB,0xD3CB,
0xDBCB,0xDBCB,0xDBCB,0xDBCB,0xDBCB,0xDBCB,0xDBCB,0xDBCB,0xD3AB,0xD3AB,0xD3CB,0xD3AB,0xD3AB,0xD3AB,0xDBCB,0xDBCB,
0xDBCB,0xD3AB,0xDBCB,0xD3CB,0xD3CB,0xDBCB,0xDBCB,0xDBAB,0xDBCB,0xDBCB,0xDBAB,0xDBAB,0xDBAB,0xDBAB,0xDBAB,0xDBAB,
0xDBCB,0xDBCB,0xDBCB,0xDBCB,0xDBCB,0xD3AB,0xDBCB,0xDBAB,0xDBAB,0xDBAB,0xDBAB,0xDBAB,0xDBAB,0xDBAB,0xDBAB,0xDBAB,
0xDBAB,0xDBAB,0xDBAB,0xDBAB,0xDBCB,0xDBCB,0xDBAB,0xDBAB,0xDBAB,0xDBAB,0xDBAB,0xDBCB,0xDBCB,0xDBCB,0xDBCB,0xDBCB,
0xDBCB,0xDBCB,0xDBCB,0xDBAB,0xDBCB,0xDBCB,0xDBCB,0xDBCB,0xDBCB,0xDBCB,0xD3CB,0xDBCB,0xDBCB,0xDBCB,0xDBCB,0xDBCB,
0xDBCB,0xDBAB,0xDBAB,0xDBAB,0xDBAB,0xDBAB,0xDBAB,0xDBAB,0xDBCB,0xDBCB,0xDBCB,0xDBCB,0xD3AB,0xDBCB,0xDBCB,0xDBCB,
0xDBCB,0xD3AB,0xD3AB,0xDBAB,0xDBAB,0xDBCB,0xD3CB,0xDBCB,0xDBCB,0xDBCB,0xDBCB,0xDBCB,0xDBCB,0xD3CB,0xDBCB,0xDBCB,
0xDBCB,0xD3CB,0xD3CB,0xDBCB,0xDBCB,0xDBCB,0xDBCB,0xDBCB,0xDBCB,0xDBCB,0xDBCB,0xDBCB,0xDBCB,0xDBCB,0xD38A,0xD532,
0xF7DE,0xF79D,0xEF7D,0xF79D,0xF79D,0xEF9D,0xF79D,0xF79D,0xF79D,0xF77D,0xF77D,0xF77D,0xF79D,0xF79D,0xF79D,0xF79D,
0xEF9D,0xF79D,0xF79D,0xF79D,0xF79D,0xF79D,0xF79D,0xF79D,0xEF9D,0xF79D,0xF79D,0xF79D,0xF79D,0xF79D,0xF79D,0xF77D,
0xF77D,0xF79D,0xF79D,0xF77D,0xF77D,0xF77D,0xF79D,0xF77D,0xF79D,0xF77D,0xF79D,0xEF9D,0xEF7D,0xF79E,0xF79E,0xF79E,
0xF79E,0xF79E,0xEF9D,0xEF9D,0xF79D,0xF79D,0xF79D,0xF79D,0xF79D,0xF79D,0xEF7D,0xF79D,0xF79D,0xEF9D,0xEF7D,0xEF7D,
0xEF9D,0xEF9D,0xEF9D,0xEF7D,0xEF7D,0xEF9D,0xEF9D,0xEF9D,0xEF9D,0xEF9D,0xEF9D,0xEF9D,0xEF9D,0xEF9D,0xEF9D,0xEF9D,
0xF79D,0xF79D,0xF79D,0xEF9D,0xEF9D,0xF79D,0xF79D,0xF77D,0xF77D,0xF77D,0xF77D,0xF77D,0xF77D,0xF79D,0xEF1B,0xD40D,
0xD38A,0xDBAB,0xDBCB,0xDBCB,0xD3AB,0xDBCB,0xDBCB,0xDBCB,0xDBCB,0xD3CB,0xD3AB,0xDBAB,0xDBAB,0xDBAB,0xD3AB,0xDBAB,
0xDBAB,0xD3AB,0xDBAB,0xDBAB,0xD3CB,0xD3AB,0xDBCB,0xDBAB,0xDBAB,0xDBCB,0xDBAB,0xDBAB,0xDBAB,0xDBAB,0xDBAB,0xDBAB,
0xDBCB,0xDBAB,0xDBAB,0xD3AB,0xDBCB,0xDBCB,0xDBCB,0xDBCB,0xD3CB,0xD3CB,0xD3CB,0xD3CB,0xDBAB,0xDBCB,0xDBCB,0xDBCB,
0xDBCB,0xDBCB,0xDBCB,0xDBCB,0xDBCB,0xDBCB,0xDBCB,0xD3AB,0xD3AB,0xDBCB,0xDBCB,0xDBCB,0xD3AB,0xDBCB,0xD3AB,0xDBCB,
0xDBCB,0xDBAB,0xDBCB,0xDBAB,0xDBAB,0xDBAB,0xDBAB,0xDBAB,0xDBAB,0xDBAB,0xDBAB,0xDBAB,0xDBCB,0xDBCB,0xDBCB,0xDBCB,
0xDBCB,0xDBCB,0xDBCB,0xDBCB,0xDBCB,0xDBAB,0xDBAB,0xDBAB,0xDBAB,0xDBAB,0xDBCB,0xDBAB,0xD3AB,0xDBAB,0xDBAB,0xDBAB,
0xDBCB,0xDBAB,0xDBAB,0xDBAB,0xDBAB,0xDBCB,0xDBCB,0xDBAB,0xDBCB,0xDBCB,0xDBCB,0xDBCB,0xDBCB,0xDBCB,0xDBCB,0xDBCB,
0xDBCB,0xDBCB,0xDBCB,0xDBCB,0xDBCB,0xD3CB,0xDBCB,0xDBCB,0xDBCB,0xDBCB,0xDBAB,0xDBCB,0xDBCB,0xDBAB,0xDBAB,0xDBAB,
0xDBCB,0xDBAB,0xDBAB,0xDBCB,0xDBCB,0xDBCB,0xDBCB,0xDBCB,0xDBCB,0xDBCB,0xDBCB,0xDBCB,0xDBCB,0xDBCB,0xDBAB,0xD3AB,
0xD3AB,0xDBCB,0xDBCB,0xDBCB,0xDBCB,0xDBCB,0xDBCB,0xDBCB,0xDBCB,0xDBCB,0xDBCB,0xDBCB,0xDBCB,0xDBCB,0xDBCB,0xDBCB,
0xDBCB,0xDBCB,0xDBCB,0xDBCB,0xDBCB,0xDBCB,0xDBCB,0xD3CB,0xDBCB,0xD38A,0xD532,0xF7DE,0xF79D,0xF79D,0xF79D,0xEF9D,
0xEF9D,0xF77D,0xF77D,0xF77D,0xF77D,0xF77D,0xF77D,0xF77D,0xF77D,0xF77D,0xF79D,0xEF9D,0xF79D,0xEF9D,0xF79D,0xF79D,
0xF79D,0xF79D,0xF79D,0xF79D,0xF79D,0xF79D,0xF79D,0xF77D,0xF77D,0xF77D,0xF77D,0xF77D,0xF77D,0xF77D,0xF79D,0xF79D,
0xF79D,0xF79D,0xF77D,0xF77D,0xEF7D,0xEF7D,0xEF9D,0xEF7D,0xF79E,0xF79E,0xF79E,0xF79E,0xF79E,0xEF9D,0xEF9D,0xEF9D,
0xF79D,0xEF9D,0xF79D,0xF79D,0xF77D,0xF79D,0xF79D,0xEF9D,0xEF9D,0xEF9D,0xF79D,0xEF9D,0xEF7D,0xEF9D,0xF79D,0xEF7D,
0xEF7D,0xF77D,0xEF7D,0xEF7D,0xF79D,0xEF9D,0xEF7D,0xEF9D,0xEF7D,0xEF7D,0xF79D,0xF79D,0xF77D,0xF79D,0xF79D,0xF79D,
0xF79D,0xF77D,0xEF7D,0xF77D,0xEF7D,0xF77D,0xF77D,0xF77D,0xF79E,0xEF1A,0xD3ED,0xD38A,0xDBAB,0xD3AB,0xDBCB,0xDBAB,
0xD3AB,0xD3AB,0xDBCB,0xDBCB,0xDBAB,0xDBAB,0xDBAB,0xDBAB,0xD3AB,0xD3AB,0xD3AB,0xD3AB,0xD3AB,0xDBAB,0xDBAB,0xD3AB,
0xDBCB,0xDBCB,0xDBCB,0xDBCB,0xDBCB,0xDBCB,0xDBAB,0xDBAB,0xD3AB,0xDBAB,0xD3AB,0xDBAB,0xDBAB,0xD3CB,0xDBCB,0xDBCB,
0xDBCB,0xDBCB,0xDBCB,0xD3CB,0xD3CB,0xDBCB,0xDBCB,0xDBCB,0xDBCB,0xDBCB,0xDBAB,0xDBAB,0xDBAB,0xDBAB,0xDBCB,0xDBCB,
0xDBCB,0xD3CB,0xD3AB,0xD3AB,0xD3AB,0xDBCB,0xDBCB,0xD3AB,0xD3AB,0xDBCB,0xDBCB,0xDBCB,0xDBCB,0xDBCB,0xDBCB,0xDBCB,
0xDBAB,0xD3AB,0xDBCB,0xDBCB,0xDBCB,0xDBCB,0xDBCB,0xDBCB,0xDBCB,0xDBCB,0xDBCB,0xDBCB,0xDBCB,0xDBCB,0xDBCB,0xDBCB,
0xDBAB,0xDBAB,0xDBAB,0xDBAB,0xDBAB,0xDBAB,0xDBAB,0xD3AB,0xD3AB,0xDBAB,0xDBAB,0xDBCB,0xDBAB,0xDBAB,0xD3AB,0xDBCB,
0xDBCB,0xDBCB,0xDBCB,0xDBAB,0xDBAB,0xDBAB,0xD3AB,0xDBCB,0xDBCB,0xDBCB,0xDBAB,0xDBAB,0xDBAB,0xDBCB,0xDBCB,0xDBCB,
0xDBCB,0xDBCB,0xDBCB,0xDBCB,0xDBAB,0xD3AB,0xDBAB,0xDBAB,0xDBAB,0xDBAB,0xDBAB,0xDBAB,0xDBAB,0xDBAB,0xDBAB,0xDBCB,
0xDBCB,0xDBCB,0xDBCB,0xDBCB,0xDBCB,0xDBCB,0xDBCB,0xDBCB,0xDBCB,0xDBAB,0xD3AB,0xDBAB,0xDBAB,0xDBCB,0xDBAB,0xD3CB,
0xD3AB,0xD3AB,0xDBCB,0xDBCB,0xDBAB,0xDBCB,0xDBCB,0xDBCB,0xDBCB,0xDBCB,0xDBCB,0xDBCB,0xDBCB,0xDBCB,0xDBCB,0xDBCB,
0xDBCB,0xDBAB,0xD3CB,0xDBCB,0xD38A,0xD512,0xF7DE,0xF79D,0xF79D,0xF79D,0xF79D,0xF79D,0xF79D,0xF77D,0xF77D,0xEF7D,
0xEF7D,0xF77D,0xF77D,0xF77D,0xEF7D,0xEF7D,0xEF9D,0xF79D,0xEF9D,0xF79D,0xF79D,0xEF9D,0xF79D,0xF79D,0xEF9D,0xEF9D,
0xEF9D,0xEF9D,0xEF9D,0xEF7D,0xF77D,0xF77D,0xF77D,0xF77D,0xF77D,0xF79D,0xF77D,0xF77D,0xF79D,0xF77D,0xF77D,0xF77D,
0xEF7D,0xEF7D,0xEF7D,0xF79E,0xF79E,0xF79E,0xF79E,0xF79E,0xF79D,0xEF9D,0xEF9D,0xF79D,0xEF9D,0xF79D,0xF79D,0xF79D,
0xF79D,0xEF7D,0xEF7D,0xEF7D,0xEF9D,0xEF9D,0xEF7D,0xEF7D,0xEF9D,0xEF9D,0xEF7D,0xF77D,0xF77D,0xF77D,0xF79D,0xF79D,
0xF79D,0xEF9D,0xEF7D,0xF77D,0xF77D,0xF77D,0xF77D,0xEF7D,0xF79D,0xEF9D,0xF79D,0xF79D,0xF77D,0xF77D,0xF77D,0xF77D,
0xF77D,0xF77D,0xF77D,0xF79D,0xEF1A,0xD3EC,0xD36A,0xDBAB,0xD3AB,0xD3AB,0xDBCB,0xDBCB,0xDBAB,0xDBCB,0xDBCB,0xDBAB,
0xDBAB,0xDBAB,0xDBAB,0xD3AB,0xD3AB,0xDBAB,0xD3AB,0xDBAB,0xD3AB,0xD3AB,0xDBAB,0xDBAB,0xDBAB,0xD3AB,0xDBCB,0xD3AB,
0xDBAB,0xDBAB,0xDBAB,0xDBAB,0xDBAB,0xDBAB,0xDBAB,0xDBAB,0xDBCB,0xDBCB,0xDBCB,0xDBCB,0xDBCB,0xD3CB,0xDBCB,0xDBCB,
0xDBCB,0xDBCB,0xDBCB,0xDBCB,0xDBCB,0xDBCB,0xDBCB,0xDBCB,0xDBCB,0xDBCB,0xDBCB,0xDBCB,0xDBCB,0xDBCB,0xDBCB,0xD3AB,
0xDBCB,0xDBCB,0xDBCB,0xD3AB,0xD3AB,0xDBCB,0xDBCB,0xDBCB,0xDBCB,0xDBCB,0xDBCB,0xDBAB,0xDBCB,0xDBCB,0xDBCB,0xDBCB,
0xDBCB,0xDBCB,0xDBCB,0xDBCB,0xDBCB,0xDBCB,0xDBCB,0xDBCB,0xDBCB,0xDBCB,0xDBAB,0xDBAB,0xDBAB,0xDBAB,0xDBAB,0xDBAB,
0xDBAB,0xDBAB,0xDBAB,0xD3AB,0xD3AB,0xDBAB,0xDBAB,0xDBAB,0xDBAB,0xDBCB,0xD3CB,0xDBCB,0xDBCB,0xDBCB,0xDBAB,0xDBCB,
0xDBCB,0xDBCB,0xDBCB,0xDBCB,0xDBCB,0xDBAB,0xDBAB,0xDBAB,0xDBCB,0xDBCB,0xDBCB,0xD3CB,0xDBCB,0xDBCB,0xDBCB,0xDBAB,
0xDBAB,0xDBAB,0xDBAB,0xDBAB,0xDBAB,0xDBAB,0xDBAB,0xDBAB,0xDBAB,0xDBAB,0xDBCB,0xDBCB,0xDBAB,0xDBAB,0xDBAB,0xDBCB,
0xDBCB,0xDBCB,0xD3AB,0xDBCB,0xDBAB,0xDBAB,0xDBAB,0xDBAB,0xDBAB,0xDBAB,0xD3AB,0xD3AB,0xD3AB,0xD3AB,0xD3AB,0xD3CB,
0xDBCB,0xDBCB,0xDBCB,0xDBCB,0xDBCB,0xDBCB,0xDBCB,0xDBCB,0xDBCB,0xDBCB,0xDBCB,0xDBAB,0xDBAB,0xDBCB,0xDBCB,0xD38A,
0xD511,0xF7BE,0xF79D,0xEF9D,0xF79D,0xF79D,0xF79D,0xF79D,0xF77D,0xF77D,0xF77D,0xF77D,0xF79D,0xF79D,0xF77D,0xF79D,
0xEF9D,0xF79D,0xF79D,0xF79D,0xF79D,0xEF9D,0xEF9D,0xEF9D,0xEF7D,0xEF9D,0xF79D,0xF79D,0xEF9D,0xF79D,0xF77D,0xF77D,
0xF79D,0xF79D,0xF79D,0xF79D,0xF77D,0xF77D,0xF77D,0xF77D,0xF77D,0xF77D,0xF77D,0xEF7D,0xEF7D,0xEF7D,0xF79E,0xF79E,
0xF79E,0xF79E,0xF79E,0xEF9D,0xEF9D,0xF79D,0xF79D,0xF79D,0xF79D,0xF79D,0xF79D,0xF79D,0xEF9D,0xEF9D,0xEF9D,0xEF9D,
0xEF9D,0xEF9D,0xEF7D,0xEF7D,0xEF7D,0xEF7D,0xF77D,0xF77D,0xEF7D,0xEF7D,0xF79D,0xF79D,0xF79D,0xF79D,0xEF9D,0xEF9D,
0xF79D,0xF79D,0xF79D,0xF79D,0xEF9D,0xF77D,0xEF7D,0xF77D,0xF79D,0xF79D,0xF79D,0xF79D,0xF77D,0xF77D,0xF79E,0xEF1A,
0xD3EC,0xD36A,0xDBAB,0xD3AB,0xD3AB,0xDBCB,0xDBAB,0xDBCB,0xDBAB,0xDBCB,0xDBCB,0xDBAB,0xDBAB,0xDBAB,0xD3AB,0xDBAB,
0xDBAB,0xD3AB,0xDBAB,0xDBAB,0xDBAB,0xDBAB,0xDBAB,0xDBAB,0xD3AB,0xDBAB,0xD3AB,0xDBAB,0xDBAB,0xDBAB,0xDBCB,0xDBAB,
0xDBAB,0xDBAB,0xDBAB,0xDBCB,0xDBCB,0xDBCB,0xDBAB,0xDBCB,0xDBAB,0xDBAB,0xDBCB,0xDBCB,0xDBCB,0xDBCB,0xDBCB,0xDBCB,
0xDBCB,0xDBCB,0xDBCB,0xDBCB,0xDBCB,0xDBCB,0xDBCB,0xDBCB,0xDBCB,0xDBCB,0xDBCB,0xDBCB,0xDBCB,0xDBCB,0xD3AB,0xD3AB,
0xDBCB,0xDBCB,0xDBCB,0xDBCB,0xDBCB,0xDBAB,0xDBAB,0xDBCB,0xDBCB,0xDBCB,0xDBCB,0xDBCB,0xDBCB,0xDBCB,0xDBCB,0xDBCB,
0xDBCB,0xDBCB,0xDBCB,0xDBCB,0xDBCB,0xDBCB,0xDBAB,0xDBAB,0xDBAB,0xDBAB,0xDBAB,0xDBAB,0xDBAB,0xDBAB,0xDBAB,0xDBAB,
0xD3AB,0xDBAB,0xDBAB,0xDBCB,0xDBCB,0xD3CB,0xD3CB,0xDBCB,0xDBCB,0xDBCB,0xDBCB,0xDBCB,0xDBCB,0xDBCB,0xDBCB,0xDBCB,
0xDBAB,0xDBAB,0xDBAB,0xDBCB,0xDBCB,0xDBCB,0xDBCB,0xDBCB,0xDBAB,0xD3CB,0xDBCB,0xDBAB,0xDBAB,0xDBCB,0xDBAB,0xDBAB,
0xDBCB,0xDBAB,0xDBAB,0xDBAB,0xDBAB,0xDBAB,0xDBAB,0xDBCB,0xDBCB,0xDBAB,0xDBCB,0xDBCB,0xDBCB,0xDBCB,0xDBCB,0xDBAB,
0xDBAB,0xDBCB,0xDBAB,0xDBAB,0xD3AB,0xD3CB,0xD3AB,0xD3AB,0xD3AB,0xD3AB,0xD3AB,0xDBCB,0xDBCB,0xDBCB,0xDBCB,0xDBCB,
0xDBCB,0xDBCC,0xDBCB,0xDBCB,0xDBCB,0xDBAB,0xDBAB,0xDBCB,0xD3CB,0xDBAB,0xD38A,0xD512,0xF7BE,0xF77D,0xF79D,0xF79D,
0xF79D,0xF79D,0xF79D,0xF79D,0xF79D,0xF79D,0xF79D,0xF79D,0xF79D,0xF79D,0xF79D,0xF79D,0xF79D,0xF79D,0xF79D,0xF79D,
0xEF9D,0xEF9D,0xEF9D,0xEF9D,0xF79D,0xEF9D,0xEF9D,0xF79D,0xF79D,0xF77D,0xF77D,0xF77D,0xF77D,0xF79D,0xF79D,0xF77D,
0xF77D,0xF79D,0xF77D,0xF77D,0xF77D,0xF77D,0xEF9D,0xEF7D,0xEF9D,0xF79E,0xF79E,0xF79E,0xF79E,0xF79E,0xEF9D,0xF79D,
0xF79D,0xEF9D,0xF79D,0xF79D,0xF79D,0xEF9D,0xEF9D,0xEF9D,0xEF7D,0xEF9D,0xEF9D,0xEF9D,0xEF9D,0xEF9D,0xEF7D,0xEF7D,
0xEF7D,0xEF7D,0xF77D,0xF77D,0xF77D,0xF77D,0xEF9D,0xEF9D,0xF79D,0xF79D,0xF79D,0xEF9D,0xEF9D,0xF79D,0xEF9D,0xEF9D,
0xF77D,0xF77D,0xF77D,0xF77D,0xF77D,0xF79D,0xF77D,0xEF7D,0xF77D,0xF79D,0xEEFA,0xD3EC,0xD38A,0xDBAB,0xD3AB,0xD3CB,
0xD3CB,0xDBCB,0xDBCB,0xDBCB,0xDBCB,0xDBCB,0xDBCB,0xDBAB,0xD3AB,0xD3AB,0xD3AB,0xD3AB,0xD3AB,0xD3AB,0xD3AB,0xDBAB,
0xD3CB,0xDBCB,0xDBCB,0xD3CB,0xD3AB,0xD3AB,0xD3AB,0xD3AB,0xDBAB,0xDBAB,0xDBAB,0xDBAB,0xDBAB,0xDBCB,0xDBCB,0xDBCB,
0xD3CB,0xDBCB,0xDBCB,0xDBCB,0xDBCB,0xDBCB,0xDBCB,0xDBCB,0xDBCB,0xDBCB,0xDBCB,0xDBCB,0xDBCB,0xDBCB,0xDBCB,0xDBCB,
0xDBCB,0xDBCB,0xDBCB,0xD3CB,0xD3CB,0xDBCB,0xDBCB,0xDBCB,0xDBCB,0xD3AB,0xDBCB,0xDBCB,0xDBCB,0xDBCB,0xDBCB,0xDBCB,
0xDBAB,0xDBAB,0xDBCB,0xDBCB,0xDBCB,0xDBCB,0xDBCB,0xDBCB,0xDBCB,0xDBCB,0xDBCB,0xD3AB,0xD3AB,0xD3AB,0xDBCB,0xDBCB,
0xD3CB,0xD3AB,0xD3AB,0xDBAB,0xDBAB,0xDBAB,0xDBAB,0xDBAB,0xDBAB,0xDBCB,0xDBCB,0xDBAB,0xDBAB,0xDBAB,0xDBCB,0xDBCB,
0xD3CB,0xD3CB,0xD3CB,0xDBCB,0xDBCB,0xDBCB,0xDBCB,0xDBCB,0xDBCB,0xDBCB,0xDBCB,0xDBAB,0xDBCB,0xDBAB,0xDBCB,0xDBCB,
0xDBCB,0xDBCB,0xDBAB,0xD3AB,0xDBCB,0xDBAB,0xDBAB,0xDBAB,0xDBAB,0xDBCB,0xDBCB,0xDBAB,0xD3AB,0xD3AB,0xDBCB,0xDBCB,
0xDBCB,0xDBCB,0xDBCB,0xDBCB,0xDBCB,0xDBCB,0xD3AB,0xDBCB,0xDBCB,0xDBCB,0xDBAB,0xDBAB,0xDBCB,0xD3AB,0xDBAB,0xDBAB,
0xDBAB,0xD3AB,0xD3CB,0xD3CB,0xD3CB,0xD3CB,0xD3CB,0xD3CB,0xD3CB,0xD3CB,0xD3CB,0xD3CB,0xDBCB,0xDBCB,0xDBAB,0xDBCB,
0xDBAB,0xDBCB,0xDBAB,0xDBAB,0xDBAB,0xD38A,0xD512,0xF7BE,0xF79D,0xEF7D,0xF79D,0xF79D,0xF77D,0xF77D,0xF77D,0xF79D,
0xF79D,0xF77D,0xF77D,0xF77D,0xF77D,0xF77D,0xF79D,0xF79D,0xF79D,0xF79D,0xEF9D,0xF79D,0xEF9D,0xF79D,0xF79D,0xF79D,
0xF79D,0xF79D,0xF79D,0xF77D,0xF77D,0xEF7D,0xEF9D,0xF79D,0xEF9D,0xEF9D,0xF79D,0xF79D,0xF79D,0xF77D,0xF77D,0xEF7D,
0xEF9D,0xF79D,0xEF7D,0xEF7D,0xF79E,0xF79E,0xF79E,0xF79E,0xF79E,0xEF7D,0xEF9D,0xF79D,0xEF9D,0xF79D,0xF79D,0xF79D,
0xF79D,0xF79D,0xF79D,0xEF9D,0xEF7D,0xEF7D,0xEF7D,0xEF7D,0xEF9D,0xEF7D,0xF77D,0xF77D,0xF77D,0xEF7D,0xEF7D,0xF77D,
0xF77D,0xEF9D,0xEF9D,0xF79D,0xF79D,0xF79D,0xF79D,0xF79D,0xF79D,0xEF9D,0xF79D,0xF77D,0xF77D,0xF77D,0xF77D,0xF77D,
0xF77D,0xF77D,0xEF9D,0xF77D,0xF79D,0xEF1A,0xD3EC,0xDB69,0xDBAA,0xDBAB,0xDBCB,0xDBCB,0xDBCB,0xDBCB,0xDBCB,0xDBCB,
0xDBAB,0xDBAB,0xDBAB,0xDBAB,0xDBAB,0xDBAB,0xDBAB,0xDBAB,0xDBAB,0xDBAB,0xDBAB,0xDBAB,0xDBAB,0xDBAB,0xDBAB,0xDBAB,
0xDBAB,0xDBAB,0xDBCB,0xD3CB,0xDBAB,0xDBAB,0xDBAB,0xDBAB,0xDBAB,0xDBCB,0xDBCB,0xDBCB,0xDBCB,0xDBCB,0xDBCB,0xDBCB,
0xDBCB,0xDBCB,0xDBCB,0xDBCB,0xDBCB,0xDBCB,0xDBCB,0xDBCB,0xDBCB,0xDBCB,0xDBCB,0xDBCB,0xDBCB,0xDBCB,0xD3CB,0xD3CB,
0xDBCB,0xDBCB,0xDBCB,0xDBCB,0xD3AB,0xD3AB,0xD3CB,0xDBCB,0xDBCB,0xDBCB,0xD3AB,0xD3AB,0xDBAB,0xDBCB,0xDBCB,0xDBCB,
0xDBCB,0xDBCB,0xDBCB,0xDBCB,0xDBCB,0xD3AB,0xD3AB,0xD3AB,0xD3CB,0xDBCB,0xDBCB,0xD3AB,0xD3AB,0xDBAB,0xDBAB,0xDBAB,
0xDBAB,0xDBAB,0xDBAB,0xDBAB,0xDBAB,0xDBAB,0xDBAB,0xDBAB,0xDBAB,0xDBCB,0xDBCB,0xDBCB,0xDBCB,0xDBCB,0xDBAB,0xDBCB,
0xD3AB,0xDBCB,0xDBCB,0xDBCB,0xDBCB,0xDBAB,0xDBAB,0xDBAB,0xDBAB,0xDBCB,0xDBCB,0xDBCB,0xDBCB,0xD3AB,0xD3AB,0xDBCB,
0xDBAB,0xDBAB,0xDBAB,0xDBCB,0xDBCB,0xDBAB,0xD3AB,0xD3AB,0xD3CB,0xDBCB,0xDBCB,0xDBCB,0xDBCB,0xDBCB,0xDBCB,0xDBCB,
0xDBCB,0xD3CB,0xDBCB,0xDBCB,0xDBCB,0xDBAB,0xDBAB,0xD3CB,0xDBCC,0xDBCC,0xDBAB,0xD3AB,0xDBAB,0xDBAB,0xDBAB,0xDBCB,
0xDBAB,0xDBAB,0xDBAB,0xDBCB,0xDBCB,0xDBCB,0xDBCB,0xDBCB,0xDBCB,0xDBAB,0xDBCB,0xDBCB,0xDBCB,0xDBCB,0xDBAB,0xDBAA,
0xD3AA,0xD531,0xF7BD,0xF79D,0xEF7D,0xF79D,0xF79D,0xF77D,0xF79D,0xF77D,0xEF7D,0xEF7D,0xF77D,0xF77D,0xF77D,0xEF7D,
0xEF7D,0xF79D,0xF79D,0xF79D,0xF79D,0xF79D,0xF79D,0xEF9D,0xEF9D,0xF79D,0xF79D,0xF79D,0xF77D,0xF77D,0xEF7D,0xEF7D,
0xEF7D,0xEF9D,0xEF9D,0xEF9D,0xEF9D,0xF79D,0xF77D,0xF77D,0xF79D,0xEF7D,0xEF7D,0xEF7D,0xEF9D,0xEF9D,0xEF7D,0xF79E,
0xF79E,0xF79E,0xF79E,0xF79E,0xEF7D,0xEF9D,0xF79D,0xF79D,0xF79D,0xEF9D,0xEF9D,0xF79D,0xF79D,0xEF9D,0xEF9D,0xEF9D,
0xEF7D,0xEF9D,0xEF7D,0xEF7D,0xEF7D,0xF77D,0xEF7D,0xEF7D,0xEF7D,0xEF7D,0xF77D,0xF79D,0xF79D,0xF79D,0xEF9D,0xF77D,
0xF77D,0xEF9D,0xF79D,0xEF9D,0xEF9D,0xEF9D,0xF77D,0xF77D,0xF77D,0xF79D,0xF79D,0xF79D,0xF79D,0xEF9D,0xEF7D,0xF79D,
0xEF1A,0xC3CC,0xCB49,0xCB8A,0xCB8A,0xCB8A,0xCBAA,0xCB8A,0xCB8B,0xCB8B,0xCBAB,0xCBAB,0xCBAB,0xCBAB,0xCBAB,0xCBAB,
0xCBAB,0xCBAB,0xCBAB,0xCBAB,0xCBAB,0xCBAB,0xCBAA,0xCBAB,0xCBAB,0xCBAA,0xCB8A,0xCBAA,0xCB8B,0xD3AB,0xDBAB,0xDBAB,
0xDBAB,0xDBAB,0xDBAB,0xDBAB,0xD3CB,0xDBCB,0xD3CB,0xD3CB,0xDBCB,0xDBCB,0xDBCB,0xDBCB,0xDBCB,0xDBCB,0xDBCB,0xDBCB,
0xDBCB,0xDBCB,0xDBAB,0xDBAB,0xDBCB,0xDBCB,0xDBCB,0xDBCB,0xDBCB,0xDBCC,0xDBCB,0xDBCB,0xD3AB,0xDBCB,0xD3AB,0xD3AB,
0xDBCB,0xDBCB,0xDBCB,0xDBCB,0xDBCB,0xD3AB,0xDBAB,0xDBAB,0xD3AB,0xDBCB,0xDBCB,0xD3AB,0xDBCB,0xDBCB,0xDBCB,0xD3AB,
0xDBCB,0xD3AB,0xD3CB,0xDBCB,0xDBCB,0xD3AB,0xD3AB,0xDBCB,0xDBCB,0xDBCB,0xDBCB,0xDBCB,0xDBAB,0xDBAB,0xDBCB,0xDBAB,
0xDBCB,0xDBAB,0xDBAB,0xDBCB,0xDBCB,0xDBCB,0xDBCB,0xDBCB,0xDBCB,0xDBAB,0xDBCB,0xDBCB,0xDBCB,0xDBCB,0xDBCB,0xDBCB,
0xDBCB,0xDBAB,0xDBAB,0xDBAB,0xDBCB,0xDBCB,0xDBCB,0xDBCB,0xDBAB,0xD3CB,0xD3CB,0xDBAB,0xDBAB,0xDBAB,0xDBAB,0xDBAB,
0xDBAB,0xDBAB,0xDBCB,0xD3CB,0xD3AB,0xDBCB,0xDBCB,0xDBCB,0xDBCB,0xDBCB,0xDBCB,0xDBCB,0xD3AB,0xD3AB,0xD3CB,0xDBCB,
0xDBCB,0xDBCB,0xD3CB,0xD3AB,0xCBAB,0xCB8B,0xCBAB,0xCB8A,0xCB8A,0xCB8A,0xCB8A,0xCBAB,0xCB8B,0xCBAB,0xCB8B,0xCB8B,
0xCB8B,0xCB8B,0xCB8B,0xCB8B,0xCB8B,0xCB8B,0xCB8A,0xCB8A,0xD38A,0xCB8A,0xD38A,0xCB4A,0xCD11,0xF7BE,0xF77D,0xEF9D,
0xF79D,0xF77D,0xF77D,0xF79D,0xF77D,0xF77D,0xF77D,0xF77D,0xF77D,0xF77D,0xF79D,0xF77D,0xF79D,0xF79D,0xEF9D,0xEF9D,
0xF79D,0xF79D,0xEF9D,0xEF9D,0xF79D,0xF79D,0xF79D,0xF79D,0xF77D,0xF77D,0xF77D,0xEF7D,0xEF9D,0xF79D,0xF79D,0xF79D,
0xF79D,0xF79D,0xF79D,0xF79D,0xF79D,0xEF9D,0xEF9D,0xEF9D,0xEF7D,0xEF9D,0xF79E,0xF79E,0xF79E,0xF79E,0xF79E,0xEF9D,
0xEF9D,0xF79D,0xF79D,0xF79D,0xF79D,0xEF9D,0xEF9D,0xEF9D,0xEF7D,0xEF9D,0xEF9D,0xEF7D,0xEF9D,0xEF7D,0xEF7D,0xEF7D,
0xF77D,0xEF7D,0xF77D,0xF77D,0xF77D,0xF77D,0xF79D,0xF79D,0xF79D,0xEF9D,0xF79D,0xEF7D,0xF79D,0xEF9D,0xF79D,0xF79D,
0xF79D,0xF79D,0xF79D,0xF79D,0xF79D,0xF79D,0xF79D,0xF77D,0xF79D,0xF79D,0xEF7D,0xEF5C,0xE657,0xE636,0xEE56,0xE657,
0xE657,0xEE57,0xE677,0xE678,0xE678,0xE677,0xE677,0xE677,0xE677,0xE678,0xE678,0xE657,0xE657,0xE657,0xE658,0xE658,
0xE658,0xE678,0xE678,0xE658,0xE658,0xE657,0xE657,0xE698,0xDD52,0xD3AB,0xDBCB,0xDBAB,0xDBAB,0xDBAB,0xDBCB,0xDBCB,
0xDBCB,0xD3CB,0xDBCB,0xDBCB,0xDBCB,0xDBCB,0xDBCC,0xDBCB,0xDBCB,0xDBCB,0xDBCB,0xDBCB,0xDBCB,0xDBAB,0xDBCB,0xDBCB,
0xDBAB,0xDBCB,0xDBCB,0xDBCB,0xD3CB,0xD3CB,0xD3CB,0xD3AB,0xDBAB,0xD3AB,0xD3AB,0xDBCB,0xDBCB,0xD3AB,0xDBCB,0xD3AB,
0xD3AB,0xD3AB,0xDBAB,0xDBCB,0xDBCB,0xD3AB,0xD3AB,0xDBCB,0xD3AB,0xDBCB,0xDBCB,0xDBCB,0xDBCB,0xDBCB,0xDBCB,0xDBCB,
0xDBCB,0xDBCB,0xDBCB,0xDBCB,0xDBCB,0xDBCB,0xDBCB,0xDBCB,0xDBAB,0xDBAB,0xDBAB,0xDBAB,0xDBAB,0xDBAB,0xDBCB,0xDBCB,
0xDBCB,0xDBCB,0xDBCB,0xDBCB,0xDBCB,0xDBCB,0xDBCB,0xDBCB,0xDBCB,0xDBCB,0xDBCB,0xDBCB,0xDBCB,0xDBCB,0xDBCB,0xDBCB,
0xD3AB,0xDBAB,0xDBCB,0xDBAB,0xDBAB,0xDBCB,0xDBAB,0xDBCB,0xDBCB,0xDBAB,0xDBAB,0xDBAB,0xDBAB,0xDBCB,0xD3CB,0xD3AB,
0xDBCB,0xDBCB,0xD3CB,0xDBCB,0xDBCB,0xDBCB,0xDBCB,0xD3AB,0xDBCB,0xDBCB,0xDBCB,0xD3CB,0xDBAB,0xD44E,0xE657,0xE678,
0xE658,0xE657,0xE657,0xE657,0xE657,0xE657,0xE657,0xEE57,0xEE77,0xEE57,0xEE57,0xE657,0xE657,0xE657,0xE658,0xE658,
0xE657,0xE657,0xE657,0xE657,0xE657,0xE657,0xE657,0xE6B9,0xF79D,0xF79D,0xEF9D,0xF79D,0xF79D,0xF79D,0xF79D,0xF77D,
0xF79D,0xF77D,0xF77D,0xF77D,0xF77D,0xF79D,0xF79D,0xF79D,0xF79D,0xF79D,0xF79D,0xEF9D,0xF79D,0xEF9D,0xEF9D,0xF79D,
0xF79D,0xF79D,0xF79D,0xF77D,0xEF7D,0xF79D,0xF79D,0xEF9D,0xEF9D,0xEF9D,0xEF9D,0xEF7D,0xF79D,0xF79D,0xF77D,0xF79D,
0xF79D,0xF79D,0xEF9D,0xEF9D,0xEF9D,0xF79E,0xF79E,0xF79E,0xF79E,0xF79E,0xEF7D,0xEF9D,0xF79D,0xF79D,0xF79D,0xF79D,
0xF79D,0xF79D,0xF79D,0xEF9D,0xEF9D,0xEF9D,0xEF9D,0xEF9D,0xEF9D,0xEF7D,0xEF7D,0xF77D,0xF77D,0xF77D,0xF77D,0xF77D,
0xF77D,0xF79D,0xF79D,0xEF9D,0xEF9D,0xEF9D,0xEF9D,0xEF9D,0xEF9D,0xF77D,0xF77D,0xF77D,0xF79D,0xF79D,0xEF9D,0xF79D,
0xF77D,0xF79D,0xF79D,0xF79D,0xF79D,0xEF9D,0xEF9D,0xF7BD,0xF7BD,0xF7BD,0xF7BD,0xF7BD,0xF7BD,0xF7BE,0xF7BE,0xF7BE,
0xF7BE,0xF7BD,0xF7BD,0xF7BD,0xF7BE,0xF7BE,0xF7BE,0xF7BE,0xF7BE,0xF7BE,0xF7BE,0xF7BE,0xF7BE,0xF7BE,0xF7BE,0xF7BE,
0xF7BE,0xF7BD,0xFFDE,0xEE37,0xD38A,0xDBCB,0xDBAB,0xDBAB,0xDBAB,0xDBCB,0xDBCB,0xDBCB,0xDBCC,0xD3CB,0xDBCB,0xDBCB,
0xDBCB,0xDBCC,0xDBCB,0xDBCB,0xDBCB,0xDBCB,0xDBCB,0xDBCB,0xDBCB,0xDBCB,0xDBCB,0xDBCB,0xDBCB,0xDBCB,0xDBCB,0xDBCB,
0xD3CB,0xD3CB,0xD3AB,0xDBAB,0xD3AB,0xD3AB,0xD3AB,0xDBCB,0xD3AB,0xD3AB,0xD3AB,0xD3AB,0xD3AB,0xDBCB,0xDBCB,0xD3AB,
0xD3AB,0xD3AB,0xDBCB,0xD3AB,0xD3AB,0xDBCB,0xDBCB,0xDBCB,0xDBCB,0xDBCB,0xDBCB,0xDBCB,0xDBCB,0xDBCB,0xDBCB,0xDBCB,
0xDBCB,0xDBCB,0xDBCB,0xDBCB,0xDBCB,0xDBCB,0xD3AB,0xD3CB,0xDBCB,0xDBCB,0xDBCB,0xDBCB,0xDBCB,0xDBCB,0xDBCC,0xDBCB,
0xDBCB,0xDBCB,0xDBCB,0xDBCB,0xDBCB,0xDBCB,0xDBCB,0xDBCB,0xD3AB,0xD3CB,0xDBAB,0xDBAB,0xDBAB,0xDBAB,0xDBAB,0xDBAB,
0xDBAB,0xDBCB,0xDBAB,0xDBAB,0xDBAB,0xDBAB,0xDBAB,0xDBAB,0xDBAB,0xD3AB,0xD3AB,0xD3CB,0xDBCB,0xD3CB,0xDBCB,0xDBCB,
0xDBCB,0xDBCB,0xDBCB,0xDBAB,0xDBAB,0xDBCB,0xDBCB,0xDBAB,0xCC8F,0xF79D,0xF7BE,0xF7BE,0xF7BE,0xF7BE,0xF7BE,0xF7BD,
0xF7BD,0xF7BD,0xF7BD,0xF7BE,0xF7BE,0xF7BE,0xF7BE,0xF7BE,0xF7BE,0xF7BE,0xF7BE,0xF7BD,0xF7BD,0xF7BD,0xF7BD,0xF79D,
0xF79D,0xF7BD,0xF7BD,0xEF9D,0xEF9D,0xEF9D,0xF79D,0xEF9D,0xF79D,0xF79D,0xF77D,0xF77D,0xF77D,0xF79D,0xF77D,0xF77D,
0xF79D,0xF79D,0xF79D,0xF79D,0xF79D,0xF79D,0xF79D,0xF79D,0xF79D,0xF79D,0xF79D,0xF79D,0xF79D,0xF79D,0xEF9D,0xEF9D,
0xEF9D,0xF79D,0xF79D,0xEF9D,0xF79D,0xF77D,0xF77D,0xF77D,0xF79D,0xF77D,0xF77D,0xF77D,0xEF7D,0xEF9D,0xEF9D,0xEF9D,
0xF79E,0xF79E,0xF79E,0xF79E,0xF79E,0xEF7D,0xEF7D,0xF77D,0xF79D,0xF79D,0xF79D,0xEF9D,0xF79D,0xF79D,0xEF9D,0xEF7D,
0xEF9D,0xEF9D,0xEF9D,0xEF7D,0xEF7D,0xEF7D,0xF77D,0xF77D,0xEF7D,0xEF7D,0xEF7D,0xEF7D,0xEF7D,0xEF9D,0xEF7D,0xEF9D,
0xF79D,0xEF9D,0xEF9D,0xEF9D,0xF79D,0xF77D,0xEF7D,0xEF7D,0xEF9D,0xEF9D,0xEF9D,0xEF7D,0xEF7D,0xEF7D,0xF77D,0xEF7D,
0xF79D,0xEF9D,0xEF9D,0xF79D,0xEF9D,0xEF9D,0xEF9D,0xEF9D,0xEF9D,0xEF9D,0xEF9D,0xEF9D,0xEF9D,0xEF9D,0xEF9D,0xEF9D,
0xEF9D,0xEF9D,0xEF9D,0xEF9D,0xF79D,0xEF9D,0xF79D,0xF79D,0xF79D,0xEF9D,0xEF9D,0xEF9D,0xF79D,0xF7BE,0xEE16,0xD38A,
0xDBAB,0xD3AB,0xDBAB,0xDBAB,0xDBCB,0xDBCB,0xDBCB,0xDBCC,0xDBCB,0xDBCB,0xDBCB,0xDBCB,0xDBCB,0xDBCB,0xDBCB,0xD3AB,
0xD3AB,0xDBCB,0xDBCB,0xDBCB,0xDBCB,0xDBCB,0xDBCB,0xDBCB,0xDBCB,0xDBCB,0xDBCB,0xDBCB,0xD3CB,0xDBAB,0xDBAB,0xDBAB,
0xDBAB,0xD3AB,0xDBAB,0xDBAB,0xDBAB,0xD3AB,0xD3AB,0xDBAB,0xDBCB,0xDBCB,0xD3CB,0xD3AB,0xDBCB,0xDBCB,0xDBCB,0xDBCB,
0xDBCB,0xDBCB,0xD3AB,0xDBCB,0xDBCB,0xDBCB,0xDBCB,0xDBCB,0xDBCB,0xDBCB,0xDBCB,0xDBCB,0xDBCB,0xD3AB,0xD3CB,0xDBCB,
0xDBCB,0xD3CB,0xD3CB,0xDBCB,0xDBCB,0xDBCB,0xDBCB,0xDBCB,0xDBCB,0xDBCB,0xDBCB,0xDBCB,0xDBCB,0xDBCB,0xDBCB,0xDBCB,
0xDBCB,0xDBCB,0xDBCB,0xDBCB,0xD3AB,0xDBCB,0xDBCB,0xD3CB,0xD3AB,0xDBAB,0xDBAB,0xDBAB,0xDBAB,0xDBAB,0xDBAB,0xDBAB,
0xD3AB,0xDBAB,0xDBCB,0xDBCB,0xDBCB,0xDBCB,0xDBCB,0xDBCB,0xDBAB,0xDBAB,0xDBAB,0xDBAB,0xDBAB,0xDBAB,0xD3AB,0xD3AB,
0xD3AB,0xD3CB,0xDBAB,0xCC6F,0xF77C,0xF7BD,0xF79D,0xF79D,0xEF9D,0xF79D,0xF79D,0xF79D,0xF79D,0xF79D,0xEF9D,0xEF7D,
0xEF9D,0xEF9D,0xEF9D,0xEF9D,0xEF9D,0xEF9D,0xF79D,0xF79D,0xEF9D,0xEF9D,0xF79D,0xEF9D,0xF79D,0xF79D,0xF79D,0xF79D,
0xF79D,0xEF9D,0xEF7D,0xEF9D,0xEF7D,0xEF7D,0xEF7D,0xEF7D,0xEF9D,0xF79D,0xF79D,0xEF9D,0xF79D,0xF79D,0xF79D,0xF79D,
0xF79D,0xF79D,0xF79D,0xF79D,0xEF9D,0xF79D,0xF77D,0xF77D,0xF79D,0xF77D,0xEF7D,0xEF7D,0xF79D,0xF79D,0xF79D,0xF79D,
0xF77D,0xF77D,0xF79D,0xF79D,0xF79D,0xF77D,0xF77D,0xF77D,0xF77D,0xEF7D,0xEF7D,0xF79E,0xF79E,0xF79E,0xF79E,0xF79E,
0xEF9D,0xEF9D,0xF79D,0xF77D,0xF79D,0xF79D,0xF79D,0xF79D,0xF79D,0xEF9D,0xEF9D,0xEF7D,0xEF9D,0xEF9D,0xEF9D,0xEF7D,
0xEF7D,0xF77D,0xF77D,0xEF7D,0xEF9D,0xEF9D,0xEF9D,0xEF9D,0xEF9D,0xEF9D,0xEF9D,0xF79D,0xEF9D,0xEF7D,0xF79D,0xF77D,
0xF77D,0xF79D,0xEF7D,0xEF7D,0xEF9D,0xF79D,0xEF9D,0xEF9D,0xEF9D,0xF79D,0xF79D,0xF79D,0xF79D,0xEF7D,0xEF9D,0xF79D,
0xF77D,0xF79D,0xF79D,0xEF7D,0xEF7D,0xEF7D,0xEF9D,0xEF9D,0xEF9D,0xEF9D,0xEF9D,0xEF9D,0xEF7D,0xEF9D,0xEF9D,0xEF9D,
0xEF9D,0xEF9D,0xF79D,0xF79D,0xEF7D,0xEF9D,0xEF9D,0xF79D,0xF7BD,0xE616,0xCB8A,0xDBCB,0xDBCB,0xDBAB,0xDBAB,0xDBCB,
0xDBCB,0xDBCB,0xDBCC,0xDBCB,0xDBCB,0xDBCB,0xDBCB,0xDBCB,0xDBCB,0xDBCB,0xDBCB,0xDBCB,0xDBCB,0xDBCB,0xDBCB,0xDBCB,
0xDBCB,0xDBCB,0xDBCB,0xDBCB,0xDBCB,0xDBCB,0xDBCB,0xDBCB,0xDBAB,0xDBAB,0xDBAB,0xDBAB,0xDBAB,0xDBAB,0xDBAB,0xDBAB,
0xDBAB,0xDBAB,0xDBAB,0xDBCB,0xDBCB,0xDBCB,0xD3AB,0xDBCB,0xDBCB,0xDBCB,0xDBCB,0xDBCB,0xDBCB,0xDBCB,0xDBCB,0xDBCB,
0xDBCB,0xDBCB,0xDBCB,0xDBCB,0xDBCB,0xDBCB,0xDBCB,0xDBCB,0xDBCB,0xDBCB,0xDBCB,0xDBCB,0xDBCB,0xDBCB,0xDBCB,0xDBCB,
0xDBCB,0xDBCB,0xDBCB,0xDBCB,0xDBCB,0xDBCB,0xDBCB,0xDBCC,0xDBCB,0xDBCC,0xDBCC,0xDBCC,0xDBCB,0xDBCB,0xDBCB,0xD3AB,
0xD3CB,0xDBCB,0xD3CB,0xDBCB,0xDBAB,0xDBAB,0xDBAB,0xDBAB,0xDBAB,0xDBAB,0xDBAB,0xD3CB,0xDBCB,0xDBCB,0xDBCB,0xDBCB,
0xDBCB,0xDBCB,0xDBAB,0xDBAB,0xDBAB,0xDBAB,0xDBAB,0xDBAB,0xDBAB,0xDBAB,0xDBAB,0xDBCB,0xD3CB,0xDBAB,0xD48F,0xF75C,
0xF79D,0xEF9D,0xEF9D,0xEF9D,0xEF9D,0xF79D,0xF77D,0xF79D,0xF79D,0xF77D,0xEF7D,0xF77D,0xF77D,0xF77D,0xEF9D,0xEF9D,
0xEF7D,0xEF7D,0xF79D,0xEF9D,0xEF9D,0xEF9D,0xEF9D,0xF79D,0xF79D,0xF79D,0xEF9D,0xF79D,0xF79D,0xF79D,0xF79D,0xF79D,
0xF79D,0xF79D,0xEF9D,0xF79D,0xF79D,0xF79D,0xEF9D,0xF79D,0xF79D,0xF79D,0xEF9D,0xF79D,0xF79D,0xF79D,0xEF9D,0xEF9D,
0xF79D,0xF77D,0xF79D,0xF79D,0xF79D,0xF77D,0xF77D,0xF77D,0xF77D,0xF79D,0xF77D,0xF79D,0xF79D,0xF79D,0xF79D,0xF77D,
0xF79D,0xF79D,0xF77D,0xF77D,0xEF7D,0xEF7D,0xF79E,0xF79E,0xF79E,0xF79E,0xF79E,0xEF7D,0xEF9D,0xEF9D,0xEF9D,0xF79D,
0xF79D,0xF79D,0xEF9D,0xEF9D,0xF79D,0xF79D,0xEF9D,0xEF7D,0xEF9D,0xEF9D,0xEF9D,0xEF9D,0xEF9D,0xEF9D,0xEF9D,0xEF9D,
0xEF9D,0xEF9D,0xEF9D,0xEF9D,0xEF9D,0xF79D,0xF79D,0xEF9D,0xEF7D,0xEF9D,0xF79D,0xF79D,0xF79D,0xF77D,0xEF7D,0xF77D,
0xEF7D,0xF79D,0xF79D,0xF79D,0xF79D,0xEF9D,0xEF9D,0xEF9D,0xEF9D,0xEF9D,0xF79D,0xF79D,0xEF9D,0xEF9D,0xF79D,0xF79D,
0xF79D,0xF79D,0xEF9D,0xEF9D,0xF79D,0xF79D,0xF79D,0xF79D,0xF79D,0xEF9D,0xEF9D,0xEF9D,0xEF9D,0xF79D,0xF79D,0xF79D,
0xEF9D,0xF79D,0xF79D,0xF7BE,0xEE36,0xCB8A,0xDBCB,0xDBCB,0xDBAB,0xDBAB,0xDBAB,0xDBCB,0xDBCB,0xDBCB,0xDBCB,0xDBCB,
0xDBCB,0xDBCB,0xDBCB,0xDBCB,0xDBCB,0xDBCB,0xDBCB,0xDBCB,0xDBCB,0xDBCB,0xDBCB,0xDBCB,0xDBCB,0xDBCB,0xDBCB,0xDBCB,
0xDBCB,0xDBCB,0xDBCB,0xDBAB,0xDBAB,0xDBAB,0xDBAB,0xDBAB,0xDBAB,0xDBAB,0xDBAB,0xDBAB,0xDBAB,0xDBAB,0xDBCB,0xDBCB,
0xDBCB,0xDBCB,0xD3CB,0xD3CB,0xDBCB,0xDBCB,0xDBCB,0xDBCB,0xDBCB,0xDBCB,0xDBCB,0xDBCB,0xDBCB,0xDBCB,0xDBCB,0xDBCB,
0xDBCB,0xDBCB,0xDBCB,0xDBCB,0xDBCB,0xDBCB,0xDBCB,0xDBCB,0xD3AB,0xD3AB,0xDBCB,0xDBCB,0xDBCB,0xDBCB,0xDBCB,0xDBCB,
0xDBCB,0xDBEB,0xDBEB,0xDBCC,0xDBCB,0xDBCC,0xDBCB,0xDBCB,0xDBCB,0xD3CB,0xD3CB,0xDBCB,0xDBCB,0xDBCB,0xDBCB,0xDBCB,
0xDBAB,0xDBAB,0xDBAB,0xDBCB,0xDBCB,0xDBCB,0xDBCB,0xDBCB,0xD3CB,0xD3CB,0xDBCB,0xDBAB,0xDBAB,0xDBAB,0xDBAB,0xDBAB,
0xDBAB,0xDBAB,0xDBAB,0xDBAB,0xDBAB,0xDBCB,0xDBCB,0xDBCB,0xDBAA,0xCC6F,0xF75C,0xEFBD,0xEF9D,0xF79D,0xEF9D,0xEF9D,
0xEF9D,0xF79D,0xF79D,0xEF9D,0xEF9D,0xF79D,0xEF9D,0xEF9D,0xF79D,0xEF9D,0xEF9D,0xF79D,0xF79D,0xF79D,0xF79D,0xF79D,
0xEF9D,0xF79D,0xF79D,0xF79D,0xEF9D,0xEF9D,0xF79D,0xF79D,0xF79D,0xF79D,0xF79D,0xF79D,0xEF9D,0xEF7D,0xEF7D,0xEF9D,
0xF79D,0xF79D,0xF79D,0xF79D,0xF79D,0xF79D,0xF79D,0xF79D,0xEF9D,0xEF9D,0xEF9D,0xF77D,0xF79D,0xF77D,0xF77D,0xF77D,
0xF77D,0xF77D,0xF77D,0xF77D,0xF77D,0xF77D,0xF77D,0xEF9D,0xF79D,0xF79D,0xF77D,0xF77D,0xF77D,0xF77D,0xF77D,0xEF7D,
0xEF9D,0xF79E,0xF79E,0xF79E,0xF79E,0xF79E,0xEF7D,0xEF9D,0xEF9D,0xEF9D,0xF79D,0xF79D,0xEF9D,0xEF9D,0xEF7D,0xEF9D,
0xEF9D,0xEF7D,0xEF9D,0xEF9D,0xEF9D,0xEF9D,0xEF9D,0xEF9D,0xEF9D,0xEF9D,0xEF9D,0xEF9D,0xF79D,0xF79D,0xEF9D,0xF79D,
0xF79D,0xEF9D,0xEF7D,0xEF9D,0xEF7D,0xEF7D,0xEF9D,0xF79D,0xF79D,0xF79D,0xF77D,0xF79D,0xF79D,0xF79D,0xF79D,0xEF9D,
0xEF9D,0xF79D,0xEF9D,0xEF9D,0xEF9D,0xEF9D,0xF79D,0xF79D,0xF79D,0xF79D,0xF79D,0xF79D,0xF79D,0xF79D,0xF79D,0xF79D,
0xF79D,0xF79D,0xF79D,0xF79D,0xF79D,0xF79D,0xEF9D,0xF79D,0xEF9D,0xF79D,0xF79D,0xEF9D,0xF79D,0xEF9D,0xF7BE,0xEE16,
0xD38A,0xDBCB,0xDBCB,0xDBAB,0xD3AB,0xDBAB,0xDBCB,0xDBCB,0xDBCB,0xDBCB,0xDBCB,0xDBCB,0xDBCB,0xDBAB,0xDBAB,0xDBAB,
0xDBCB,0xD3AB,0xD3AB,0xDBCB,0xDBCB,0xDBCB,0xDBCB,0xDBCB,0xDBCB,0xDBCB,0xDBCB,0xDBCB,0xDBCB,0xDBCB,0xDBAB,0xDBAB,
0xDBAB,0xDBAB,0xDBAB,0xDBAB,0xDBAB,0xDBAB,0xDBAB,0xDBCB,0xD3CB,0xDBCB,0xDBCB,0xDBCB,0xDBCB,0xD3CB,0xD3CB,0xDBCB,
0xDBCB,0xDBCB,0xDBCB,0xDBAB,0xDBAB,0xDBCB,0xDBCB,0xD3CB,0xDBCB,0xDBCB,0xDBCB,0xDBCB,0xDBCB,0xDBCB,0xDBCB,0xDBCB,
0xDBCB,0xDBCB,0xDBCB,0xDBCB,0xD3CB,0xDBCB,0xDBCB,0xDBCB,0xDBCB,0xDBCB,0xDBCB,0xDBCB,0xDBEB,0xDBEB,0xDBCC,0xDBCB,
0xDBCB,0xDBCB,0xDBCB,0xDBCB,0xD3CB,0xDBCB,0xDBCB,0xDBCB,0xDBCB,0xDBCB,0xDBCB,0xDBAB,0xDBAB,0xDBAB,0xDBAB,0xDBCB,
0xDBCB,0xDBCB,0xDBCB,0xDBCB,0xDBAB,0xD3AB,0xDBCB,0xDBAB,0xDBAB,0xDBAB,0xDBAB,0xDBAB,0xDBAB,0xDBAB,0xDBAB,0xDBAB,
0xDBCB,0xDBCB,0xDBCB,0xD38A,0xCC6E,0xF75C,0xF7BD,0xEF9D,0xF79D,0xEF9D,0xEF9D,0xF79D,0xEF9D,0xEF9D,0xF79D,0xF79D,
0xF79D,0xF79D,0xF79D,0xEF9D,0xEF9D,0xF79D,0xF79D,0xF79D,0xF79D,0xEF9D,0xEF9D,0xF79D,0xF79D,0xF79D,0xF79D,0xF79D,
0xF79D,0xF79D,0xF79D,0xEF9D,0xF79D,0xF79D,0xF79D,0xF79D,0xEF9D,0xF79D,0xF79D,0xF79D,0xF79D,0xF79D,0xF79D,0xF79D,
0xF79D,0xF79D,0xEF9D,0xEF9D,0xF79D,0xEF9D,0xF77D,0xF77D,0xF77D,0xF77D,0xF79D,0xF77D,0xF79D,0xF79D,0xF79D,0xF77D,
0xF79D,0xF79D,0xF79D,0xF79D,0xF79D,0xF79D,0xF77D,0xF77D,0xF79D,0xF77D,0xEF7D,0xEF9D,0xF79E,0xF79E,0xF79E,0xF79E,
0xF79E,0xEF9D,0xF79D,0xF79D,0xF79D,0xF79D,0xEF9D,0xF79D,0xEF9D,0xEF7D,0xEF9D,0xEF9D,0xEF9D,0xEF9D,0xEF9D,0xEF7D,
0xEF7D,0xEF9D,0xF79D,0xEF7D,0xEF7D,0xEF7D,0xEF7D,0xF79D,0xF79D,0xF79D,0xF79D,0xEF9D,0xEF7D,0xEF9D,0xEF9D,0xEF9D,
0xEF9D,0xEF9D,0xEF9D,0xF79D,0xF79D,0xF79D,0xF79D,0xF79D,0xF79D,0xEF9D,0xEF9D,0xF79D,0xF79D,0xF79D,0xF79D,0xF79D,
0xF79D,0xEF9D,0xEF9D,0xEF9D,0xF77D,0xF77D,0xF77D,0xF77D,0xF79D,0xF79D,0xF79D,0xF79D,0xF79D,0xF79D,0xF79D,0xF79D,
0xF79D,0xF79D,0xF79D,0xF79D,0xF79D,0xEF9D,0xF79D,0xF79D,0xEF9D,0xF7BE,0xEE16,0xD38A,0xDBCB,0xDBCB,0xDBCB,0xDBAB,
0xDBCB,0xDBCB,0xDBCB,0xD3CB,0xDBCB,0xDBCB,0xDBCB,0xDBAB,0xDBAB,0xDBAB,0xDBAB,0xDBAB,0xD3AB,0xD3AB,0xDBCB,0xDBCB,
0xDBCB,0xDBCB,0xD3AB,0xD3AB,0xDBCB,0xDBCB,0xDBCB,0xDBCB,0xDBCB,0xDBCB,0xDBAB,0xDBAB,0xDBAB,0xD3AB,0xD3CB,0xD3CB,
0xDBAB,0xD3AB,0xD3CB,0xD3CB,0xDBCB,0xDBCB,0xDBCB,0xDBCB,0xD3CB,0xD3CB,0xDBCB,0xDBCB,0xD3CB,0xDBCB,0xDBAB,0xDBAB,
0xDBAB,0xDBAB,0xDBCB,0xDBCB,0xDBCB,0xDBCB,0xDBCB,0xDBCB,0xDBCB,0xDBCB,0xDBCB,0xDBCB,0xDBCB,0xDBCB,0xDBCB,0xDBCB,
0xDBAB,0xDBCB,0xDBCB,0xDBCB,0xDBCB,0xDBCB,0xDBCB,0xDBCB,0xDBCB,0xDBCC,0xDBCC,0xDBCC,0xDBCB,0xDBCB,0xDBCB,0xDBCB,
0xDBCB,0xDBCB,0xDBCB,0xDBCB,0xDBCB,0xDBCB,0xDBAB,0xDBAB,0xDBAB,0xDBAB,0xDBCB,0xDBCB,0xDBCB,0xDBCB,0xDBCB,0xDBCB,
0xDBCB,0xDBCB,0xDBAB,0xDBAB,0xDBAB,0xDBAB,0xDBAB,0xDBAB,0xDBAB,0xDBAB,0xDBAB,0xDBAB,0xDBCB,0xDBCB,0xD38A,0xCC6E,
0xF75C,0xF79D,0xF79D,0xF79D,0xF79D,0xF79D,0xF79D,0xF79D,0xF79D,0xF79D,0xF79D,0xF79D,0xF79D,0xEF9D,0xEF9D,0xEF9D,
0xEF9D,0xF79D,0xF79D,0xF79D,0xF79D,0xF79D,0xF79D,0xF79D,0xF79D,0xEF9D,0xF79D,0xF79D,0xF79D,0xEF9D,0xEF9D,0xF79D,
0xF79D,0xF79D,0xF79D,0xF77D,0xF79D,0xF79D,0xF79D,0xF79D,0xF79D,0xEF9D,0xF79D,0xF79D,0xF79D,0xF79D,0xEF9D,0xF79D,
0xEF9D,0xF77D,0xEF7D,0xEF7D,0xF77D,0xF79D,0xEF9D,0xEF9D,0xF79D,0xF79D,0xF79D,0xEF9D,0xEF9D,0xF79D,0xF79D,0xF79D,
0xF79D,0xF77D,0xF77D,0xF79D,0xEF9D,0xEF7D,0xEF7D,0xF79E,0xF79E,0xF79E,0xF79E,0xF79E,0xEF9D,0xF79D,0xF79D,0xF79D,
0xF79D,0xEF9D,0xEF9D,0xEF9D,0xEF9D,0xF79D,0xEF9D,0xEF9D,0xEF9D,0xF79D,0xEF9D,0xEF9D,0xF79D,0xF79D,0xEF7D,0xEF7D,
0xEF7D,0xEF9D,0xF79D,0xF79D,0xEF9D,0xF79D,0xF79D,0xEF9D,0xEF9D,0xEF9D,0xEF9D,0xF79D,0xF79D,0xF77D,0xEF7D,0xF79D,
0xF79D,0xF79D,0xEF9D,0xEF9D,0xF79D,0xF79D,0xEF9D,0xEF9D,0xF79D,0xF79D,0xF79D,0xF79D,0xF79D,0xEF9D,0xF79D,0xF79D,
0xF79D,0xF79D,0xEF9D,0xEF9D,0xF79D,0xF79D,0xEF9D,0xEF9D,0xF79D,0xF79D,0xF79D,0xF79D,0xF79D,0xF79D,0xF79D,0xF79D,
0xEF9D,0xEF9D,0xEF9D,0xEF9D,0xF7BD,0xEE16,0xD38A,0xDBCB,0xD3CB,0xDBCB,0xDBCB,0xD3AB,0xDBCB,0xDBCB,0xDBCB,0xDBCB,
0xD3AB,0xDBCB,0xDBCB,0xDBAB,0xDBAB,0xDBAB,0xDBAB,0xD3AB,0xD3AB,0xDBCB,0xDBCB,0xDBCB,0xDBCB,0xD3AB,0xD3AB,0xDBCB,
0xDBCB,0xDBCB,0xDBCB,0xDBCB,0xDBCB,0xD3AB,0xDBAB,0xDBAB,0xDBAB,0xDBAB,0xDBCB,0xD3AB,0xD3CB,0xD3CB,0xD3CB,0xDBCB,
0xDBCB,0xDBCB,0xDBCB,0xDBCB,0xDBCB,0xDBCB,0xDBCB,0xDBCB,0xD3AB,0xDBAB,0xDBAB,0xDBAB,0xDBAB,0xDBCB,0xDBCB,0xDBCB,
0xDBCB,0xDBAB,0xDBCB,0xDBCB,0xDBCB,0xDBCB,0xDBCB,0xDBCB,0xD3CB,0xD3CB,0xDBCB,0xDBCB,0xD3CB,0xDBCB,0xD3CB,0xDBCB,
0xDBCB,0xDBCB,0xDBCB,0xDBCB,0xDBCC,0xDBCB,0xDBCB,0xDBCB,0xDBCB,0xDBCB,0xDBCB,0xDBCB,0xDBCB,0xDBCB,0xDBCB,0xDBCB,
0xDBCB,0xDBAB,0xDBAB,0xDBAB,0xDBAB,0xDBCB,0xDBAB,0xDBAB,0xDBCB,0xDBCB,0xDBCB,0xDBCB,0xDBCB,0xDBAB,0xDBAB,0xDBAB,
0xDBAB,0xDBCB,0xDBAB,0xDBAB,0xD3AB,0xDBAB,0xDBCB,0xDBAB,0xDBCB,0xD3AA,0xCC6E,0xF75C,0xEF9D,0xF79D,0xF79D,0xF79D,
0xF79D,0xF79D,0xF79D,0xF79D,0xF79D,0xEF9D,0xEF9D,0xEF9D,0xEF7D,0xEF7D,0xF79D,0xF79D,0xF79D,0xF79D,0xEF9D,0xF79D,
0xF79D,0xF79D,0xF79D,0xF79D,0xEF9D,0xF79D,0xEF9D,0xF79D,0xEF9D,0xEF7D,0xEF9D,0xF79D,0xF79D,0xF79D,0xF77D,0xEF9D,
0xEF9D,0xF79D,0xF79D,0xF79D,0xF79D,0xF79D,0xEF7D,0xEF7D,0xEF9D,0xEF9D,0xF79D,0xEF7D,0xEF7D,0xF79D,0xF79D,0xF79D,
0xF79D,0xEF9D,0xF79D,0xF79D,0xF79D,0xF79D,0xEF9D,0xF79D,0xF79D,0xF79D,0xF79D,0xF77D,0xF77D,0xF77D,0xF77D,0xEF7D,
0xEF9D,0xEF7D,0xF79E,0xF79E,0xF79E,0xF79E,0xF79E,0xEF7D,0xEF9D,0xF79D,0xF79D,0xF79D,0xF79D,0xF79D,0xF79D,0xEF9D,
0xEF9D,0xEF7D,0xEF9D,0xF79D,0xF79D,0xEF7D,0xEF7D,0xF79D,0xF79D,0xEF7D,0xEF7D,0xEF7D,0xF79D,0xF79D,0xEF9D,0xF79D,
0xEF9D,0xF79D,0xF79D,0xEF7D,0xEF9D,0xEF9D,0xEF7D,0xF77D,0xF79D,0xF79D,0xEF9D,0xEF9D,0xEF9D,0xEF9D,0xF79D,0xF79D,
0xEF9D,0xF79D,0xF79D,0xF79D,0xF79D,0xEF9D,0xF79D,0xF79D,0xF79D,0xF79D,0xF79D,0xF79D,0xF79D,0xEF9D,0xEF9D,0xF79D,
0xF79D,0xF79D,0xF79D,0xF79D,0xEF9D,0xF79D,0xF79D,0xF79D,0xEF9D,0xEF9D,0xEF9D,0xEF9D,0xEF7D,0xEF7D,0xF79D,0xF7BE,
0xEE16,0xCB8A,0xDBCB,0xD3CB,0xDBCB,0xDBCB,0xDBCB,0xDBCB,0xDBCB,0xDBCB,0xD3CB,0xDBCB,0xDBCB,0xDBAB,0xDBCB,0xDBAB,
0xDBAB,0xDBAB,0xDBAB,0xD3AB,0xDBAB,0xDBCB,0xD3CB,0xD3CB,0xD3AB,0xD3AB,0xD3CB,0xD3AB,0xDBCB,0xD3AB,0xDBCB,0xD3AB,
0xDBCB,0xDBAB,0xDBAB,0xDBAB,0xDBAB,0xD3AB,0xD3CB,0xD3CB,0xDBCB,0xDBCB,0xDBCB,0xDBCB,0xDBCB,0xD3CB,0xDBCB,0xDBCB,
0xDBCB,0xDBCB,0xD3CB,0xD3AB,0xDBAB,0xDBAB,0xDBAB,0xDBAB,0xDBAB,0xDBAB,0xDBAB,0xDBCB,0xD3CB,0xD3CB,0xDBCB,0xDBCB,
0xDBCB,0xDBCB,0xD3CB,0xD3CB,0xD3CB,0xDBCB,0xDBCB,0xDBCB,0xDBCB,0xDBCB,0xDBCC,0xDBCC,0xDBCC,0xDBCB,0xDBCB,0xDBCB,
0xDBEB,0xDBEB,0xDBCB,0xDBCB,0xDBCB,0xDBCB,0xDBCB,0xDBCB,0xDBCB,0xDBCB,0xDBCB,0xDBCB,0xDBCB,0xD3AB,0xD3AB,0xD3AB,
0xDBAB,0xDBCB,0xDBAB,0xDBAB,0xDBAB,0xDBCB,0xDBCB,0xDBAB,0xD3AB,0xDBCB,0xDBCB,0xD3AB,0xDBCB,0xDBAB,0xD3AB,0xD3AB,
0xDBCB,0xDBCB,0xDBAB,0xDBCB,0xD38A,0xD44E,0xF75C,0xEF9D,0xF79D,0xF79D,0xF79D,0xF79D,0xF79D,0xF79D,0xEF9D,0xF79D,
0xF79D,0xEF9D,0xEF7D,0xEF9D,0xEF9D,0xEF9D,0xEF9D,0xF79D,0xEF9D,0xEF9D,0xF79D,0xF79D,0xF79D,0xF79D,0xF79D,0xF79D,
0xF79D,0xEF9D,0xF79D,0xF79D,0xF79D,0xEF9D,0xF79D,0xF79D,0xF79D,0xF79D,0xEF9D,0xEF9D,0xF79D,0xF79D,0xF79D,0xF79D,
0xF79D,0xEF7D,0xEF9D,0xEF9D,0xEF9D,0xEF9D,0xF79D,0xF79D,0xF79D,0xF79D,0xF79D,0xEF9D,0xEF9D,0xF79D,0xEF9D,0xEF9D,
0xEF9D,0xEF9D,0xF79D,0xF77D,0xF79D,0xF77D,0xF77D,0xF77D,0xF77D,0xF77D,0xEF7D,0xEF9D,0xEF9D,0xF79E,0xF79E,0xF79E,
0xF79E,0xF79E,0xEF9D,0xF79D,0xF79D,0xF79D,0xF79D,0xF79D,0xF79D,0xF79D,0xF79D,0xEF7D,0xEF7D,0xF79D,0xF79D,0xEF9D,
0xEF9D,0xEF7D,0xF79D,0xF79D,0xEF7D,0xEF7D,0xEF9D,0xEF9D,0xEF7D,0xEF9D,0xF79D,0xEF7D,0xEF7D,0xEF9D,0xEF7D,0xEF9D,
0xF79D,0xF77D,0xF77D,0xF79D,0xF79D,0xEF9D,0xF79D,0xEF9D,0xEF9D,0xEF9D,0xEF9D,0xEF9D,0xF79D,0xF79D,0xF79D,0xF79D,
0xEF9D,0xEF9D,0xF79D,0xF79D,0xF79D,0xF79D,0xF79D,0xEF9D,0xEF9D,0xF79D,0xF79D,0xF79D,0xF79D,0xF79D,0xF79D,0xEF9D,
0xF79D,0xF79D,0xF79D,0xF79D,0xF79D,0xF79D,0xF79D,0xF79D,0xEF9D,0xF79D,0xF7BE,0xEE36,0xCB8A,0xDBCB,0xDBCB,0xDBCB,
0xDBCB,0xDBCB,0xDBCB,0xDBCB,0xDBCB,0xDBCB,0xDBCB,0xDBCB,0xDBAB,0xDBCB,0xDBCB,0xDBAB,0xDBAB,0xDBAB,0xD3AB,0xD3AB,
0xDBCB,0xD3CB,0xD3CB,0xD3CB,0xDBCB,0xD3CB,0xD3AB,0xD3AB,0xD3AB,0xD3AB,0xDBCB,0xDBCB,0xDBAB,0xDBAB,0xDBAB,0xDBCB,
0xDBCB,0xD3CB,0xD3CB,0xD3CB,0xD3CB,0xDBCB,0xDBCB,0xDBCB,0xDBCB,0xDBCB,0xDBCB,0xDBCB,0xDBCB,0xDBCB,0xD3CB,0xDBAB,
0xDBAB,0xDBAB,0xDBAB,0xDBAB,0xDBAB,0xD3CB,0xD3CB,0xD3CB,0xD3CB,0xD3CB,0xD3AB,0xD3AB,0xDBCB,0xDBCB,0xDBCB,0xD3CB,
0xDBCB,0xDBCB,0xDBCB,0xDBCB,0xDBCB,0xDBCB,0xDBCB,0xDBCB,0xDBCB,0xDBCB,0xDBCB,0xDBCB,0xDBCB,0xDBCB,0xDBCB,0xDBCB,
0xD3CB,0xDBCB,0xDBCB,0xDBCB,0xDBCB,0xDBCB,0xDBCB,0xDBCB,0xDBCB,0xD3AB,0xD3AB,0xD3AB,0xD3AB,0xDBAB,0xDBAB,0xDBAB,
0xDBCB,0xDBCB,0xDBCB,0xD3AB,0xDBCB,0xDBCB,0xDBCB,0xDBCB,0xDBCB,0xDBCB,0xDBCB,0xDBCB,0xDBCB,0xDBAB,0xDBCB,0xDB8A,
0xD44E,0xF75C,0xEF9D,0xF79D,0xF79D,0xF79D,0xF79D,0xF79D,0xF79D,0xF79D,0xF79D,0xF79D,0xF79D,0xEF9D,0xF79D,0xF79D,
0xEF9D,0xF79D,0xF79D,0xEF9D,0xEF9D,0xF79D,0xF79D,0xF79D,0xF79D,0xF79D,0xEF9D,0xF79D,0xF79D,0xF79D,0xEF9D,0xF79D,
0xF79D,0xEF9D,0xF79D,0xEF9D,0xEF9D,0xEF9D,0xF79D,0xF79D,0xF79D,0xF79D,0xF79D,0xF79D,0xF79D,0xF79D,0xF79D,0xF79D,
0xF79D,0xF79D,0xF79D,0xEF9D,0xF79D,0xF79D,0xF79D,0xF79D,0xF79D,0xF79D,0xF79D,0xEF9D,0xEF9D,0xF79D,0xF79D,0xF79D,
0xF79D,0xF79D,0xF79D,0xF77D,0xF79D,0xEF9D,0xEF9D,0xEF9D,0xF79E,0xF79E,0xF79E,0xF79E,0xF79E,0xEF9D,0xF79D,0xF79D,
0xF79D,0xF79D,0xF79D,0xF79D,0xF79D,0xF79D,0xEF9D,0xF79D,0xF79D,0xEF9D,0xEF9D,0xEF9D,0xF79D,0xF79D,0xEF9D,0xEF9D,
0xEF9D,0xEF9D,0xEF9D,0xEF9D,0xF79D,0xEF9D,0xEF9D,0xEF9D,0xEF9D,0xEF7D,0xEF7D,0xEF9D,0xF77D,0xEF7D,0xF77D,0xEF9D,
0xEF9D,0xF79D,0xF79D,0xF79D,0xEF9D,0xEF9D,0xEF9D,0xF79D,0xF79D,0xF79D,0xF79D,0xF79D,0xF79D,0xEF9D,0xF79D,0xF79D,
0xEF9D,0xEF9D,0xEF9D,0xF79D,0xF79D,0xF79D,0xF79D,0xF79D,0xF79D,0xF79D,0xF79D,0xF79D,0xF79D,0xF79D,0xF79D,0xEF9D,
0xEF9D,0xF79D,0xF79D,0xF79D,0xEF9D,0xF7BE,0xEE36,0xD38A,0xDBCB,0xDBCB,0xDBCB,0xDBCB,0xDBCB,0xDBCB,0xDBCB,0xDBCB,
0xDBCB,0xDBCB,0xDBCB,0xDBCB,0xDBCB,0xDBAB,0xDBAB,0xDBAB,0xDBCB,0xDBCB,0xDBCB,0xDBCB,0xDBCB,0xD3CB,0xDBCB,0xDBCB,
0xD3CB,0xDBCB,0xDBCB,0xD3AB,0xD3AB,0xD3AB,0xD3AB,0xD3AB,0xD3AB,0xDBCB,0xDBCB,0xD3AB,0xD3CB,0xD3CB,0xD3CB,0xD3CB,
0xDBCB,0xDBCB,0xDBCB,0xDBCB,0xDBCB,0xDBCB,0xDBCB,0xD3CB,0xD3CB,0xDBAB,0xDBAB,0xDBAB,0xDBAB,0xDBAB,0xDBAB,0xDBCB,
0xDBCB,0xDBCB,0xDBCB,0xDBCB,0xDBCB,0xDBCB,0xDBCB,0xDBCB,0xDBCB,0xDBCB,0xD3CB,0xDBCB,0xD3CB,0xDBCB,0xDBCB,0xDBCB,
0xDBCB,0xDBCB,0xDBCB,0xDBCB,0xDBCB,0xDBCB,0xDBCB,0xDBCB,0xDBCB,0xDBCB,0xDBCB,0xDBCB,0xDBCB,0xDBCB,0xDBCB,0xDBCB,
0xDBCB,0xDBCB,0xDBCB,0xDBCB,0xD3CB,0xD3CB,0xDBCB,0xDBCB,0xDBCB,0xDBCB,0xDBAB,0xDBCB,0xDBCB,0xD3AB,0xD3AB,0xDBCB,
0xDBCB,0xD3CB,0xDBCC,0xDBCC,0xDBCB,0xDBCB,0xDBCB,0xDBCB,0xDBAB,0xDBCB,0xDBAA,0xD46E,0xF75C,0xEF9D,0xF79D,0xF79D,
0xF79D,0xF79D,0xF79D,0xEF9D,0xEF9D,0xF79D,0xF79D,0xF79D,0xF79D,0xF79D,0xF79D,0xF79D,0xF79D,0xF79D,0xF79D,0xF79D,
0xF79D,0xF79D,0xF79D,0xF79D,0xEF9D,0xEF9D,0xF79D,0xF79D,0xEF9D,0xEF9D,0xF79D,0xF79D,0xF79D,0xF79D,0xF79D,0xF79D,
0xF79D,0xF79D,0xF79D,0xF79D,0xF79D,0xF79D,0xF79D,0xF79D,0xEF9D,0xF79D,0xEF9D,0xEF9D,0xF79D,0xF79D,0xF79D,0xF79D,
0xF79D,0xF79D,0xF79D,0xF79D,0xF79D,0xF79D,0xF79D,0xF79D,0xF79D,0xF79D,0xF79D,0xF79D,0xF79D,0xF79D,0xF77D,0xF77D,
0xEF9D,0xEF9D,0xEF7D,0xF79E,0xF79E,0xF79E,0xF79E,0xF79E,0xEF9D,0xF79D,0xF79D,0xF79D,0xEF9D,0xEF9D,0xF79D,0xF79D,
0xEF7D,0xEF9D,0xEF9D,0xEF7D,0xEF7D,0xEF9D,0xEF9D,0xF79D,0xF79D,0xEF9D,0xF79D,0xF79D,0xEF9D,0xEF9D,0xEF9D,0xEF9D,
0xF79D,0xF79D,0xF79D,0xEF9D,0xEF9D,0xEF9D,0xEF7D,0xEF7D,0xEF7D,0xEF7D,0xF79D,0xF79D,0xEF9D,0xF79D,0xF79D,0xF79D,
0xF79D,0xEF9D,0xEF9D,0xF79D,0xF79D,0xF79D,0xF79D,0xF79D,0xF79D,0xEF9D,0xF79D,0xEF9D,0xEF9D,0xF79D,0xF79D,0xF79D,
0xEF9D,0xEF9D,0xF79D,0xF79D,0xF79D,0xF79D,0xF79D,0xF79D,0xF79D,0xEF9D,0xF79D,0xF79D,0xF79D,0xF79D,0xEF9D,0xEF9D,
0xF7BE,0xEE36,0xD38A,0xDBCB,0xDBCB,0xDBCB,0xDBCB,0xDBCB,0xDBCB,0xDBCB,0xDBCB,0xDBCB,0xDBCB,0xDBCB,0xDBCB,0xDBCB,
0xDBCB,0xD3AB,0xD3AB,0xD3CB,0xDBCB,0xDBCB,0xDBCB,0xDBCB,0xD3CB,0xDBCB,0xDBCB,0xD3CB,0xDBCB,0xDBCB,0xD3AB,0xDBCB,
0xD3AB,0xD3AB,0xD3AB,0xDBCB,0xD3AB,0xDBCB,0xD3AB,0xDBCB,0xD3CB,0xDBCB,0xDBCB,0xDBCB,0xDBCB,0xDBCB,0xDBCB,0xDBCB,
0xDBCB,0xD3CB,0xD3CB,0xD3CB,0xD3CB,0xDBAB,0xDBAB,0xDBCB,0xDBAB,0xDBAB,0xDBAB,0xDBCB,0xDBCB,0xDBCB,0xDBCB,0xDBCB,
0xDBCB,0xDBAB,0xDBAB,0xDBCB,0xDBCB,0xDBCB,0xDBCB,0xD3AB,0xDBCB,0xDBCB,0xDBCB,0xDBCB,0xDBCB,0xDBCB,0xDBCB,0xDBCB,
0xDBCB,0xDBCB,0xDBCB,0xDBCB,0xDBCB,0xDBCB,0xDBCB,0xDBCB,0xDBCB,0xD3AB,0xD3CB,0xDBCB,0xDBCB,0xDBCB,0xDBCB,0xDBCB,
0xD3CB,0xDBCB,0xDBCB,0xDBCB,0xDBCB,0xDBCB,0xDBCB,0xDBCB,0xD3AB,0xDBCB,0xD3CB,0xD3CB,0xDBCB,0xDBCB,0xDBCB,0xDBCB,
0xDBCB,0xDBCB,0xDBCB,0xDBCB,0xDBCB,0xD3AA,0xD46E,0xF75C,0xEF9D,0xF79D,0xF79D,0xF79D,0xEF9D,0xF79D,0xF79D,0xEF9D,
0xF79D,0xF79D,0xEF9D,0xF79D,0xF79D,0xF79D,0xF79D,0xEF9D,0xEF9D,0xF79D,0xF79D,0xF79D,0xF79D,0xEF9D,0xF79D,0xEF9D,
0xEF9D,0xF77D,0xF79D,0xF79D,0xF79D,0xF79D,0xF79D,0xF79D,0xF79D,0xF79D,0xF79D,0xF79D,0xF79D,0xF79D,0xF79D,0xF79D,
0xF79D,0xF79D,0xF79D,0xF79D,0xEF9D,0xEF9D,0xF79D,0xF79D,0xF79D,0xF79D,0xF79D,0xF79D,0xF79D,0xF79D,0xF79D,0xF79D,
0xEF9D,0xEF9D,0xF79D,0xEF9D,0xEF9D,0xEF9D,0xF79D,0xEF9D,0xEF9D,0xF79D,0xEF7D,0xEF9D,0xEF7D,0xEF7D,0xF79E,0xF79E,
0xF79E,0xF79E,0xF79E,0xEF7D,0xF79D,0xF79D,0xF79D,0xEF9D,0xEF9D,0xEF9D,0xF79D,0xEF9D,0xEF9D,0xEF9D,0xEF7D,0xEF7D,
0xEF7D,0xF79D,0xF79D,0xF79D,0xEF9D,0xEF9D,0xEF9D,0xEF9D,0xEF9D,0xEF9D,0xEF9D,0xF79D,0xEF9D,0xEF9D,0xEF9D,0xEF9D,
0xEF9D,0xEF9D,0xF77D,0xF77D,0xEF7D,0xF79D,0xEF9D,0xEF7D,0xEF9D,0xEF9D,0xEF9D,0xF79D,0xEF9D,0xEF9D,0xF79D,0xF79D,
0xF79D,0xEF9D,0xF79D,0xF79D,0xEF9D,0xF79D,0xEF9D,0xEF9D,0xF79D,0xF79D,0xF79D,0xEF9D,0xEF9D,0xF79D,0xF79D,0xF79D,
0xF79D,0xF79D,0xF79D,0xEF9D,0xEF9D,0xEF9D,0xEF9D,0xEF9D,0xF79D,0xEF9D,0xEF9D,0xF7BE,0xEE36,0xCB8A,0xDBCB,0xDBCB,
0xDBCB,0xDBCB,0xDBCB,0xDBCB,0xDBCB,0xDBCB,0xDBAB,0xD3AB,0xDBCB,0xDBCB,0xDBCB,0xDBCB,0xD3AB,0xD3CB,0xDBCB,0xDBCB,
0xDBCB,0xDBCB,0xDBCB,0xDBCB,0xDBCB,0xDBCB,0xDBCB,0xDBCB,0xDBCB,0xDBCB,0xDBCB,0xDBCB,0xDBCB,0xDBCB,0xD3CB,0xD3AB,
0xDBCB,0xDBCB,0xDBCB,0xD3AB,0xDBCB,0xDBCB,0xDBCB,0xDBCB,0xD3CB,0xDBCB,0xD3CB,0xD3CB,0xDBCB,0xDBCB,0xDBCB,0xDBCB,
0xDBCB,0xDBCB,0xDBCB,0xD3CB,0xD3CB,0xDBCB,0xDBCB,0xDBCB,0xDBCB,0xDBCB,0xDBAB,0xDBAB,0xDBAB,0xDBAB,0xDBCB,0xDBCB,
0xDBCB,0xDBAB,0xD3AB,0xDBAB,0xDBCB,0xDBCB,0xDBCB,0xDBCB,0xDBCB,0xDBCB,0xDBCB,0xDBCB,0xDBCB,0xD3CB,0xD3CB,0xDBCB,
0xDBCB,0xDBCB,0xDBCB,0xD3AB,0xD3AB,0xD3AB,0xDBCB,0xDBCB,0xDBCB,0xDBCB,0xD3CB,0xD3CB,0xDBCB,0xD3CB,0xDBCB,0xDBCB,
0xDBCB,0xDBCB,0xDBCB,0xDBCB,0xDBCB,0xD3CB,0xD3CB,0xDBCB,0xDBCB,0xDBCB,0xDBCB,0xDBCB,0xDBCB,0xDBCB,0xDBCB,0xDBCB,
0xD3AA,0xD46E,0xF75B,0xEF9D,0xF79D,0xF79D,0xF79D,0xEF9D,0xF79D,0xF79D,0xF79D,0xF79D,0xF79D,0xF79D,0xF79D,0xF79D,
0xF79D,0xF79D,0xEF9D,0xEF9D,0xEF9D,0xEF9D,0xEF9D,0xEF9D,0xEF9D,0xF79D,0xF79D,0xEF9D,0xF77D,0xF79D,0xF79D,0xF79D,
0xF79D,0xF79D,0xF79D,0xF79D,0xEF9D,0xF79D,0xEF9D,0xF79D,0xEF9D,0xF79D,0xF79D,0xF79D,0xF79D,0xF79D,0xF79D,0xF79D,
0xF79D,0xF79D,0xEF9D,0xF79D,0xF79D,0xF79D,0xF79D,0xEF9D,0xEF9D,0xF79D,0xF79D,0xF79D,0xEF9D,0xF79D,0xEF9D,0xEF9D,
0xEF9D,0xF79D,0xEF9D,0xF79D,0xEF9D,0xEF9D,0xEF9D,0xEF7D,0xEF7D,0xF79E,0xF79E,0xF79E,0xF79E,0xF79E,0xEF7D,0xEF7D,
0xEF9D,0xF79D,0xF79D,0xF79D,0xEF9D,0xEF9D,0xEF9D,0xEF9D,0xF79D,0xEF9D,0xEF9D,0xEF7D,0xEF9D,0xEF9D,0xEF7D,0xEF9D,
0xEF9D,0xEF7D,0xEF7D,0xEF9D,0xEF9D,0xEF9D,0xEF9D,0xEF9D,0xEF9D,0xEF9D,0xEF9D,0xEF9D,0xF79D,0xF77D,0xEF7D,0xF77D,
0xEF9D,0xEF7D,0xEF7D,0xEF9D,0xEF7D,0xEF7D,0xEF9D,0xEF9D,0xEF9D,0xF79D,0xF79D,0xF79D,0xEF9D,0xF79D,0xF79D,0xF79D,
0xF79D,0xF79D,0xF79D,0xEF9D,0xF79D,0xF79D,0xEF9D,0xEF9D,0xEF9D,0xF79D,0xF79D,0xF79D,0xF79D,0xEF9D,0xEF9D,0xF79D,
0xF79D,0xF79D,0xEF9D,0xF79D,0xEF9D,0xEF9D,0xF7BE,0xEE16,0xCB8A,0xDBCB,0xDBCB,0xDBCB,0xDBCB,0xDBCB,0xDBCB,0xDBCB,
0xD3AB,0xDBCB,0xD3AB,0xD3AB,0xDBCB,0xDBCB,0xDBCB,0xDBCB,0xDBCB,0xDBCB,0xDBCB,0xDBCB,0xDBCB,0xDBCB,0xDBCB,0xD3CB,
0xDBCB,0xD3CB,0xD3CB,0xDBCB,0xDBCB,0xDBCB,0xDBCB,0xDBCB,0xDBCB,0xDBAB,0xDBCB,0xDBCB,0xDBCB,0xD3AB,0xD3AB,0xDBCB,
0xDBCB,0xDBCB,0xDBCB,0xD3CB,0xDBCB,0xDBCB,0xDBCB,0xDBCC,0xDBCB,0xD3CB,0xD3CB,0xDBCB,0xDBCB,0xDBCB,0xDBCB,0xD3CB,
0xDBCB,0xD3CB,0xDBCB,0xD3CB,0xD3CB,0xDBAB,0xDBAB,0xDBAB,0xDBAB,0xDBCB,0xDBCB,0xDBCB,0xDBCB,0xDBCB,0xDBCB,0xDBCB,
0xDBCB,0xDBCB,0xDBCB,0xDBCB,0xD3CB,0xD3CB,0xDBCB,0xD3CB,0xD3CB,0xDBCB,0xDBCB,0xDBCB,0xDBCB,0xDBCB,0xDBCB,0xD3AB,
0xDBAB,0xDBCB,0xDBCB,0xD3CB,0xD3CB,0xD3CB,0xD3CB,0xD3CB,0xDBCB,0xDBCB,0xDBCB,0xDBCB,0xDBCB,0xDBCB,0xDBCB,0xDBCB,
0xDBCB,0xDBCB,0xDBCB,0xDBCB,0xDBCB,0xDBCB,0xDBCC,0xDBCC,0xDBCB,0xDBCB,0xDBCB,0xD3AA,0xD46E,0xF75C,0xEF9D,0xF79D,
0xF79D,0xF79D,0xF79D,0xF79D,0xF79D,0xF79D,0xEF9D,0xEF9D,0xF79D,0xF79D,0xF79D,0xEF9D,0xEF9D,0xEF9D,0xEF9D,0xEF9D,
0xEF9D,0xEF9D,0xEF9D,0xEF9D,0xF79D,0xF79D,0xF79D,0xF79D,0xF79D,0xF79D,0xF79D,0xF79D,0xF79D,0xEF9D,0xEF9D,0xF79D,
0xF79D,0xEF9D,0xF79D,0xF79D,0xF79D,0xF79D,0xF79D,0xF79D,0xF79D,0xF79D,0xF79D,0xF79D,0xEF9D,0xEF9D,0xEF9D,0xF79D,
0xF79D,0xF79D,0xEF9D,0xEF9D,0xF79D,0xF79D,0xF79D,0xF79D,0xF79D,0xEF9D,0xEF9D,0xEF9D,0xF79D,0xF79D,0xEF9D,0xEF9D,
0xEF9D,0xF79D,0xEF7D,0xEF7D,0xF79E,0xF79E,0xF79E,0xF79E,0xF79E,0xF79D,0xEF9D,0xEF9D,0xF79D,0xF79D,0xF79D,0xF79D,
0xEF9D,0xEF7D,0xEF7D,0xEF9D,0xEF9D,0xEF9D,0xF79D,0xEF9D,0xEF7D,0xEF7D,0xEF9D,0xEF9D,0xEF7D,0xEF9D,0xEF9D,0xEF7D,
0xEF9D,0xEF9D,0xEF7D,0xEF9D,0xEF9D,0xEF7D,0xEF9D,0xF77D,0xEF7D,0xEF7D,0xEF7D,0xEF7D,0xEF9D,0xEF9D,0xF79D,0xEF9D,
0xEF7D,0xEF9D,0xEF9D,0xF79D,0xF79D,0xF79D,0xF79D,0xF79D,0xF79D,0xF79D,0xF79D,0xF79D,0xF79D,0xF79D,0xEF9D,0xEF9D,
0xF79D,0xEF9D,0xEF9D,0xF79D,0xF79D,0xF79D,0xF79D,0xF79D,0xEF9D,0xEF9D,0xF79D,0xF79D,0xF79D,0xF79D,0xF79D,0xEF9D,
0xEF9D,0xF7BE,0xEE16,0xD38A,0xDBCB,0xDBCB,0xDBCB,0xDBCB,0xDBCB,0xDBCB,0xD3AB,0xD3AB,0xDBCB,0xDBCB,0xD3AB,0xDBCB,
0xDBCB,0xDBCB,0xDBCB,0xDBCB,0xDBCB,0xDBCB,0xDBCB,0xDBCB,0xD3CB,0xD3CB,0xDBCB,0xDBCB,0xD3CB,0xD3AB,0xD3AB,0xDBCB,
0xDBCB,0xDBCB,0xDBCB,0xDBCB,0xDBCB,0xDBCB,0xDBCB,0xDBCB,0xD3CB,0xD3CB,0xDBCB,0xDBCB,0xDBCB,0xDBCB,0xDBCB,0xDBCB,
0xD3CB,0xDBCB,0xDBCB,0xDBCB,0xD3CB,0xD3CB,0xDBAB,0xDBAB,0xD3CB,0xDBCB,0xDBCB,0xD3CB,0xD3CB,0xD3CB,0xDBCB,0xD3CB,
0xDBCB,0xDBCB,0xDBCB,0xDBCB,0xDBCB,0xDBCB,0xD3CB,0xDBCB,0xDBCB,0xDBCB,0xDBCB,0xDBCB,0xDBCB,0xDBCB,0xDBCB,0xDBCB,
0xDBCB,0xD3CB,0xDBCB,0xDBCB,0xDBCB,0xDBCB,0xDBCB,0xDBCB,0xDBCB,0xDBCB,0xD3CB,0xDBCB,0xDBCB,0xDBCB,0xDBCB,0xD3CB,
0xDBCB,0xDBCB,0xDBCB,0xDBCB,0xDBCB,0xDBCB,0xDBCB,0xDBCB,0xDBCB,0xDBCB,0xDBCB,0xDBCB,0xDBCB,0xDBCB,0xDBCB,0xDBCB,
0xDBCB,0xDBCC,0xDBCB,0xDBCB,0xDBCB,0xDBCB,0xD3AA,0xD46E,0xF75B,0xEF9D,0xF79D,0xF79D,0xF79D,0xF79D,0xF79D,0xF79D,
0xF79D,0xF79D,0xEF9D,0xF79D,0xF79D,0xF79D,0xF79D,0xF79D,0xF79D,0xF79D,0xF79D,0xEF9D,0xEF9D,0xF79D,0xF79D,0xEF9D,
0xEF9D,0xF79D,0xF79D,0xF79D,0xF79D,0xF79D,0xF79D,0xF79D,0xF79D,0xEF9D,0xF79D,0xF79D,0xF79D,0xF79D,0xF79D,0xF79D,
0xF79D,0xF79D,0xF79D,0xF79D,0xF79D,0xF79D,0xEF9D,0xEF9D,0xF79D,0xEF9D,0xEF9D,0xF79D,0xF79D,0xF79D,0xF79D,0xF79D,
0xEF9D,0xEF9D,0xF79D,0xF79D,0xF79D,0xF79D,0xF79D,0xF79D,0xEF9D,0xEF9D,0xF79D,0xF77D,0xF79D,0xEF7D,0xEF7D,0xF79E,
0xF79E,0xF79E,0xF79E,0xF79E,0xF79D,0xF79D,0xF79D,0xF79D,0xF79D,0xF79D,0xF79D,0xEF9D,0xEF9D,0xEF7D,0xEF7D,0xEF9D,
0xEF9D,0xF79D,0xF79D,0xEF9D,0xEF9D,0xF79D,0xEF9D,0xF79D,0xF79D,0xEF9D,0xEF9D,0xEF9D,0xEF9D,0xEF9D,0xEF9D,0xEF9D,
0xEF7D,0xEF9D,0xEF7D,0xEF9D,0xEF9D,0xEF9D,0xEF7D,0xEF9D,0xF79D,0xF79D,0xF79D,0xEF7D,0xEF9D,0xF79D,0xF79D,0xF79D,
0xEF9D,0xEF9D,0xF79D,0xEF9D,0xEF9D,0xF79D,0xF79D,0xF79D,0xEF9D,0xEF9D,0xF79D,0xF79D,0xF79D,0xF79D,0xF79D,0xF79D,
0xF79D,0xF79D,0xF79D,0xF79D,0xF79D,0xF79D,0xEF9D,0xEF9D,0xF79D,0xF79D,0xF79D,0xF79D,0xF7BD,0xEE36,0xD38A,0xDBCB,
0xDBCB,0xDBCB,0xDBCB,0xDBCB,0xDBCB,0xDBCB,0xDBCB,0xDBCB,0xDBCB,0xD3AB,0xDBAB,0xDBCB,0xDBCB,0xDBCB,0xDBCB,0xDBCB,
0xDBCB,0xDBCB,0xDBCB,0xD3CB,0xD3CB,0xDBCB,0xDBCB,0xDBCB,0xD3AB,0xD3AB,0xDBCB,0xD3AB,0xDBCB,0xDBCB,0xDBCB,0xD3AB,
0xDBCB,0xDBCB,0xDBCB,0xD3CB,0xDBCB,0xDBCB,0xDBCB,0xDBCB,0xDBCB,0xDBCB,0xD3CB,0xD3CB,0xD3CB,0xDBCB,0xDBCB,0xDBCB,
0xDBCB,0xDBAB,0xDBCB,0xD3CB,0xD3CB,0xDBCB,0xD3CB,0xDBCB,0xDBCB,0xDBCB,0xDBCB,0xD3CB,0xD3CB,0xDBCB,0xDBCB,0xDBCB,
0xDBCB,0xD3CB,0xD3CB,0xDBCB,0xDBCB,0xDBCB,0xDBCB,0xDBCB,0xDBCB,0xDBCB,0xDBCB,0xDBCB,0xDBCB,0xDBCB,0xDBCB,0xDBCB,
0xDBCB,0xDBCB,0xDBCB,0xDBCB,0xDBCB,0xD3CB,0xDBCB,0xDBCB,0xDBCB,0xDBCB,0xDBCB,0xDBCB,0xDBCB,0xDBCC,0xDBEB,0xD3CB,
0xDBEB,0xDBCB,0xDBCB,0xDBCB,0xDBCB,0xDBCB,0xDBCB,0xDBCB,0xDBCB,0xDBCB,0xDBCB,0xDBCB,0xDBCB,0xDBCB,0xDBCB,0xDBEB,
0xDBCB,0xD3AB,0xD46E,0xF75C,0xEF9D,0xF79D,0xF79D,0xEF9D,0xF79D,0xF79D,0xEF9D,0xEF9D,0xF79D,0xF79D,0xEF9D,0xF79D,
0xF79D,0xF79D,0xF79D,0xF79D,0xF79D,0xEF9D,0xEF9D,0xEF9D,0xF79D,0xF79D,0xF79D,0xEF9D,0xF79D,0xF79D,0xF79D,0xF79D,
0xF79D,0xF79D,0xEF9D,0xEF9D,0xF79D,0xF79D,0xF79D,0xF79D,0xF79D,0xF79D,0xF79D,0xF79D,0xF79D,0xF79D,0xEF9D,0xEF9D,
0xF79D,0xEF9D,0xEF9D,0xF79D,0xEF9D,0xEF9D,0xF79D,0xF79D,0xF79D,0xF79D,0xF79D,0xEF9D,0xEF9D,0xF79D,0xF79D,0xF79D,
0xF79D,0xF77D,0xF77D,0xF79D,0xF79D,0xF79D,0xF77D,0xF79D,0xEF7D,0xEF7D,0xF79E,0xF79E,0xF79E,0xF79E,0xF79E,0xEF7D,
0xEF9D,0xF79D,0xF79D,0xF79D,0xF79D,0xF79D,0xEF9D,0xEF9D,0xEF9D,0xEF9D,0xEF9D,0xEF9D,0xEF9D,0xEF9D,0xEF7D,0xEF9D,
0xF79D,0xEF9D,0xF79D,0xF79D,0xEF9D,0xEF9D,0xEF9D,0xEF9D,0xEF9D,0xEF7D,0xEF7D,0xF79D,0xEF9D,0xEF9D,0xEF9D,0xEF9D,
0xEF9D,0xEF7D,0xEF9D,0xEF9D,0xF79D,0xF79D,0xEF9D,0xF79D,0xF79D,0xF79D,0xF79D,0xEF9D,0xF79D,0xF79D,0xEF9D,0xEF9D,
0xF79D,0xF79D,0xF79D,0xEF9D,0xEF9D,0xF79D,0xF79D,0xF79D,0xF79D,0xF79D,0xF79D,0xF79D,0xF79D,0xEF9D,0xF79D,0xF79D,
0xF79D,0xEF9D,0xEF9D,0xF79D,0xF79D,0xF79D,0xF79D,0xF7BE,0xEE16,0xCB8A,0xDBAB,0xDBCB,0xD3CB,0xDBCB,0xDBCB,0xDBCB,
0xDBCB,0xDBCB,0xDBCB,0xD3AB,0xD3AB,0xDBAB,0xDBCB,0xDBCB,0xDBCB,0xDBCB,0xDBCB,0xDBCB,0xDBCB,0xDBCB,0xDBCB,0xD3CB,
0xDBCB,0xDBCB,0xD3AB,0xD3AB,0xD3AB,0xD3AB,0xD3AB,0xDBCB,0xDBCB,0xDBCB,0xDBCB,0xDBCB,0xDBCB,0xDBCB,0xD3CB,0xDBCB,
0xDBCB,0xDBCB,0xDBCB,0xDBCB,0xDBCB,0xDBCB,0xDBCB,0xD3CB,0xDBCB,0xDBCB,0xD3CB,0xDBCB,0xDBCB,0xD3AB,0xD3CB,0xDBCB,
0xDBCB,0xDBCB,0xDBCB,0xDBCB,0xD3CB,0xD3CB,0xD3CB,0xD3CB,0xDBCB,0xDBCB,0xD3CB,0xD3CB,0xDBCB,0xD3CB,0xDBCB,0xDBCB,
0xDBCB,0xDBCB,0xDBCB,0xDBCB,0xDBCB,0xDBCB,0xDBCB,0xDBCB,0xDBCB,0xDBCB,0xDBCB,0xDBCB,0xDBCB,0xDBCB,0xDBCB,0xDBCB,
0xDBCB,0xDBCB,0xDBCC,0xDBCB,0xDBCB,0xDBCB,0xDBCB,0xDBCB,0xDBCC,0xDBCB,0xDBCB,0xDBCB,0xDBCB,0xDBCB,0xDBCB,0xDBCB,
0xDBCB,0xDBCB,0xDBCB,0xDBCB,0xDBCB,0xDBCB,0xD3CB,0xDBCB,0xDBCB,0xDBCB,0xDBCB,0xDBCB,0xD3AB,0xD46F,0xF75C,0xEF9D,
0xF79D,0xF79D,0xEF9D,0xF79D,0xEF9D,0xEF9D,0xEF9D,0xF79D,0xF79D,0xF79D,0xF79D,0xF79D,0xF79D,0xF79D,0xF79D,0xF79D,
0xF79D,0xF79D,0xEF9D,0xEF9D,0xF79D,0xF79D,0xF79D,0xF79D,0xF79D,0xF79D,0xF79D,0xF79D,0xF79D,0xEF9D,0xF79D,0xF79D,
0xF79D,0xF79D,0xF79D,0xF79D,0xF79D,0xF79D,0xF79D,0xF79D,0xF79D,0xEF9D,0xEF9D,0xF79D,0xF79D,0xF79D,0xF79D,0xEF9D,
0xF79D,0xF79D,0xF79D,0xF79D,0xF79D,0xF79D,0xF79D,0xEF9D,0xEF9D,0xF79D,0xF79D,0xF79D,0xF77D,0xF77D,0xF79D,0xF79D,
0xF77D,0xF77D,0xF79D,0xEF9D,0xEF7D,0xF79E,0xF79E,0xF79E,0xF79E,0xF79E,0xEF7D,0xEF9D,0xF79D,0xF79D,0xF79D,0xF79D,
0xF79D,0xEF9D,0xEF9D,0xEF9D,0xEF9D,0xEF9D,0xEF9D,0xEF9D,0xEF9D,0xEF9D,0xEF9D,0xEF7D,0xEF7D,0xEF9D,0xEF9D,0xEF7D,
0xEF7D,0xF79D,0xEF9D,0xEF7D,0xEF7D,0xF77D,0xF77D,0xF77D,0xEF7D,0xEF7D,0xEF7D,0xEF7D,0xEF7D,0xEF7D,0xEF7D,0xEF7D,
0xEF9D,0xEF9D,0xF79D,0xF79D,0xF79D,0xF79D,0xF79D,0xF79D,0xF79D,0xF79D,0xF79D,0xF79D,0xEF9D,0xEF9D,0xF79D,0xF79D,
0xEF9D,0xEF9D,0xEF9D,0xEF9D,0xEF9D,0xEF9D,0xEF9D,0xEF9D,0xEF9D,0xF79D,0xEF9D,0xF79D,0xF79D,0xF79D,0xF79D,0xF79D,
0xF79D,0xF79D,0xF7BE,0xEE16,0xCB8A,0xDBAB,0xD3CB,0xD3AB,0xDBCB,0xDBCB,0xDBCB,0xDBCB,0xDBCB,0xD3AB,0xDBCB,0xDBCB,
0xDBCB,0xD3AB,0xD3AB,0xD3CB,0xDBCB,0xDBCB,0xDBCB,0xDBCB,0xDBCB,0xDBCB,0xDBCB,0xDBCB,0xDBAB,0xDBAB,0xD3CB,0xD3AB,
0xDBAB,0xDBCB,0xDBCB,0xDBCB,0xDBCB,0xDBCB,0xDBCB,0xDBCB,0xDBCB,0xD3CB,0xD3CB,0xD3CB,0xD3CB,0xD3CB,0xD3CB,0xDBCB,
0xDBCB,0xDBCB,0xD3CB,0xDBCB,0xDBCB,0xD3CB,0xDBCB,0xDBCB,0xDBCB,0xD3CB,0xDBCB,0xD3CB,0xDBCB,0xDBCB,0xD3CB,0xD3CB,
0xD3CB,0xDBCB,0xDBCB,0xDBCB,0xDBCB,0xD3CB,0xD3CB,0xDBCB,0xDBCB,0xD3CB,0xDBCB,0xDBCB,0xD3CB,0xD3CB,0xDBCB,0xD3CB,
0xDBCB,0xDBCB,0xD3CB,0xDBCB,0xDBCB,0xDBCB,0xDBCB,0xDBCB,0xDBCB,0xDBCB,0xDBCB,0xDBCB,0xDBCB,0xDBCB,0xDBCC,0xDBCB,
0xD3CB,0xDBCB,0xDBCB,0xDBCB,0xDBCB,0xDBCC,0xDBAB,0xDBAB,0xDBCB,0xDBCB,0xDBCB,0xDBCB,0xDBCB,0xDBCB,0xDBCB,0xDBCB,
0xD3CB,0xD3CB,0xDBCB,0xDBCB,0xDBCB,0xDBCB,0xDBCB,0xD3AB,0xD46F,0xF75C,0xEF9D,0xEF9D,0xF79D,0xF79D,0xF79D,0xEF9D,
0xF79D,0xF79D,0xF79D,0xEF9D,0xF79D,0xF79D,0xF79D,0xF79D,0xF79D,0xEF9D,0xEF9D,0xF79D,0xF79D,0xF79D,0xEF9D,0xF79D,
0xF79D,0xF79D,0xF79D,0xF79D,0xF79D,0xF79D,0xF79D,0xF79D,0xEF9D,0xF79D,0xEF9D,0xEF9D,0xEF9D,0xF79D,0xF79D,0xEF9D,
0xF79D,0xF79D,0xF79D,0xF79D,0xF79D,0xF79D,0xF79D,0xF79D,0xF79D,0xEF9D,0xEF9D,0xEF9D,0xEF7D,0xEF9D,0xEF9D,0xEF9D,
0xEF9D,0xF79D,0xEF9D,0xEF9D,0xF79D,0xF79D,0xF79D,0xF79D,0xF79D,0xF77D,0xF79D,0xEF7D,0xEF7D,0xF77D,0xEF9D,0xEF7D,
0xF79E,0xF79E,0xF79E,0xF79E,0xF79E,0xF79D,0xEF9D,0xF79D,0xF79D,0xF79D,0xF79D,0xF79D,0xF79D,0xEF9D,0xEF9D,0xEF9D,
0xEF9D,0xEF9D,0xEF9D,0xF79D,0xF79D,0xEF9D,0xEF7D,0xEF7D,0xEF7D,0xEF9D,0xEF9D,0xEF7D,0xEF9D,0xF79D,0xF79D,0xF79D,
0xF77D,0xF79D,0xF77D,0xEF7D,0xEF9D,0xEF9D,0xEF9D,0xEF9D,0xEF9D,0xEF9D,0xEF7D,0xEF7D,0xEF9D,0xF79D,0xF79D,0xF79D,
0xF79D,0xF79D,0xEF9D,0xF79D,0xEF9D,0xF79D,0xF79D,0xEF9D,0xEF9D,0xF79D,0xF79D,0xEF9D,0xF79D,0xF79D,0xEF9D,0xEF9D,
0xEF9D,0xEF9D,0xEF9D,0xF79D,0xF79D,0xEF9D,0xF79D,0xF79D,0xF79D,0xF77D,0xF79D,0xF79D,0xF79D,0xF7BE,0xEE36,0xCB8A,
0xDBCB,0xDBAB,0xDBAB,0xDBAB,0xDBCB,0xDBCB,0xDBCB,0xDBCB,0xD3AB,0xDBCB,0xD3CB,0xDBCB,0xD3AB,0xDBCB,0xDBCB,0xDBCB,
0xDBCB,0xDBCB,0xDBCB,0xDBCB,0xDBCB,0xDBCB,0xDBCB,0xDBCB,0xDBCB,0xDBCB,0xDBAB,0xDBCB,0xDBCB,0xDBCB,0xDBCB,0xDBCB,
0xDBCB,0xDBCB,0xDBCB,0xD3CB,0xD3CB,0xD3CB,0xD3CB,0xD3CB,0xDBCB,0xD3CB,0xDBCB,0xD3CB,0xD3CB,0xD3CB,0xDBCB,0xDBCB,
0xDBAB,0xDBAB,0xDBCB,0xDBCB,0xDBCB,0xD3CB,0xD3CB,0xDBCB,0xDBCB,0xD3AB,0xD3AB,0xD3CB,0xDBCB,0xDBCB,0xD3CB,0xDBCB,
0xD3CB,0xDBCB,0xDBCB,0xDBCB,0xDBCB,0xDBCB,0xDBCB,0xD3CB,0xD3CB,0xDBCB,0xDBCB,0xD3CB,0xD3CB,0xD3CB,0xDBCB,0xDBCB,
0xDBCB,0xDBCB,0xDBCB,0xDBCB,0xDBCB,0xD3CB,0xD3CB,0xDBCB,0xDBCB,0xDBCB,0xDBCB,0xDBCB,0xDBCB,0xD3CB,0xDBCB,0xDBCB,
0xDBCB,0xDBAB,0xDBAB,0xD3AB,0xDBCB,0xDBCB,0xDBCB,0xDBCB,0xDBCB,0xDBCB,0xDBCB,0xD3CB,0xDBCB,0xDBCB,0xDBCB,0xDBEB,
0xDBCB,0xDBCB,0xD3AB,0xD46F,0xF75C,0xEF9D,0xEF9D,0xEF9D,0xF79D,0xEF9D,0xF79D,0xF79D,0xF79D,0xF79D,0xF79D,0xF79D,
0xF79D,0xEF9D,0xEF9D,0xEF9D,0xEF9D,0xEF9D,0xF79D,0xF79D,0xF79D,0xF79D,0xF79D,0xF79D,0xF79D,0xF79D,0xF79D,0xEF9D,
0xF79D,0xF79D,0xF79D,0xF79D,0xF79D,0xF79D,0xEF9D,0xEF9D,0xF79D,0xF79D,0xEF9D,0xF79D,0xF79D,0xF79D,0xF79D,0xEF9D,
0xF79D,0xF79D,0xF79D,0xF79D,0xEF9D,0xF79D,0xEF9D,0xEF9D,0xF79D,0xEF7D,0xEF7D,0xEF9D,0xF79D,0xF79D,0xEF9D,0xF79D,
0xF79D,0xF79D,0xF79D,0xF79D,0xF77D,0xF79D,0xEF9D,0xEF9D,0xEF7D,0xEF7D,0xEF7D,0xF79E,0xF79E,0xF79E,0xF79E,0xF79E,
0xF79D,0xF79D,0xF79D,0xF79D,0xF79D,0xF79D,0xF79D,0xF79D,0xEF9D,0xEF9D,0xEF9D,0xEF9D,0xEF9D,0xF79D,0xF79D,0xF79D,
0xEF9D,0xF79D,0xEF9D,0xEF9D,0xEF9D,0xEF9D,0xEF9D,0xF79D,0xF77D,0xEF7D,0xF77D,0xEF7D,0xEF7D,0xEF7D,0xEF9D,0xEF9D,
0xEF9D,0xF79D,0xF79D,0xF79D,0xF79D,0xF79D,0xEF9D,0xEF7D,0xEF9D,0xEF9D,0xF79D,0xF79D,0xEF9D,0xEF9D,0xEF9D,0xEF9D,
0xF79D,0xF79D,0xF79D,0xF79D,0xF79D,0xF79D,0xF79D,0xF79D,0xF79D,0xF79D,0xF79D,0xF79D,0xF79D,0xF79D,0xF79D,0xF79D,
0xEF9D,0xF79D,0xF79D,0xF79D,0xF77D,0xF79D,0xEF9D,0xF79D,0xF7BE,0xEE36,0xD3AA,0xDBCB,0xDBCB,0xDBAB,0xDBAB,0xDBCB,
0xDBCB,0xDBCB,0xDBCB,0xDBCB,0xD3AB,0xD3AB,0xDBAB,0xDBCB,0xDBCB,0xDBEB,0xDBEB,0xDBCB,0xDBCB,0xDBCB,0xDBCB,0xDBCB,
0xDBCB,0xDBCB,0xDBAB,0xD3AB,0xDBAB,0xDBAB,0xDBAB,0xDBAB,0xDBCB,0xDBCB,0xDBCB,0xDBCB,0xDBCB,0xDBCB,0xDBCB,0xDBCB,
0xDBCB,0xD3CB,0xD3CB,0xDBCB,0xDBCB,0xDBCB,0xD3CB,0xD3CB,0xD3AB,0xD3AB,0xDBAB,0xDBAB,0xDBAB,0xDBAB,0xDBCB,0xDBCB,
0xDBCB,0xDBCB,0xDBCB,0xDBCB,0xD3CB,0xDBCB,0xDBCB,0xDBCB,0xD3CB,0xDBCB,0xDBCB,0xD3CB,0xDBCB,0xDBCB,0xDBCB,0xDBCC,
0xDBCB,0xDBCC,0xDBEB,0xDBEB,0xDBEB,0xDBCB,0xD3CB,0xDBCB,0xDBCB,0xDBCB,0xDBCB,0xDBCB,0xDBCB,0xDBCB,0xDBCB,0xDBCB,
0xD3CB,0xD3CB,0xDBCB,0xDBCB,0xDBCB,0xDBEB,0xDBCB,0xDBCB,0xDBEB,0xDBEB,0xDBEB,0xDBCB,0xDBCB,0xDBAB,0xD3AB,0xD3AB,
0xDBCB,0xDBCB,0xDBCB,0xDBCB,0xDBCB,0xDBCB,0xDBCB,0xDBCB,0xDBCB,0xDBCB,0xDBCB,0xDBEB,0xDBCC,0xDBCB,0xD48F,0xF75C,
0xEF9D,0xF79D,0xEF7D,0xEF9D,0xEF9D,0xEF9D,0xEF9D,0xF79D,0xF79D,0xF79D,0xF79D,0xEF9D,0xEF9D,0xF79D,0xF79D,0xF79D,
0xF79D,0xF79D,0xF79D,0xF79D,0xF79D,0xF79D,0xEF9D,0xEF9D,0xEF9D,0xF79D,0xF79D,0xF79D,0xF79D,0xF79D,0xF79D,0xF79D,
0xF79D,0xF79D,0xF79D,0xF79D,0xF79D,0xF79D,0xF79D,0xF79D,0xEF9D,0xEF9D,0xEF9D,0xF79D,0xEF9D,0xF79D,0xF79D,0xF79D,
0xF79D,0xF79D,0xF79D,0xF79D,0xEF9D,0xEF9D,0xF79D,0xF79D,0xF79D,0xF79D,0xF79D,0xEF9D,0xEF9D,0xF77D,0xF77D,0xF77D,
0xF79D,0xEF9D,0xEF9D,0xEF9D,0xEF9D,0xEF7D,0xF79E,0xF79E,0xF79E,0xF79E,0xF79E,0xF79D,0xF79D,0xF79D,0xF79D,0xF79D,
0xF79D,0xF79D,0xEF9D,0xF79D,0xF79D,0xF79D,0xEF9D,0xEF9D,0xF79D,0xEF7D,0xEF9D,0xEF9D,0xF79D,0xEF9D,0xEF9D,0xF79D,
0xF79D,0xF79D,0xF77D,0xEF7D,0xEF7D,0xF77D,0xEF7D,0xEF7D,0xEF7D,0xEF9D,0xEF7D,0xEF7D,0xEF7D,0xEF9D,0xF79D,0xF79D,
0xF79D,0xEF9D,0xEF7D,0xEF7D,0xEF7D,0xEF9D,0xEF9D,0xEF9D,0xEF9D,0xF79D,0xF79D,0xEF9D,0xF79D,0xF79D,0xF79D,0xF79D,
0xF79D,0xF79D,0xF79D,0xF79D,0xF79D,0xF79D,0xF79D,0xF79D,0xF79D,0xF79D,0xF79D,0xEF9D,0xEF9D,0xF77D,0xF77D,0xF77D,
0xF79D,0xEF9D,0xF79D,0xF7BD,0xEE36,0xD3AA,0xDBCB,0xDBCB,0xDBAB,0xDBAB,0xDBAB,0xDBAB,0xDBAB,0xDBAB,0xDBCB,0xDBCB,
0xDBCB,0xDBAB,0xDBCB,0xDBCB,0xDBCB,0xDBCB,0xDBCB,0xDBCB,0xDBCB,0xDBCB,0xDBCB,0xDBCB,0xDBAB,0xDBAB,0xDBAB,0xDBAB,
0xDBAB,0xDBAB,0xDBAB,0xDBAB,0xDBCB,0xDBCB,0xD3CB,0xDBCB,0xDBCB,0xDBCB,0xDBAB,0xDBCB,0xDBCB,0xD3CB,0xD3AB,0xDBCB,
0xDBCB,0xDBCB,0xD3CB,0xDBAB,0xDBAB,0xDBAB,0xDBAB,0xDBAB,0xDBAB,0xD3AB,0xD3AB,0xDBCB,0xDBCB,0xDBAB,0xDBCB,0xDBCB,
0xDBCB,0xDBCB,0xDBCB,0xDBCB,0xDBCB,0xDBCB,0xD3CB,0xD3CB,0xDBCB,0xDBCB,0xDBCC,0xDBCB,0xDBCC,0xDBCB,0xDBCB,0xDBCB,
0xDBCB,0xDBCB,0xDBCB,0xDBAB,0xD3AB,0xDBCB,0xDBCB,0xDBCB,0xDBCB,0xDBCB,0xDBCB,0xDBCB,0xDBCB,0xDBCB,0xDBCB,0xDBCB,
0xDBEB,0xDBCB,0xDBCB,0xDBCB,0xDBCB,0xDBCB,0xD3CB,0xD3AB,0xDBAB,0xDBAB,0xD3AB,0xDBCB,0xDBCB,0xDBCB,0xDBCB,0xDBCB,
0xDBCB,0xDBCB,0xDBAB,0xDBCB,0xDBCB,0xDBCB,0xDBCB,0xDBCC,0xDBCB,0xD48F,0xF75C,0xEF9D,0xF79D,0xF79D,0xEF9D,0xF79D,
0xEF9D,0xEF9D,0xF79D,0xF79D,0xF79D,0xF79D,0xF79D,0xEF9D,0xF79D,0xEF9D,0xF79D,0xF79D,0xF79D,0xF79D,0xF79D,0xF79D,
0xEF9D,0xEF9D,0xEF9D,0xEF7D,0xEF9D,0xF79D,0xF79D,0xF79D,0xF79D,0xF79D,0xF79D,0xF77D,0xF79D,0xF79D,0xF79D,0xF79D,
0xF79D,0xF79D,0xF79D,0xF79D,0xF79D,0xF79D,0xF79D,0xEF9D,0xF79D,0xEF9D,0xF79D,0xF79D,0xF79D,0xEF9D,0xEF9D,0xEF9D,
0xEF9D,0xF79D,0xEF9D,0xEF9D,0xF79D,0xF79D,0xEF9D,0xEF9D,0xF77D,0xF77D,0xF79D,0xF79D,0xEF9D,0xEF9D,0xEF9D,0xEF9D,
0xEF7D,0xF79E,0xF79E,0xF79E,0xF79E,0xF79E,0xF79D,0xF79D,0xF79D,0xF79D,0xF79D,0xF79D,0xF79D,0xF79D,0xEF9D,0xF79D,
0xF79D,0xEF9D,0xEF7D,0xEF9D,0xEF9D,0xEF9D,0xF79D,0xEF9D,0xEF7D,0xEF9D,0xF79D,0xF77D,0xF77D,0xEF7D,0xF77D,0xF77D,
0xF77D,0xEF9D,0xEF9D,0xEF7D,0xEF9D,0xEF9D,0xEF9D,0xEF9D,0xEF9D,0xEF9D,0xEF9D,0xEF9D,0xEF7D,0xEF7D,0xEF7D,0xEF7D,
0xEF9D,0xEF7D,0xEF7D,0xF79D,0xF79D,0xF79D,0xEF9D,0xEF9D,0xEF9D,0xF79D,0xF79D,0xEF9D,0xF79D,0xF79D,0xEF9D,0xF79D,
0xF79D,0xF79D,0xF79D,0xF79D,0xF79D,0xF79D,0xF79D,0xF79D,0xF79D,0xF79D,0xF79D,0xF79D,0xEF9D,0xEF9D,0xF7BD,0xEE36,
0xD38A,0xDBCB,0xDBAB,0xDBAB,0xDBAB,0xDBAB,0xDBAB,0xDBAB,0xDBAB,0xDBCB,0xDBCB,0xDBCB,0xDBAB,0xDBCB,0xDBCB,0xD3CB,
0xD3CB,0xDBCB,0xDBCB,0xDBCB,0xDBCB,0xDBCB,0xDBCB,0xDBAB,0xDBAB,0xDBCB,0xDBCB,0xDBAB,0xDBAB,0xDBAB,0xDBCB,0xDBCB,
0xDBCB,0xD3CB,0xD3AB,0xDBCB,0xD3CB,0xDBAB,0xDBAB,0xD3CB,0xD3CB,0xD3AB,0xD3CB,0xD3CB,0xDBCB,0xDBAB,0xDBAB,0xDBAB,
0xDBAB,0xDBAB,0xDBAB,0xDBCB,0xDBCB,0xD3AB,0xDBAB,0xD3AB,0xDBAB,0xDBAB,0xDBAB,0xDBAB,0xDBAB,0xDBAB,0xDBAB,0xDBAB,
0xDBAB,0xDBCB,0xD3CB,0xDBCB,0xDBCC,0xDBCB,0xDBCB,0xDBCB,0xDBCB,0xDBCB,0xDBCB,0xDBCB,0xDBCB,0xDBAB,0xDBAB,0xDBAB,
0xDBCB,0xDBCB,0xD3AB,0xDBCB,0xDBCB,0xD3CB,0xDBAB,0xDBCB,0xDBCB,0xDBCB,0xD3CB,0xDBCB,0xDBCB,0xDBCB,0xDBCB,0xDBCB,
0xDBCB,0xD3AB,0xD3AB,0xD3AB,0xD3AB,0xDBAB,0xDBCB,0xDBCB,0xDBCB,0xDBCB,0xDBCB,0xDBCB,0xD3AB,0xD3AB,0xD3AB,0xD3AB,
0xDBAB,0xDBCB,0xDBCC,0xDBCB,0xD48F,0xF75C,0xEF9D,0xF79D,0xF79D,0xF79D,0xF79D,0xF79D,0xF79D,0xF79D,0xF79D,0xF79D,
0xF79D,0xF79D,0xEF9D,0xEF9D,0xEF9D,0xEF9D,0xF79D,0xEF9D,0xF79D,0xEF9D,0xEF9D,0xF79D,0xF79D,0xF79D,0xF79D,0xF79D,
0xEF9D,0xF79D,0xF79D,0xF79D,0xF79D,0xF79D,0xF79D,0xEF9D,0xF79D,0xF79D,0xF79D,0xF79D,0xF79D,0xF79D,0xF79D,0xF79D,
0xF79D,0xF79D,0xF79D,0xF79D,0xEF9D,0xEF9D,0xF79D,0xF79D,0xF79D,0xF79D,0xEF9D,0xEF9D,0xF79D,0xEF9D,0xEF9D,0xF79D,
0xEF9D,0xEF7D,0xF79D,0xF79D,0xF79D,0xEF7D,0xF77D,0xEF7D,0xEF7D,0xEF7D,0xEF7D,0xEF7D,0xF79E,0xF79E,0xF79E,0xF79E,
0xF79E,0xF79D,0xF79D,0xF79D,0xF79D,0xF79D,0xF79D,0xEF9D,0xF79D,0xEF7D,0xEF9D,0xF79D,0xEF9D,0xEF9D,0xEF9D,0xF79D,
0xF79D,0xF79D,0xEF9D,0xEF7D,0xEF9D,0xF79D,0xEF7D,0xEF7D,0xF79D,0xF79D,0xF77D,0xF79D,0xF79D,0xF79D,0xEF9D,0xEF9D,
0xEF9D,0xEF9D,0xF79D,0xF79D,0xEF9D,0xEF9D,0xEF9D,0xEF9D,0xEF9D,0xEF9D,0xEF7D,0xEF7D,0xEF7D,0xEF7D,0xF77D,0xF77D,
0xEF7D,0xF79D,0xEF9D,0xEF9D,0xF79D,0xF79D,0xF79D,0xF79D,0xEF9D,0xEF9D,0xEF9D,0xEF9D,0xF79D,0xF79D,0xF79D,0xF79D,
0xF79D,0xEF9D,0xF79D,0xF79D,0xF79D,0xF79D,0xF79D,0xEF9D,0xEF9D,0xF7BD,0xEE16,0xD38A,0xDBCB,0xDBAB,0xDBAB,0xDBAB,
0xDBAB,0xDBAB,0xDBAB,0xDBAB,0xDBAB,0xDBAB,0xDBCB,0xDBCB,0xD3AB,0xDBCB,0xD3CB,0xD3AB,0xD3AB,0xDBAB,0xDBAB,0xD3AB,
0xDBAB,0xDBCB,0xDBCB,0xDBCB,0xDBCB,0xDBCB,0xDBCB,0xDBCB,0xDBCB,0xDBCB,0xDBCB,0xDBCB,0xDBCB,0xD3AB,0xD3AB,0xD3AB,
0xDBCB,0xDBCB,0xDBCB,0xDBAB,0xD3CB,0xD3CB,0xD3CB,0xDBCB,0xD3AB,0xDBAB,0xDBAB,0xDBAB,0xDBAB,0xDBAB,0xDBCB,0xDBCB,
0xDBCB,0xD3AB,0xD3AB,0xDBAB,0xDBAB,0xD3AB,0xDBAB,0xDBAB,0xDBAB,0xDBAB,0xDBAB,0xDBAB,0xDBAB,0xDBAB,0xDBCB,0xDBCB,
0xDBCB,0xDBCB,0xDBCB,0xDBCB,0xDBCB,0xDBCB,0xDBCB,0xDBAB,0xDBAB,0xDBAB,0xDBAB,0xDBAB,0xDBAB,0xDBAB,0xDBAB,0xDBCB,
0xD3CB,0xDBCB,0xDBCB,0xDBCB,0xD3AB,0xD3AB,0xD3AB,0xDBCB,0xDBCB,0xDBCB,0xDBCB,0xDBAB,0xD3AB,0xD3AB,0xD3AB,0xD3AB,
0xD3AB,0xDBAB,0xDBAB,0xDBAB,0xDBAB,0xDBAB,0xD3AB,0xD3AB,0xD3AB,0xD3AB,0xD3AB,0xDBCB,0xDBCB,0xDBCB,0xDBAB,0xD48F,
0xF75C,0xEF9D,0xF79D,0xEF9D,0xEF9D,0xF79D,0xF79D,0xF79D,0xF79D,0xF79D,0xF79D,0xF79D,0xF79D,0xF79D,0xF79D,0xF79D,
0xF79D,0xF79D,0xF79D,0xF79D,0xF77D,0xF77D,0xF79D,0xF79D,0xEF9D,0xF79D,0xF79D,0xF79D,0xF79D,0xF79D,0xF79D,0xF79D,
0xF79D,0xF79D,0xEF9D,0xF79D,0xF79D,0xF79D,0xF79D,0xF79D,0xF79D,0xF79D,0xF79D,0xF79D,0xF79D,0xEF9D,0xF79D,0xF79D,
0xF79D,0xF79D,0xF79D,0xF79D,0xF79D,0xEF9D,0xEF9D,0xEF9D,0xEF9D,0xEF9D,0xF79D,0xEF9D,0xEF7D,0xF77D,0xF79D,0xF79D,
0xEF9D,0xEF7D,0xEF9D,0xEF7D,0xEF9D,0xEF9D,0xEF7D,0xF79E,0xF79E,0xF79E,0xF79E,0xF79E,0xEF9D,0xEF9D,0xEF9D,0xF79D,
0xF79D,0xF79D,0xF79D,0xF79D,0xF79D,0xEF9D,0xF79D,0xEF9D,0xEF7D,0xF79D,0xEF9D,0xEF9D,0xF79D,0xEF9D,0xF79D,0xF79D,
0xEF9D,0xEF9D,0xEF9D,0xEF9D,0xF77D,0xF77D,0xF79D,0xF79D,0xF79D,0xEF9D,0xEF7D,0xEF9D,0xEF7D,0xEF9D,0xEF9D,0xEF7D,
0xEF9D,0xEF7D,0xEF7D,0xEF7D,0xEF7D,0xEF7D,0xEF7D,0xF77D,0xEF7D,0xF77D,0xF77D,0xEF7D,0xF79D,0xF79D,0xF79D,0xF79D,
0xF79D,0xF79D,0xF79D,0xEF9D,0xF79D,0xEF9D,0xEF9D,0xF79D,0xF79D,0xEF9D,0xF79D,0xEF9D,0xEF7D,0xEF9D,0xF79D,0xF79D,
0xF79D,0xF79D,0xEF9D,0xEF9D,0xF7BE,0xEE36,0xD38A,0xDBCB,0xDBAB,0xD3AB,0xDBAB,0xD3AB,0xD3AB,0xD3AB,0xDBAB,0xDBCB,
0xDBAB,0xDBAB,0xDBCB,0xDBCB,0xDBCB,0xDBCB,0xDBCB,0xDBAB,0xDBAB,0xDBAB,0xDBCB,0xDBCB,0xDBCB,0xDBCB,0xDBCB,0xDBCB,
0xDBCB,0xDBCB,0xDBCB,0xDBCB,0xDBCB,0xDBCB,0xD3AB,0xDBCB,0xDBCB,0xD3AB,0xD3AB,0xDBCB,0xDBCB,0xDBCB,0xDBCB,0xDBCB,
0xDBCB,0xD3CB,0xD3CB,0xD3AB,0xDBAB,0xDBAB,0xDBAB,0xDBAB,0xDBAB,0xDBCB,0xDBCB,0xDBCB,0xDBCB,0xDBCB,0xD3AB,0xDBAB,
0xDBAB,0xDBAB,0xDBAB,0xDBAB,0xDBAB,0xDBAB,0xD3AB,0xDBAB,0xDBAB,0xDBCB,0xDBCB,0xD3CB,0xDBCB,0xDBCB,0xDBCB,0xDBCB,
0xD3AB,0xDBCB,0xDBAB,0xDBAB,0xDBAB,0xDBAB,0xDBAB,0xDBAB,0xDBAB,0xDBAB,0xD3CB,0xD3CB,0xDBCB,0xDBCB,0xDBCB,0xDBCB,
0xDBCB,0xDBCB,0xDBCB,0xDBCB,0xDBCB,0xDBAB,0xD3AB,0xD3AB,0xD3AB,0xD3AB,0xD3AB,0xD3AB,0xDBAB,0xDBAB,0xDBCB,0xDBAB,
0xDBAB,0xD3AB,0xD3AB,0xD3AB,0xD3AB,0xD3AB,0xDBCB,0xDBCB,0xDBCB,0xDBAB,0xD48F,0xF75C,0xEF9D,0xF79D,0xEF9D,0xEF9D,
0xF79D,0xEF9D,0xEF9D,0xF79D,0xF79D,0xF79D,0xF79D,0xF79D,0xEF9D,0xF79D,0xF79D,0xF79D,0xF79D,0xF77D,0xF77D,0xF77D,
0xF77D,0xF77D,0xF77D,0xEF9D,0xF79D,0xEF9D,0xF79D,0xF79D,0xF79D,0xF79D,0xF79D,0xF79D,0xF79D,0xF79D,0xEF9D,0xEF9D,
0xF79D,0xEF9D,0xF77D,0xF79D,0xF79D,0xF79D,0xF79D,0xF79D,0xF79D,0xF79D,0xF79D,0xF79D,0xEF9D,0xF79D,0xF79D,0xF79D,
0xEF9D,0xEF9D,0xEF9D,0xEF9D,0xEF7D,0xF77D,0xEF7D,0xEF7D,0xF77D,0xF79D,0xF79D,0xF79D,0xEF9D,0xEF9D,0xEF7D,0xEF9D,
0xEF9D,0xEF7D,0xF79E,0xF79E,0xF79E,0xF79E,0xF79E,0xEF9D,0xF79D,0xF79D,0xF79D,0xEF9D,0xEF9D,0xF79D,0xF79D,0xF79D,
0xF79D,0xEF9D,0xEF9D,0xEF9D,0xF79D,0xEF9D,0xEF9D,0xEF9D,0xEF9D,0xF79D,0xEF9D,0xEF7D,0xEF9D,0xEF9D,0xEF7D,0xF77D,
0xF77D,0xF79D,0xEF9D,0xF79D,0xEF9D,0xEF9D,0xEF9D,0xEF9D,0xEF9D,0xEF9D,0xEF9D,0xEF9D,0xEF9D,0xEF7D,0xEF7D,0xEF9D,
0xEF9D,0xEF7D,0xEF7D,0xEF7D,0xEF7D,0xF77D,0xF79D,0xF79D,0xF79D,0xF79D,0xEF9D,0xEF9D,0xF79D,0xF79D,0xEF9D,0xEF9D,
0xEF9D,0xEF9D,0xF79D,0xF79D,0xF79D,0xF79D,0xF79D,0xEF9D,0xEF9D,0xF79D,0xF79D,0xF79D,0xF79D,0xEF9D,0xEF9D,0xF7BE,
0xEE36,0xD38A,0xDBCB,0xDBAB,0xD3AB,0xDBAB,0xD3AB,0xD3AB,0xDBAB,0xDBAB,0xDBAB,0xDBAB,0xDBAB,0xDBCB,0xDBCB,0xDBCB,
0xDBCB,0xDBCB,0xDBCB,0xDBAB,0xDBAB,0xDBAB,0xDBAB,0xDBAB,0xDBAB,0xDBCB,0xDBCB,0xDBCB,0xDBCB,0xDBCB,0xDBCB,0xDBCB,
0xDBCB,0xD3AB,0xDBCB,0xD3AB,0xD3AB,0xD3CB,0xD3AB,0xD3AB,0xD3AB,0xD3CB,0xDBCB,0xD3CB,0xD3AB,0xD3AB,0xD3AB,0xDBAB,
0xDBAB,0xDBAB,0xDBAB,0xDBAB,0xD3CB,0xDBCB,0xDBCB,0xDBCB,0xDBCB,0xDBAB,0xDBAB,0xDBAB,0xDBAB,0xDBAB,0xDBAB,0xDBAB,
0xDBAB,0xDBAB,0xDBAB,0xDBCB,0xDBCB,0xDBAB,0xD3AB,0xDBCB,0xDBCB,0xDBCB,0xDBCB,0xDBCB,0xDBCB,0xDBAB,0xDBAB,0xDBAB,
0xDBAB,0xD3AB,0xDBAB,0xDBAB,0xD3AB,0xD3CB,0xDBCB,0xDBCB,0xDBCB,0xDBCB,0xDBCB,0xDBCB,0xDBCB,0xDBCB,0xDBCB,0xDBCB,
0xD3AB,0xDBAB,0xD3AB,0xD3AB,0xDBAB,0xDBAB,0xDBAB,0xDBAB,0xDBCB,0xDBCB,0xDBCB,0xDBCB,0xDBCB,0xDBCB,0xD3AB,0xD3AB,
0xDBCB,0xDBCB,0xDBCB,0xDBCB,0xDBAB,0xD48F,0xF75C,0xEF9D,0xF79D,0xEF9D,0xEF9D,0xF79D,0xF79D,0xEF9D,0xF79D,0xF79D,
0xF79D,0xF79D,0xF79D,0xF79D,0xF79D,0xF79D,0xEF9D,0xEF9D,0xF79D,0xF77D,0xF77D,0xF77D,0xF77D,0xF79D,0xF79D,0xF79D,
0xF79D,0xEF9D,0xF79D,0xF79D,0xF79D,0xF79D,0xF79D,0xF79D,0xF79D,0xF79D,0xF79D,0xF79D,0xEF9D,0xF77D,0xF77D,0xF77D,
0xEF7D,0xEF9D,0xF79D,0xF79D,0xF79D,0xF79D,0xF79D,0xF79D,0xF79D,0xEF9D,0xEF9D,0xF79D,0xF79D,0xF79D,0xF79D,0xEF7D,
0xF77D,0xF77D,0xF77D,0xF77D,0xF79D,0xF79D,0xF79D,0xEF9D,0xEF9D,0xEF9D,0xEF9D,0xEF9D,0xEF7D,0xF79E,0xF79E,0xF79E,
0xF79E,0xF79E,0xF79D,0xF79D,0xEF9D,0xF79D,0xF79D,0xF79D,0xF79D,0xF79D,0xF79D,0xEF9D,0xEF7D,0xEF9D,0xEF9D,0xEF9D,
0xEF9D,0xEF7D,0xEF7D,0xEF9D,0xEF9D,0xEF7D,0xEF7D,0xEF7D,0xEF7D,0xEF7D,0xEF7D,0xEF7D,0xEF7D,0xEF7D,0xEF9D,0xF79D,
0xEF9D,0xEF9D,0xEF9D,0xEF9D,0xEF9D,0xEF9D,0xF79D,0xEF9D,0xEF7D,0xEF9D,0xEF7D,0xEF7D,0xEF7D,0xEF9D,0xEF7D,0xEF7D,
0xF77D,0xF77D,0xF79D,0xEF9D,0xEF9D,0xF79D,0xF79D,0xF79D,0xEF9D,0xF79D,0xF79D,0xEF9D,0xEF9D,0xF79D,0xEF7D,0xEF9D,
0xF79D,0xF79D,0xF79D,0xEF9D,0xEF7D,0xEF9D,0xEF9D,0xF79D,0xEF9D,0xEF9D,0xF7BE,0xEE36,0xD38A,0xDBAB,0xDBAB,0xD3AB,
0xDBAB,0xDBAB,0xDBAB,0xDBAB,0xDBAB,0xDBAB,0xDBCB,0xDBCB,0xDBCB,0xDBCB,0xDBCB,0xDBCB,0xDBCB,0xDBCB,0xDBAB,0xDBAB,
0xDBAB,0xD3AB,0xD3AB,0xDBCB,0xDBCB,0xD3CB,0xD3CC,0xDBCB,0xDBCB,0xDBCB,0xDBCB,0xDBAB,0xDBAB,0xDBAB,0xD3AB,0xDBAB,
0xDBCB,0xD3AB,0xD3AB,0xD3CB,0xDBCB,0xDBCB,0xD3CC,0xD3CB,0xD3CB,0xD3CB,0xDBCB,0xDBCB,0xDBCB,0xDBCB,0xDBCB,0xDBCB,
0xDBCB,0xDBCB,0xDBCB,0xD3CB,0xDBCB,0xDBCB,0xDBCB,0xDBCB,0xDBAB,0xDBAB,0xDBCB,0xDBCB,0xDBCB,0xDBCB,0xDBCB,0xDBCB,
0xDBCB,0xDBCB,0xD3CB,0xD3CB,0xDBCB,0xDBCB,0xD3CB,0xD3AB,0xDBCB,0xDBAB,0xDBAB,0xD3AB,0xD3AB,0xDBAB,0xDBAB,0xD3AB,
0xDBCB,0xDBCC,0xDBEC,0xDBEC,0xDBCC,0xDBCB,0xDBCB,0xDBCB,0xDBCB,0xDBCB,0xDBCB,0xDBAB,0xDBAB,0xDBCB,0xDBCB,0xDBCB,
0xDBCB,0xDBCB,0xDBCB,0xDBAB,0xDBAB,0xDBCB,0xDBCB,0xDBCB,0xDBCB,0xD3AB,0xD3AB,0xDBCB,0xDBCB,0xDBCB,0xDBCB,0xDBAB,
0xD46F,0xF75C,0xEF9D,0xEF9D,0xEF7D,0xEF9D,0xF79D,0xF79D,0xF79D,0xEF9D,0xF79D,0xF79D,0xF79D,0xF79D,0xF79D,0xF79D,
0xEF9D,0xEF9D,0xEF9D,0xF77D,0xF77D,0xF79D,0xF77D,0xEF9D,0xEF9D,0xEF9D,0xEF9D,0xF79D,0xEF9D,0xF79D,0xF79D,0xF79D,
0xF79D,0xEF9D,0xF79D,0xEF9D,0xEF9D,0xF79D,0xF79D,0xF79D,0xF79D,0xF77D,0xEF7D,0xEF9D,0xEF9D,0xF79D,0xF79D,0xF79D,
0xF79D,0xF79D,0xF79D,0xF79D,0xEF9D,0xEF9D,0xEF9D,0xF79D,0xF79D,0xF79D,0xF77D,0xF79D,0xF77D,0xF77D,0xF77D,0xF77D,
0xEF7D,0xF79D,0xEF9D,0xEF7D,0xEF7D,0xF79D,0xEF7C,0xEF7D,0xF79E,0xF79E,0xF79E,0xF79E,0xF79E,0xF79D,0xEF9D,0xEF9D,
0xF79D,0xF79D,0xF79D,0xF79D,0xF79D,0xEF9D,0xEF9D,0xF79D,0xEF9D,0xEF9D,0xEF9D,0xEF9D,0xEF9D,0xEF9D,0xF79D,0xF79D,
0xEF9D,0xEF9D,0xEF7D,0xF77D,0xEF9D,0xEF9D,0xEF9D,0xEF9D,0xEF9D,0xF79D,0xEF9D,0xEF9D,0xEF7D,0xEF9D,0xEF9D,0xEF9D,
0xEF9D,0xF79D,0xF79D,0xEF7D,0xEF9D,0xEF9D,0xEF7D,0xEF7D,0xF79D,0xF79D,0xEF7D,0xEF7D,0xEF7D,0xEF7D,0xEF9D,0xEF7D,
0xEF9D,0xF79D,0xF79D,0xF79D,0xF79D,0xF79D,0xF79D,0xF79D,0xF77D,0xF77D,0xF79D,0xF79D,0xF79D,0xEF9D,0xEF9D,0xEF9D,
0xEF9D,0xEF9D,0xF77D,0xEF9D,0xEF9D,0xF7BE,0xEE36,0xD38A,0xDBCB,0xDBAB,0xDBAB,0xDBAB,0xDBAB,0xDBAB,0xDBAB,0xDBAB,
0xDBCB,0xDBCB,0xDBCB,0xDBCB,0xDBCC,0xDBCB,0xDBCB,0xDBCB,0xD3AB,0xD3AA,0xD38A,0xDB8A,0xDB8A,0xDBAA,0xDBAB,0xDBAB,
0xDBCB,0xDBCB,0xDBCB,0xDBCB,0xDBCB,0xDBCB,0xDBAB,0xDBAB,0xDBAB,0xDBAB,0xDBAB,0xDBCB,0xDBCB,0xDBCB,0xDBCB,0xDBCB,
0xDBCB,0xDBEB,0xD3AB,0xDBAA,0xDBAB,0xDBAB,0xDBAB,0xDBAB,0xDBAB,0xDBAB,0xDBAB,0xDBAB,0xDBAB,0xDBAB,0xDBAB,0xDBAB,
0xDBAB,0xDBAB,0xDBAB,0xDBAB,0xDBAB,0xDBAB,0xDBAB,0xDBAB,0xDBAB,0xDBAB,0xD3AB,0xDBAB,0xDBAB,0xD3CB,0xDBCC,0xDBCB,
0xD3CB,0xD3CB,0xDBCB,0xDBCB,0xDBAB,0xDBAB,0xDBAB,0xDBAB,0xDBAB,0xDBAB,0xDBCB,0xDBCB,0xDBCB,0xDBEC,0xD3CB,0xDBCB,
0xDBCB,0xD3AB,0xD3AA,0xD3AA,0xD3AA,0xD3AA,0xD3AA,0xDBAB,0xDBAB,0xDBAB,0xD3AB,0xDBCB,0xDBCB,0xDBCB,0xDBAB,0xDBAB,
0xDBAB,0xDBAB,0xDBAB,0xD3AB,0xD3AB,0xD3CB,0xDBCB,0xDBCB,0xDBCB,0xDBCB,0xDBAB,0xD48F,0xF75C,0xF79D,0xF77D,0xF79D,
0xF79D,0xF79D,0xF79D,0xF79D,0xEF9D,0xF79D,0xEF9D,0xF79D,0xEF9D,0xF79D,0xF79D,0xF79D,0xF79D,0xF79D,0xF77D,0xF79D,
0xF79D,0xF79D,0xF79D,0xF79D,0xEF9D,0xEF9D,0xF79D,0xEF9D,0xF79D,0xEF9D,0xF79D,0xF79D,0xEF9D,0xF79D,0xEF9D,0xEF9D,
0xF79D,0xF79D,0xF79D,0xF79D,0xF79D,0xEF9D,0xEF9D,0xF79D,0xF79D,0xF79D,0xEF9D,0xEF9D,0xF79D,0xF79D,0xF79D,0xEF7D,
0xEF9D,0xF79D,0xEF9D,0xEF9D,0xF79D,0xF79D,0xF79D,0xF77D,0xF77D,0xF79D,0xF77D,0xF77D,0xF79D,0xF79D,0xF77D,0xF77D,
0xF77D,0xEF7D,0xEF7D,0xF79E,0xF79E,0xF79E,0xF79E,0xF79E,0xF79D,0xEF7D,0xEF9D,0xF79D,0xEF9D,0xF79D,0xF79D,0xEF9D,
0xF79D,0xEF9D,0xF79D,0xEF9D,0xEF9D,0xEF9D,0xEF9D,0xF79D,0xF79D,0xEF9D,0xEF9D,0xF79D,0xF79D,0xEF7D,0xF77D,0xF77D,
0xEF7D,0xEF7D,0xF79D,0xF79D,0xF79D,0xEF9D,0xF79D,0xF79D,0xEF9D,0xEF9D,0xF77D,0xEF7D,0xEF7D,0xF79D,0xF79D,0xEF7D,
0xF77D,0xF79D,0xEF9D,0xEF9D,0xEF9D,0xEF7D,0xEF9D,0xEF9D,0xEF9D,0xEF9D,0xEF9D,0xF79D,0xF79D,0xF79D,0xEF9D,0xEF9D,
0xEF9D,0xEF9D,0xEF9D,0xF77D,0xF77D,0xF77D,0xEF7D,0xEF9D,0xF79D,0xEF9D,0xF79D,0xF79D,0xF79D,0xF77D,0xEF9D,0xEF9D,
0xF7BE,0xEE36,0xD38A,0xDBAB,0xD3AB,0xD3AB,0xDBAB,0xD3AB,0xD3AB,0xDBAB,0xDBAB,0xDBCB,0xDBCB,0xDBCB,0xD3CB,0xDBEB,
0xD3CC,0xD3CB,0xD3AB,0xD3AB,0xD38B,0xD38B,0xD38B,0xD38B,0xD38B,0xD3AB,0xD3AB,0xD3AB,0xD3CC,0xD3CC,0xD3CB,0xDBCB,
0xDBCB,0xDBCB,0xDBAB,0xDBAB,0xDBAB,0xDBAB,0xD3CB,0xDBAB,0xDBAB,0xDBAB,0xD3CB,0xD3CB,0xDBCB,0xD3AC,0xD38B,0xD38B,
0xD38B,0xD3AB,0xD3AB,0xD3AB,0xD3AB,0xD3AB,0xD3AB,0xD3AB,0xD3AB,0xD3AB,0xD3AB,0xD3AB,0xD3AB,0xD3AB,0xD3AB,0xD3AB,
0xD3AB,0xD3AB,0xD3AB,0xD3AB,0xD3AB,0xD3AB,0xD38B,0xD3AC,0xD3CC,0xDBCB,0xDBCB,0xD3CB,0xDBAB,0xDBAB,0xDBCB,0xDBAB,
0xDBAB,0xDBAB,0xDBAB,0xDBAB,0xDBAB,0xDBAB,0xDBCB,0xD3EC,0xD3EC,0xD3CC,0xD3CB,0xD3AB,0xD38B,0xD38A,0xD3AA,0xD38A,
0xCB8A,0xCB8A,0xD38B,0xD3AB,0xD3CC,0xD3AB,0xDBAB,0xDBAB,0xDBAB,0xDBAB,0xDBAB,0xD3AB,0xDBAB,0xDBAB,0xDBCB,0xDBCB,
0xDBCB,0xDBCB,0xDBCB,0xDBCB,0xDBCB,0xD3AA,0xD46F,0xF75C,0xEF9D,0xEF9D,0xF79D,0xEF9D,0xEF9D,0xF79D,0xF79D,0xEF9D,
0xEF9D,0xEF9D,0xF79D,0xF79D,0xEF9D,0xEF9D,0xF79D,0xEF9D,0xEF7D,0xEF7D,0xF77D,0xF77D,0xEF7D,0xEF7D,0xF79D,0xF79D,
0xF79D,0xF79D,0xEF9D,0xF79D,0xF79D,0xEF9D,0xF79D,0xF79D,0xEF9D,0xEF9D,0xEF9D,0xEF9D,0xEF9D,0xF79D,0xF79D,0xEF9D,
0xEF7D,0xEF7D,0xEF9D,0xF79D,0xF79D,0xF79D,0xF79D,0xF79D,0xF79D,0xF79D,0xEF9D,0xF79D,0xEF7D,0xEF7D,0xF79D,0xF79D,
0xF77D,0xF77D,0xF77D,0xF77D,0xF77D,0xF77D,0xF77D,0xEF7D,0xF79D,0xF77D,0xF79D,0xF79D,0xEF7D,0xEF7D,0xF79E,0xF79E,
0xF79E,0xF79E,0xF79E,0xEF9D,0xF79D,0xEF9D,0xF79D,0xF79D,0xF79D,0xF79D,0xEF9D,0xF79D,0xEF9D,0xEF9D,0xEF9D,0xEF9D,
0xEF9D,0xEF9D,0xEF9D,0xEF9D,0xEF9D,0xEF9D,0xEF9D,0xEF9D,0xF79D,0xF77D,0xEF7D,0xEF7D,0xEF7D,0xF77D,0xF79D,0xEF9D,
0xEF9D,0xEF9D,0xF79D,0xEF9D,0xEF9D,0xF77D,0xEF7D,0xF77D,0xF77D,0xF77D,0xF77D,0xF77D,0xEF7D,0xEF7D,0xEF9D,0xEF7D,
0xEF7D,0xEF9D,0xEF9D,0xEF9D,0xF79D,0xF79D,0xF79D,0xF79D,0xF79D,0xEF9D,0xEF9D,0xF79D,0xF79D,0xF77D,0xF77D,0xF77D,
0xF77D,0xEF7D,0xEF9D,0xF79D,0xF79D,0xF79D,0xF79D,0xF77D,0xF79D,0xEF9D,0xEF9D,0xF7BD,0xEE16,0xCB8A,0xDBAB,0xD3AB,
0xD3AB,0xD3AB,0xD3AB,0xD3AB,0xDBAB,0xDBAB,0xD3AB,0xDBCB,0xDBCB,0xDBCB,0xD3EC,0xDD32,0xDDF5,0xDDB4,0xDD94,0xDD94,
0xDD94,0xD594,0xD594,0xDD94,0xDDB5,0xDDB5,0xDDB5,0xDDF5,0xDDD5,0xDCAF,0xD38B,0xDBCB,0xDBCB,0xD3AB,0xDBAB,0xD3AB,
0xDBAB,0xDBCB,0xDBAB,0xDBAB,0xDBAB,0xDBAB,0xDBAB,0xD42D,0xDDB4,0xDDB5,0xDD94,0xD594,0xD5B4,0xD5B4,0xDDB4,0xD5B4,
0xD5B4,0xD5B4,0xD5B4,0xD5B4,0xD5B4,0xD5B4,0xDD94,0xDDB4,0xDD94,0xD5B4,0xDDB4,0xDDB4,0xDDB5,0xDDB5,0xDD94,0xDD94,
0xDDB4,0xDD94,0xDDD5,0xE5B5,0xDC6F,0xD38A,0xDBCB,0xDBAB,0xDBAB,0xD3AB,0xD3AB,0xDBAB,0xDBAB,0xDBAB,0xD3AB,0xDBAB,
0xDBAB,0xD3AB,0xD44E,0xDDD5,0xDDF6,0xDDB5,0xDD95,0xDD94,0xDD94,0xDD94,0xDD74,0xD574,0xD574,0xDD94,0xDDB5,0xDDD6,
0xDD53,0xDC0D,0xDB8B,0xD3AB,0xD3AA,0xD3AB,0xD3AB,0xDBAB,0xDBCB,0xDBCB,0xDBCB,0xDBCB,0xDBCB,0xDBCB,0xDBCB,0xDBAB,
0xD38A,0xD46F,0xF75C,0xEF9D,0xEF7D,0xEF9D,0xEF9D,0xEF9D,0xF79D,0xF79D,0xEF9D,0xEF9D,0xEF9D,0xEF9D,0xEF9D,0xEF9D,
0xEF7D,0xEF9D,0xF79D,0xEF7D,0xEF7D,0xF77D,0xF77D,0xEF7D,0xEF7D,0xEF9D,0xF79D,0xF79D,0xF79D,0xEF9D,0xF79D,0xF79D,
0xF79D,0xF79D,0xEF9D,0xEF9D,0xEF9D,0xEF9D,0xEF9D,0xEF9D,0xF79D,0xEF9D,0xEF9D,0xEF9D,0xEF7D,0xEF9D,0xF79D,0xEF9D,
0xF79D,0xF79D,0xF79D,0xEF9D,0xEF9D,0xEF9D,0xF79D,0xF77D,0xF77D,0xF77D,0xF77D,0xEF7D,0xF77D,0xF77D,0xF77D,0xF77D,
0xF77D,0xF77D,0xF77D,0xEF7D,0xF77D,0xF79D,0xEF9D,0xEF7D,0xEF7D,0xF79E,0xF79E,0xF79E,0xF79E,0xF79E,0xEF9D,0xEF9D,
0xF79D,0xF79D,0xF79D,0xF79D,0xF79D,0xF79D,0xEF9D,0xEF9D,0xF79D,0xEF9D,0xF79D,0xEF9D,0xF79D,0xEF9D,0xF79D,0xF79D,
0xEF9D,0xEF9D,0xEF7D,0xF77D,0xF79D,0xF77D,0xEF7D,0xEF7D,0xF79D,0xEF9D,0xEF7D,0xEF9D,0xEF9D,0xF79D,0xEF9D,0xEF9D,
0xF77D,0xF77D,0xF77D,0xF77D,0xEF7D,0xF77D,0xEF7D,0xEF7D,0xEF7D,0xEF9D,0xEF7D,0xEF9D,0xEF9D,0xEF9D,0xEF9D,0xEF7D,
0xEF9D,0xF79D,0xF79D,0xF79D,0xEF9D,0xEF9D,0xF79D,0xF79D,0xF77D,0xF77D,0xF79D,0xF79D,0xF79D,0xF79D,0xF79D,0xF79D,
0xF79D,0xF79D,0xF79D,0xF79D,0xEF9D,0xEF9D,0xF7BD,0xEE16,0xCB8A,0xDBAB,0xDBAB,0xD3AB,0xD3AB,0xDBCB,0xDBCB,0xDBCB,
0xDBCB,0xDBCB,0xDBCB,0xD3CB,0xDBCB,0xD3CB,0xEEB8,0xFFFF,0xFFDE,0xFFDE,0xFFDE,0xFFDE,0xFFDE,0xFFDE,0xFFDE,0xFFDE,
0xFFDE,0xFFDE,0xFFFF,0xFFFF,0xE593,0xD349,0xDBCB,0xDBAB,0xDBAB,0xDBAB,0xD3AB,0xD3AB,0xDBCB,0xDBCB,0xDBAB,0xDBAB,
0xDBCB,0xDBAB,0xCC4D,0xF79D,0xFFFF,0xFFDE,0xF7DE,0xFFDE,0xFFDE,0xFFDE,0xFFDE,0xFFDE,0xFFDE,0xFFDE,0xFFDE,0xFFDE,
0xFFDE,0xF7DE,0xFFDE,0xFFDE,0xFFDE,0xFFDE,0xF7DE,0xF7DE,0xF7DE,0xF7DE,0xFFDE,0xFFDE,0xFFDE,0xFFFF,0xFFDE,0xE511,
0xD36A,0xDBCB,0xDBAB,0xDBAB,0xDBCB,0xDBCB,0xDBCB,0xDBAB,0xDBAB,0xDBCB,0xDBCB,0xDBCB,0xD38A,0xD4D0,0xFFBE,0xFFFF,
0xFFDE,0xF7DE,0xF7DE,0xF7DE,0xF7DE,0xF7BE,0xF7BE,0xF7BE,0xF7DE,0xF7DE,0xFFFF,0xF73B,0xDC6E,0xD36A,0xDBCB,0xD38B,
0xD3AB,0xD3AB,0xDBAB,0xDBCB,0xDBCB,0xDBCB,0xDBCB,0xDBCB,0xDBCB,0xDBAB,0xDBAB,0xD38A,0xD46F,0xF75C,0xEF9D,0xEF9D,
0xF79D,0xF79D,0xF79D,0xF79D,0xF79D,0xEF9D,0xEF9D,0xEF9D,0xF79D,0xF79D,0xF79D,0xF79D,0xF77D,0xF77D,0xF77D,0xF79D,
0xF79D,0xF79D,0xF79D,0xEF9D,0xEF9D,0xF79D,0xF79D,0xF79D,0xF79D,0xF79D,0xF79D,0xEF9D,0xF79D,0xF79D,0xEF9D,0xEF9D,
0xEF7D,0xF77D,0xF77D,0xF79D,0xF79D,0xF79D,0xF79D,0xF79D,0xF79D,0xF79D,0xF79D,0xF79D,0xF79D,0xEF9D,0xEF9D,0xF79D,
0xEF9D,0xEF9D,0xF77D,0xF79D,0xF77D,0xF77D,0xF79D,0xF79D,0xF77D,0xF77D,0xF77D,0xF77D,0xF79D,0xF79D,0xF77D,0xF77D,
0xF77D,0xEF9D,0xEF9D,0xEF7D,0xF79E,0xF79E,0xF79E,0xF79E,0xF79E,0xEF9D,0xEF7D,0xF79D,0xF79D,0xF79D,0xF79D,0xF79D,
0xF79D,0xEF9D,0xF79D,0xF79D,0xF79D,0xEF9D,0xEF9D,0xF79D,0xF79D,0xEF9D,0xF79D,0xF79D,0xF79D,0xF77D,0xF77D,0xF79D,
0xF79D,0xEF7D,0xEF9D,0xF79D,0xF79D,0xEF9D,0xEF9D,0xF79D,0xEF9D,0xEF9D,0xEF9D,0xEF7D,0xF77D,0xF79D,0xF77D,0xF77D,
0xF77D,0xF77D,0xEF7D,0xEF7D,0xEF9D,0xEF9D,0xEF7D,0xF79D,0xF79D,0xEF9D,0xEF9D,0xF79D,0xEF9D,0xEF9D,0xF79D,0xF79D,
0xF79D,0xF79D,0xF77D,0xF77D,0xF79D,0xF79D,0xF79D,0xF79D,0xF79D,0xEF9D,0xF79D,0xF79D,0xF79D,0xF79D,0xF77D,0xF79D,
0xEF9D,0xF7BD,0xEE16,0xCB8A,0xDBAB,0xDBAB,0xDBAB,0xD3CB,0xDBCB,0xDBCB,0xDBCB,0xDBCB,0xDBCB,0xDBCB,0xD3CB,0xDBAB,
0xD3AB,0xE657,0xF7BE,0xEF7D,0xEF7C,0xEF7D,0xEF7D,0xF77D,0xF77D,0xF77D,0xEF7D,0xEF7D,0xEF7D,0xF7BD,0xF79C,0xE532,
0xD349,0xDBCC,0xD3AB,0xDBAB,0xDBAB,0xDBCB,0xDBCB,0xDBCB,0xDBAB,0xDBAC,0xDBAB,0xD3CB,0xDB8A,0xCC0D,0xF71B,0xF7BE,
0xEF7D,0xEF7C,0xEF7D,0xEF7D,0xEF7D,0xEF7D,0xEF7D,0xEF7D,0xEF7D,0xEF7D,0xEF7D,0xEF7D,0xF77D,0xF77D,0xEF7D,0xEF7D,
0xEF7D,0xEF7D,0xEF7D,0xEF7D,0xEF7D,0xEF7D,0xEF7C,0xEF7D,0xEFBE,0xF77C,0xDCD0,0xD36A,0xDBCB,0xDBAB,0xDBCB,0xDBCB,
0xDBCB,0xDBCB,0xDBAB,0xDBAB,0xDBAB,0xD3AB,0xDBCB,0xD38A,0xD490,0xF77C,0xF7BE,0xEF7C,0xEF7D,0xEF9D,0xEF9D,0xEF7C,
0xEF7C,0xEF7C,0xEF7C,0xEF7D,0xEF5C,0xF7DE,0xF6D9,0xDC4E,0xD36A,0xDBCB,0xD38B,0xD38B,0xD3AB,0xDBAB,0xDBCB,0xDBCB,
0xDBCB,0xDBCC,0xDBCB,0xDBCB,0xDBCB,0xDBCB,0xD38A,0xD46F,0xF75C,0xEF9D,0xF79D,0xF79D,0xEF9D,0xEF9D,0xF79D,0xF79D,
0xEF9D,0xEF9D,0xEF9D,0xF79D,0xF79D,0xF79D,0xF79D,0xF79D,0xF79D,0xF79D,0xF79D,0xF79D,0xF79D,0xF79D,0xF79D,0xF79D,
0xF79D,0xF79D,0xF79D,0xF79D,0xF79D,0xF79D,0xEF9D,0xF79D,0xF79D,0xF79D,0xF79D,0xF79D,0xF79D,0xF79D,0xF79D,0xF79D,
0xF79D,0xF79D,0xF79D,0xF79D,0xF79D,0xF79D,0xF79D,0xF79D,0xEF9D,0xEF9D,0xF79D,0xF79D,0xF79D,0xF79D,0xF77D,0xF79D,
0xF77D,0xF77D,0xF79D,0xF77D,0xF77D,0xF79D,0xF79D,0xF79D,0xF77D,0xF77D,0xF77D,0xF77D,0xEF9D,0xEF9D,0xEF9D,0xF79E,
0xF79E,0xF79E,0xF79E,0xF79E,0xF79D,0xEF9D,0xEF9D,0xF79D,0xF79D,0xF79D,0xF79D,0xF79D,0xF79D,0xF79D,0xF79D,0xF79D,
0xEF9D,0xEF9D,0xEF9D,0xEF7D,0xEF7D,0xEF9D,0xEF9D,0xEF9D,0xF79D,0xF79D,0xF79D,0xEF7D,0xEF7D,0xEF9D,0xEF9D,0xF79D,
0xF79D,0xEF9D,0xEF7D,0xEF9D,0xF79D,0xEF9D,0xF77D,0xEF7D,0xF77D,0xF77D,0xEF7D,0xEF7D,0xEF7D,0xF77D,0xEF7D,0xEF7D,
0xEF7D,0xEF9D,0xEF9D,0xF79D,0xEF9D,0xEF9D,0xEF9D,0xEF7D,0xEF9D,0xF79D,0xEF9D,0xEF9D,0xF79D,0xF79D,0xF79D,0xF79D,
0xF79D,0xF79D,0xEF9D,0xF79D,0xEF9D,0xF79D,0xEF9D,0xEF9D,0xF79D,0xF79D,0xF79D,0xF79D,0xF79E,0xEE36,0xCB8A,0xDBAB,
0xD3AB,0xDBAB,0xDBCB,0xDBCB,0xDBCB,0xDBCB,0xDBCB,0xD3CB,0xDBAB,0xDBCB,0xDBAA,0xCB8B,0xE637,0xF7BE,0xEF9D,0xF79D,
0xF79D,0xF79D,0xF79D,0xEF9D,0xF79D,0xF79D,0xF79D,0xEF7D,0xEFBE,0xF77C,0xE531,0xD329,0xD3CB,0xD3AB,0xD3AB,0xDBCB,
0xDBCB,0xDBCB,0xDBCB,0xDBCB,0xDBAC,0xDBAB,0xD3AB,0xDB8A,0xCBEC,0xEF1B,0xF7BE,0xEF9D,0xEF9D,0xF79D,0xF79D,0xEF9D,
0xEF9D,0xF79D,0xEF9D,0xEF9D,0xEF9D,0xEF9D,0xF79D,0xF79D,0xF79D,0xF79D,0xEF9D,0xEF9D,0xF79D,0xF77D,0xF79D,0xEF9D,
0xEF9D,0xEF9D,0xEF9D,0xF7BE,0xF77C,0xDCD0,0xCB49,0xD3AB,0xDBAB,0xDBAB,0xDBAB,0xDBAB,0xDBAB,0xDBAB,0xDBAB,0xDBAB,
0xD3AB,0xDBCB,0xD38A,0xD48F,0xF77C,0xF7BE,0xEF9D,0xF79D,0xF79D,0xF77D,0xEF7D,0xEF7D,0xEF7D,0xF77D,0xF79D,0xEF7D,
0xF7DF,0xF6FA,0xDC2D,0xD36A,0xDBCB,0xD38B,0xD3AB,0xD3AB,0xDBAB,0xDBAB,0xDBCB,0xDBCB,0xDBCC,0xDBCC,0xDBCB,0xDBAB,
0xDBAB,0xD38A,0xD46F,0xF75C,0xEF9D,0xEF9D,0xF79D,0xEF9D,0xEF9D,0xF79D,0xF79D,0xF79D,0xF79D,0xF79D,0xEF9D,0xEF9D,
0xEF9D,0xEF9D,0xF77D,0xF77D,0xF77D,0xF77D,0xF77D,0xF77D,0xF77D,0xF79D,0xF79D,0xF79D,0xF79D,0xF79D,0xF79D,0xF79D,
0xF79D,0xEF9D,0xEF9D,0xF79D,0xF79D,0xF79D,0xF79D,0xF77D,0xF79D,0xF79D,0xF79D,0xF79D,0xF79D,0xEF9D,0xF79D,0xF79D,
0xF79D,0xF79D,0xEF9D,0xF79D,0xF79D,0xF79D,0xF79D,0xF79D,0xF79D,0xF77D,0xF79D,0xF77D,0xF77D,0xF77D,0xF77D,0xF79D,
0xF79D,0xF79D,0xF79D,0xF79D,0xF79D,0xF77D,0xF77D,0xEF9D,0xEF9D,0xEF7D,0xF79E,0xF79E,0xF79E,0xF79E,0xF79E,0xEF9D,
0xEF9D,0xEF9D,0xF79D,0xF79D,0xF79D,0xF79D,0xEF9D,0xEF9D,0xF79D,0xF79D,0xEF9D,0xEF9D,0xF79D,0xEF9D,0xEF9D,0xEF7D,
0xF77D,0xEF7D,0xEF9D,0xF79D,0xF77D,0xF77D,0xEF7D,0xEF7D,0xEF7D,0xEF9D,0xEF9D,0xEF9D,0xEF9D,0xEF9D,0xEF9D,0xF79D,
0xEF9D,0xF77D,0xEF7D,0xEF7D,0xEF7D,0xEF7D,0xEF7D,0xEF7D,0xEF9D,0xEF9D,0xEF9D,0xEF7D,0xEF9D,0xEF7D,0xEF7D,0xF79D,
0xEF9D,0xEF7D,0xEF7D,0xEF7D,0xF77D,0xEF7D,0xEF7D,0xF79D,0xF79D,0xF79D,0xEF9D,0xEF9D,0xF79D,0xEF9D,0xEF9D,0xF79D,
0xEF9D,0xF79D,0xF79D,0xEF9D,0xF79D,0xF79D,0xEF9D,0xF7BE,0xEE16,0xCB8A,0xD3AB,0xD3AB,0xDBAB,0xDBAB,0xDBCB,0xDBCB,
0xDBCB,0xDBCB,0xDBCB,0xDBAB,0xDBAB,0xDBAB,0xD38A,0xE636,0xF7BE,0xEF9D,0xF79D,0xF79D,0xF79D,0xF79D,0xF79D,0xF79D,
0xF79D,0xF79D,0xF77D,0xF7BE,0xF77C,0xE511,0xD329,0xD3CB,0xD3AB,0xDBAB,0xDBCB,0xDBCB,0xDBCB,0xDBCB,0xDBCC,0xDBCB,
0xDBAB,0xDBAB,0xDB8A,0xCBEC,0xEF1A,0xF7BE,0xF77D,0xF79D,0xF79D,0xF79D,0xF79D,0xF79D,0xF79D,0xF79D,0xF79D,0xEF9D,
0xF77D,0xF79D,0xF79D,0xF77D,0xF77D,0xF79D,0xF79D,0xEF9D,0xEF9D,0xEF9D,0xEF9D,0xF79D,0xEF9D,0xEF7D,0xF7BE,0xFF7C,
0xDCAF,0xCB49,0xDBAB,0xDBAB,0xDBCB,0xDBAB,0xDBAB,0xDBCB,0xDBAB,0xDBAB,0xDBAB,0xD3AB,0xDBCB,0xD369,0xD46F,0xEF5C,
0xF7BE,0xEF9D,0xF79D,0xEF9D,0xEF9D,0xEF9D,0xF77D,0xF77D,0xF77D,0xF79D,0xEF7D,0xF7DE,0xF6D9,0xDC2D,0xD36A,0xDBCB,
0xD38B,0xD3AB,0xD3AB,0xD3AB,0xDBCB,0xDBCB,0xDBCB,0xDBCB,0xDBCB,0xDBAC,0xDBAB,0xDBAB,0xDB8A,0xCC6F,0xF75C,0xEF9D,
0xF79D,0xF79D,0xEF9D,0xEF9D,0xF79D,0xF79D,0xF79D,0xF79D,0xF79D,0xF79D,0xF79D,0xF79D,0xEF7D,0xEF7D,0xF77D,0xEF7D,
0xF77D,0xF77D,0xF77D,0xF79D,0xF79D,0xF79D,0xF79D,0xF79D,0xF79D,0xF79D,0xF79D,0xF79D,0xEF9D,0xEF9D,0xF79D,0xF79D,
0xEF9D,0xEF9D,0xEF9D,0xEF9D,0xF79D,0xF79D,0xF79D,0xF79D,0xEF7D,0xF79D,0xEF9D,0xEF9D,0xEF9D,0xEF9D,0xF79D,0xEF9D,
0xF79D,0xF79D,0xEF9D,0xF77D,0xF77D,0xF77D,0xF77D,0xEF7D,0xEF7D,0xF77D,0xEF7D,0xEF9D,0xF79D,0xF79D,0xF77D,0xF79D,
0xEF7D,0xF77D,0xEF7D,0xEF7D,0xEF7D,0xF79E,0xF79E,0xF79E,0xF79E,0xF79E,0xEF9D,0xF79D,0xF79D,0xF79D,0xF79D,0xF79D,
0xF79D,0xF79D,0xF79D,0xF79D,0xF79D,0xEF9D,0xEF7D,0xEF9D,0xEF9D,0xF79D,0xF79D,0xF77D,0xF77D,0xF77D,0xF77D,0xF77D,
0xF77D,0xF79D,0xEF9D,0xEF9D,0xF79D,0xF79D,0xEF9D,0xEF9D,0xEF9D,0xEF9D,0xEF9D,0xF79D,0xF79D,0xF77D,0xEF7D,0xF77D,
0xF77D,0xEF7D,0xEF7D,0xEF9D,0xEF9D,0xF79D,0xEF9D,0xEF9D,0xEF7D,0xEF9D,0xEF7D,0xEF7D,0xEF9D,0xF77D,0xF77D,0xF77D,
0xF77D,0xF77D,0xF77D,0xF77D,0xF79D,0xEF9D,0xEF9D,0xF79D,0xF79D,0xF79D,0xEF9D,0xF79D,0xF79D,0xF79D,0xEF9D,0xEF9D,
0xF79D,0xEF9D,0xF7BE,0xEE16,0xCB8A,0xDBAB,0xD3AB,0xDBAB,0xDBAB,0xDBCB,0xDBCB,0xDBCB,0xDBCB,0xDBCB,0xD3AB,0xDBAB,
0xDB8A,0xD36A,0xE636,0xF7BE,0xEF9D,0xF79D,0xF79D,0xF79D,0xF79D,0xF79D,0xF79D,0xF79D,0xF79D,0xEF7D,0xEF9D,0xF77C,
0xE511,0xD329,0xD3CB,0xD3AB,0xDBAB,0xDBAB,0xDBAB,0xDBCB,0xDBCB,0xDBCC,0xDBCB,0xDBAB,0xDBAB,0xDB8A,0xCBEC,0xEEFA,
0xF7BD,0xF79D,0xF79D,0xEF9D,0xEF9D,0xF79D,0xF79D,0xF79D,0xF79D,0xF79D,0xF79D,0xF79D,0xF79D,0xF79D,0xF77D,0xF77D,
0xF77D,0xF79D,0xF79D,0xF79D,0xF79D,0xF79D,0xF79D,0xF79D,0xEF7D,0xF7BE,0xF75C,0xDCAF,0xD349,0xDBCB,0xDBAB,0xDBCB,
0xDBCB,0xDBCB,0xDBCB,0xDBCB,0xDBCB,0xDBCB,0xD3CB,0xDBCB,0xD369,0xCC4E,0xEF3B,0xF7BE,0xEF7D,0xF79D,0xF79D,0xF79D,
0xF77D,0xEF7D,0xEF7D,0xEF9D,0xF79D,0xEF7D,0xF7DE,0xF6D9,0xD42D,0xD349,0xDBAB,0xD3AB,0xD3AB,0xD3AB,0xDBCB,0xDBCB,
0xDBCB,0xDBCB,0xDBCB,0xDBCB,0xDBCC,0xDBCB,0xDBAB,0xDBAA,0xD46F,0xF75C,0xEF9D,0xF79D,0xF79D,0xEF9D,0xEF9D,0xF79D,
0xF79D,0xF79D,0xF79D,0xF79D,0xF79D,0xF79D,0xF79D,0xF77D,0xEF7D,0xEF7D,0xF79D,0xF79D,0xF79D,0xF79D,0xF79D,0xF79D,
0xF79D,0xF79D,0xF79D,0xF79D,0xF79D,0xF79D,0xEF9D,0xF79D,0xF79D,0xF79D,0xEF9D,0xF79D,0xF79D,0xF79D,0xEF9D,0xF79D,
0xF79D,0xEF9D,0xEF9D,0xF79D,0xEF9D,0xEF9D,0xF79D,0xEF9D,0xEF9D,0xEF9D,0xF79D,0xF79D,0xEF9D,0xF79D,0xF77D,0xF77D,
0xF79D,0xF79D,0xF77D,0xF77D,0xF79D,0xF79D,0xF79D,0xF79D,0xF79D,0xEF7D,0xF77D,0xEF7D,0xF77D,0xEF7D,0xEF7D,0xEF7D,
0xF79E,0xF79E,0xF79E,0xF79E,0xF79E,0xF79D,0xF79D,0xF79D,0xF79D,0xF79D,0xF79D,0xF79D,0xF79D,0xF79D,0xF79D,0xEF9D,
0xEF7D,0xEF9D,0xEF9D,0xEF9D,0xEF9D,0xF77D,0xF77D,0xF77D,0xF77D,0xF79D,0xF79D,0xF77D,0xF79D,0xF79D,0xF79D,0xF79D,
0xF79D,0xEF9D,0xF79D,0xEF7D,0xEF9D,0xEF9D,0xF79D,0xF79D,0xEF7D,0xF77D,0xF79D,0xF77D,0xF77D,0xF77D,0xEF7D,0xEF9D,
0xEF9D,0xEF7D,0xEF7D,0xEF7D,0xEF7D,0xEF7D,0xEF9D,0xEF9D,0xEF7D,0xF77D,0xF79D,0xF79D,0xF77D,0xF77D,0xF79D,0xF79D,
0xF79D,0xF79D,0xF79D,0xF79D,0xF79D,0xEF9D,0xF79D,0xF79D,0xF79D,0xF79D,0xF79D,0xF79D,0xEF9D,0xF7BE,0xEE16,0xCB8A,
0xDBAB,0xDBAB,0xDBAB,0xDBAB,0xDBCB,0xDBCB,0xDBCB,0xDBCB,0xD3AB,0xD3AB,0xD3AB,0xDB8A,0xD36A,0xE636,0xF7BE,0xF79D,
0xF79D,0xF79D,0xF79D,0xF79D,0xF79D,0xF79D,0xF79D,0xF79D,0xEF7D,0xEF9D,0xF77C,0xE511,0xCB09,0xD3CB,0xDBAB,0xDBCB,
0xDBCB,0xDBCB,0xDBCB,0xDBCB,0xDBCC,0xDBCB,0xDBAB,0xDBAB,0xDBAA,0xD3EC,0xEEFA,0xEF9D,0xF79D,0xF79D,0xF79D,0xF79D,
0xF79D,0xF79D,0xF79D,0xF79D,0xF79D,0xF79D,0xF79D,0xF79D,0xF79D,0xF79D,0xF77D,0xF77D,0xF79D,0xF79D,0xF79D,0xF79D,
0xF79D,0xF79D,0xF79D,0xEF7D,0xF7BD,0xF75C,0xDCAF,0xD349,0xDBCB,0xDBAB,0xDBCB,0xDBCB,0xDBCB,0xDBCB,0xDBCB,0xDBCB,
0xDBCB,0xD3CB,0xDBCB,0xD369,0xD42E,0xEF3B,0xF7BE,0xEF7D,0xF79D,0xEF9D,0xF79D,0xF79D,0xF79D,0xF79D,0xF79D,0xF79D,
0xEF7D,0xF7DE,0xF6D9,0xD42D,0xD36A,0xDBCB,0xD38B,0xD3AB,0xD3AB,0xDBCB,0xDBCB,0xDBCB,0xDBCB,0xDBCB,0xDBCB,0xDBCC,
0xDBCB,0xDBCB,0xDBAA,0xCC6F,0xF75C,0xEF9D,0xF79D,0xF79D,0xEF9D,0xEF9D,0xF79D,0xF79D,0xF79D,0xF79D,0xF79D,0xF79D,
0xF79D,0xF79D,0xF79D,0xF79D,0xEF7D,0xF77D,0xF79D,0xF79D,0xF79D,0xF79D,0xEF9D,0xEF9D,0xF79D,0xF79D,0xF79D,0xF79D,
0xF79D,0xEF9D,0xF79D,0xF79D,0xF79D,0xF79D,0xF79D,0xF79D,0xF79D,0xEF9D,0xF79D,0xF79D,0xEF9D,0xEF7D,0xEF9D,0xEF9D,
0xEF9D,0xF79D,0xEF9D,0xEF9D,0xF79D,0xF79D,0xF79D,0xEF9D,0xF79D,0xF79D,0xF77D,0xF79D,0xF79D,0xF79D,0xF79D,0xF77D,
0xF77D,0xEF9D,0xEF9D,0xEF7D,0xEF7D,0xF77D,0xF77D,0xF77D,0xEF9D,0xEF7D,0xEF7D,0xF79E,0xF79E,0xF79E,0xF79E,0xF79E,
0xEF9D,0xEF9D,0xF79D,0xF79D,0xF79D,0xF79D,0xEF9D,0xEF9D,0xF79D,0xF79D,0xEF9D,0xEF9D,0xEF7D,0xEF9D,0xEF9D,0xEF9D,
0xEF7D,0xEF7D,0xEF7D,0xF79D,0xF79D,0xEF7D,0xEF7D,0xEF7D,0xEF9D,0xF79D,0xF79D,0xEF9D,0xEF9D,0xEF9D,0xEF9D,0xEF9D,
0xEF7D,0xEF9D,0xF79D,0xEF7D,0xEF7D,0xEF7D,0xF77D,0xEF7D,0xEF7D,0xEF9D,0xEF9D,0xEF9D,0xEF7D,0xEF9D,0xEF9D,0xEF9D,
0xEF7D,0xEF9D,0xEF9D,0xF79D,0xF79D,0xF79D,0xF77D,0xF79D,0xF79D,0xF77D,0xF79D,0xEF9D,0xEF9D,0xF79D,0xEF9D,0xEF9D,
0xEF9D,0xEF9D,0xF79D,0xEF9D,0xF79D,0xF79D,0xEF7D,0xEF9D,0xF7BE,0xEE36,0xCB8A,0xDBAB,0xD3AB,0xDBAB,0xDBAB,0xDBCB,
0xDBCB,0xDBCB,0xDBCB,0xDBCB,0xDBAB,0xDBAB,0xDB8A,0xD36A,0xEE36,0xF7BE,0xEF9D,0xF79D,0xF79D,0xF79D,0xF79D,0xF79D,
0xF79D,0xEF9D,0xF79D,0xEF7D,0xEF9D,0xF77C,0xE511,0xD329,0xD3CB,0xD3AB,0xDBAB,0xDBCB,0xDBCB,0xDBCB,0xDBCB,0xDBCB,
0xDBCB,0xDBAB,0xDBAB,0xDB8A,0xCBEC,0xEEFA,0xF79D,0xEF7D,0xEF9D,0xF79D,0xF79D,0xF79D,0xF79D,0xF79D,0xF79D,0xF79D,
0xEF9D,0xEF7D,0xEF7D,0xF79D,0xF77D,0xF79D,0xF77D,0xF79D,0xF79D,0xF79D,0xEF9D,0xEF9D,0xEF9D,0xF79D,0xEF7D,0xF79D,
0xF75C,0xDCB0,0xD349,0xDBCB,0xDBAB,0xDBAB,0xDBCB,0xDBCB,0xDBCB,0xDBCB,0xDBCB,0xDBAB,0xD3AB,0xDBCB,0xD369,0xD44E,
0xEF3B,0xEFBD,0xEF7D,0xEF9D,0xEF9D,0xF79D,0xF79D,0xF79D,0xF79D,0xF79D,0xF79D,0xEF7D,0xF7DE,0xEEB9,0xD40D,0xD36A,
0xD3CB,0xD3AB,0xDBAB,0xD3AB,0xD3CB,0xDBCB,0xDBCB,0xDBCB,0xDBCB,0xDBCB,0xDBCB,0xDBCB,0xDBCB,0xDBAA,0xCC6E,0xF75C,
0xEF9D,0xF79D,0xEF9D,0xF79D,0xF79D,0xF79D,0xF79D,0xF79D,0xEF9D,0xEF9D,0xF79D,0xF79D,0xF77D,0xF77D,0xF77D,0xF79D,
0xF79D,0xF79D,0xF79D,0xF79D,0xF79D,0xF79D,0xEF9D,0xF79D,0xF79D,0xF79D,0xF79D,0xEF9D,0xF79D,0xF79D,0xEF7D,0xEF9D,
0xF79D,0xEF9D,0xEF9D,0xF79D,0xEF9D,0xF79D,0xF79D,0xEF9D,0xF79D,0xEF9D,0xF79D,0xEF9D,0xEF9D,0xEF7D,0xEF7D,0xEF9D,
0xF79D,0xF79D,0xEF9D,0xEF9D,0xEF7D,0xEF7D,0xF79D,0xF77D,0xF77D,0xF79D,0xEF7D,0xF77D,0xF79D,0xF79D,0xEF7D,0xEF7D,
0xF77D,0xF77D,0xF77D,0xEF7D,0xEF7D,0xEF7D,0xF79E,0xF79E,0xF79E,0xF79E,0xF79E,0xEF9D,0xF79D,0xF79D,0xF79D,0xF79D,
0xF79D,0xF79D,0xEF9D,0xF79D,0xF79D,0xF79D,0xEF9D,0xEF9D,0xEF7D,0xEF7D,0xEF7D,0xEF9D,0xEF9D,0xEF9D,0xEF9D,0xEF9D,
0xEF9D,0xEF9D,0xEF9D,0xF79D,0xF79D,0xF79D,0xEF9D,0xEF9D,0xEF9D,0xEF7D,0xEF9D,0xEF7D,0xEF9D,0xEF9D,0xEF7D,0xEF7D,
0xEF7D,0xEF7D,0xEF7D,0xEF9D,0xEF9D,0xEF9D,0xEF9D,0xEF7D,0xEF9D,0xEF9D,0xEF9D,0xEF9D,0xEF9D,0xEF7D,0xEF9D,0xEF9D,
0xEF9D,0xEF9D,0xF79D,0xF79D,0xEF9D,0xEF9D,0xF79D,0xF79D,0xF79D,0xF79D,0xF79D,0xF79D,0xF79D,0xF79D,0xEF9D,0xF79D,
0xF79D,0xEF7D,0xEF9D,0xF7BE,0xEE16,0xCB8A,0xD3AB,0xD3AB,0xDBAB,0xDBAB,0xDBAB,0xDBCB,0xDBCB,0xDBCB,0xDBCB,0xDBAB,
0xDBAB,0xDB8A,0xD36A,0xE637,0xEFBE,0xEF9D,0xEF9D,0xEF9D,0xF79D,0xF79D,0xF79D,0xF79D,0xF79D,0xEF9D,0xEF7D,0xEFBE,
0xF77C,0xE511,0xCB29,0xD3CB,0xD3AB,0xDBCB,0xDBCB,0xDBCB,0xDBCB,0xDBCB,0xDBAB,0xDBAB,0xDBAB,0xD3AB,0xDB8A,0xCBEC,
0xEEFA,0xF7BD,0xEF7D,0xEF9D,0xF79D,0xF79D,0xF79D,0xF79D,0xF79D,0xF79D,0xEF9D,0xEF7D,0xEF7D,0xEF9D,0xEF9D,0xEF9D,
0xEF9D,0xEF9D,0xEF9D,0xF79D,0xF79D,0xF79D,0xF79D,0xF79D,0xF79D,0xEF7D,0xF79D,0xF77C,0xDCD0,0xD349,0xDBCB,0xDBAB,
0xDBAB,0xDBCB,0xDBCB,0xDBCB,0xDBCB,0xDBCB,0xDBCB,0xD3CB,0xDBAB,0xD369,0xD44E,0xF73B,0xF7BD,0xEF7D,0xEF9D,0xF79D,
0xF79D,0xF79D,0xF79D,0xEF9D,0xEF9D,0xF79D,0xEF7D,0xF7DE,0xEEB9,0xD40C,0xD36A,0xD3CB,0xD3AB,0xDBAB,0xD3CB,0xD3CB,
0xDBAB,0xDBAB,0xDBAB,0xDBCB,0xD3CB,0xD3CB,0xD3AB,0xDBCB,0xD38A,0xCC4E,0xEF5C,0xEF9D,0xF79D,0xF79D,0xF79D,0xF79D,
0xF79D,0xF79D,0xEF9D,0xEF9D,0xEF9D,0xF77D,0xF77D,0xF77D,0xF77D,0xEF9D,0xEF9D,0xEF9D,0xEF9D,0xF79D,0xF79D,0xF79D,
0xF79D,0xF79D,0xF79D,0xF79D,0xF79D,0xF79D,0xEF9D,0xEF9D,0xF79D,0xEF9D,0xF77D,0xF77D,0xF77D,0xEF7D,0xEF9D,0xEF9D,
0xF79D,0xF79D,0xEF9D,0xEF9D,0xF79D,0xF79D,0xEF9D,0xEF9D,0xEF9D,0xEF7D,0xEF9D,0xEF9D,0xEF9D,0xEF9D,0xEF9D,0xEF9D,
0xEF9D,0xEF9D,0xEF9D,0xEF9D,0xEF9D,0xF79D,0xF79D,0xF79D,0xF79D,0xF77D,0xF77D,0xF77D,0xF77D,0xF77D,0xEF7D,0xEF9D,
0xEF7D,0xF79E,0xF79E,0xF79E,0xF79E,0xF79E,0xF79D,0xF79D,0xEF9D,0xEF9D,0xF79D,0xF79D,0xF79D,0xF79D,0xF79D,0xEF9D,
0xF79D,0xEF9D,0xEF9D,0xEF9D,0xEF9D,0xEF7D,0xEF7D,0xF79D,0xF79D,0xEF7D,0xEF7D,0xEF9D,0xEF9D,0xEF9D,0xF79D,0xF79D,
0xEF9D,0xF79D,0xF79D,0xEF9D,0xEF9D,0xF79D,0xF79D,0xF79D,0xEF9D,0xEF7D,0xEF9D,0xEF9D,0xEF9D,0xEF9D,0xEF9D,0xEF9D,
0xF79D,0xF79D,0xEF9D,0xEF7D,0xEF9D,0xEF9D,0xF79D,0xEF9D,0xEF9D,0xF79D,0xF79D,0xF79D,0xEF9D,0xEF9D,0xF79D,0xF79D,
0xF79D,0xF79D,0xF79D,0xF79D,0xF79D,0xF79D,0xF79D,0xF79D,0xF79D,0xEF9D,0xF79D,0xEF9D,0xEF9D,0xF79D,0xF7BE,0xEE16,
0xD38A,0xDBAB,0xDBAB,0xDBAB,0xDBAB,0xDBAB,0xDBCB,0xDBCB,0xDBCB,0xDBCB,0xD3AB,0xD3AB,0xDB8B,0xD36A,0xE637,0xF7BE,
0xEF9D,0xF79D,0xF79D,0xF79D,0xF79D,0xF79D,0xF79D,0xF79D,0xEF9D,0xEF7D,0xF79D,0xF75C,0xE511,0xCB29,0xD3CB,0xD3AB,
0xD3AB,0xDBCB,0xDBCB,0xDBCC,0xDBCB,0xDBCB,0xDBAB,0xDBAB,0xDBCB,0xDBAB,0xCC0D,0xEF1A,0xEF9D,0xEF7D,0xEF9D,0xF79D,
0xF79D,0xF79D,0xF79D,0xF79D,0xF79D,0xEF9D,0xEF9D,0xF79D,0xEF9D,0xEF9D,0xF79D,0xF79D,0xF79D,0xF79D,0xEF9D,0xEF9D,
0xF79D,0xF79D,0xF79D,0xEF9D,0xEF7D,0xF79D,0xF77C,0xDCD0,0xD349,0xDBCB,0xD3AB,0xDBAB,0xDBCB,0xDBCB,0xDBCB,0xDBCB,
0xDBCB,0xDBCB,0xD3AB,0xDBAB,0xD369,0xD44E,0xEF3B,0xF7BD,0xEF7D,0xEF9D,0xF79D,0xF79D,0xF79D,0xF79D,0xF79D,0xF79D,
0xF79D,0xEF7D,0xF7DE,0xEEB8,0xD40C,0xD36A,0xDBCB,0xD3AB,0xDBAB,0xD3CB,0xD3CB,0xDBAB,0xDBAB,0xDBAB,0xDBCB,0xDBCB,
0xDBCB,0xDBCB,0xDBCB,0xD3AB,0xD46F,0xEF5C,0xEF9D,0xEF9D,0xF79D,0xF79D,0xF79D,0xF79D,0xEF9D,0xEF7D,0xF79D,0xEF9D,
0xEF9D,0xF79D,0xF79D,0xF79D,0xEF7D,0xEF9D,0xEF9D,0xF79D,0xF79D,0xF79D,0xF79D,0xF79D,0xF79D,0xF79D,0xF79D,0xF79D,
0xF79D,0xF79D,0xF79D,0xF79D,0xF79D,0xF79D,0xF77D,0xF79D,0xF79D,0xF79D,0xF79D,0xF79D,0xF79D,0xEF9D,0xEF9D,0xF79D,
0xEF9D,0xEF9D,0xF79D,0xEF9D,0xEF9D,0xEF9D,0xEF9D,0xEF9D,0xEF9D,0xEF9D,0xF79D,0xF79D,0xF79D,0xF79D,0xEF7D,0xEF7D,
0xEF9D,0xEF7D,0xF77D,0xF79D,0xF77D,0xF77D,0xF77D,0xEF7D,0xF77D,0xEF7D,0xEF9D,0xEF7D,0xF79E,0xF79E,0xF79E,0xF79E,
0xF79E,0xF79D,0xF79D,0xF79D,0xF79D,0xF79D,0xF79D,0xEF9D,0xEF9D,0xEF9D,0xF79D,0xF79D,0xF79D,0xEF9D,0xEF9D,0xF79D,
0xEF9D,0xEF7D,0xEF9D,0xEF9D,0xEF9D,0xEF9D,0xEF9D,0xF79D,0xF79D,0xEF9D,0xF79D,0xF79D,0xEF9D,0xF79D,0xF79D,0xF79D,
0xF79D,0xEF9D,0xEF9D,0xEF7D,0xEF7D,0xEF9D,0xEF9D,0xEF9D,0xEF9D,0xEF9D,0xEF9D,0xEF9D,0xF79D,0xEF9D,0xEF9D,0xEF9D,
0xF79D,0xEF9D,0xEF9D,0xEF9D,0xF79D,0xF79D,0xF79D,0xF79D,0xF79D,0xF79D,0xF79D,0xF79D,0xF79D,0xF79D,0xF79D,0xF79D,
0xF79D,0xF79D,0xF79D,0xF79D,0xF79D,0xF79D,0xF79D,0xF79D,0xF79D,0xF7BE,0xEE16,0xCB8A,0xDBAB,0xDBAB,0xDBAB,0xDBCB,
0xDBAB,0xDBCB,0xDBCB,0xDBCB,0xDBCB,0xDBCB,0xD3AB,0xDBAB,0xD38A,0xEE37,0xF7BE,0xEF9D,0xF79D,0xF79D,0xF79D,0xF79D,
0xF79D,0xF79D,0xF79D,0xF79D,0xEF7D,0xEFBE,0xF77C,0xE511,0xCB29,0xDBEB,0xDBCB,0xDBCB,0xDBCB,0xDBCC,0xDBCB,0xDBCB,
0xDBCB,0xDBCB,0xDBAB,0xD3CB,0xDBAA,0xCC0D,0xEF1A,0xF7BD,0xF79D,0xEF9D,0xEF9D,0xF79D,0xF79D,0xF79D,0xF79D,0xF79D,
0xEF9D,0xEF9D,0xF79D,0xF79D,0xF79D,0xF79D,0xF79D,0xF79D,0xF79D,0xEF9D,0xEF9D,0xF79D,0xF79D,0xF79D,0xEF9D,0xEF7D,
0xF79D,0xF77C,0xDCF0,0xD349,0xD3AB,0xD3AB,0xDBAB,0xDBCB,0xDBCB,0xDBCB,0xDBCB,0xDBCB,0xD3AB,0xD3AB,0xDBCB,0xD369,
0xD44E,0xF73B,0xF79D,0xEF7D,0xF79D,0xF79D,0xF79D,0xF79D,0xF79D,0xF79D,0xF79D,0xF79D,0xEF7C,0xF7DE,0xEEB8,0xD40C,
0xD36A,0xDBCB,0xDBCB,0xDBCB,0xD3AB,0xDBCB,0xDBCB,0xDBAB,0xDBAB,0xDBCB,0xDBCB,0xDBCB,0xDBCB,0xDBAB,0xD38A,0xD46F,
0xF75C,0xEF9D,0xF79D,0xF79D,0xF79D,0xF79D,0xF79D,0xF79D,0xEF9D,0xF79D,0xEF9D,0xF79D,0xF79D,0xF79D,0xF79D,0xEF9D,
0xF79D,0xEF9D,0xEF9D,0xF79D,0xF79D,0xF79D,0xF79D,0xF79D,0xF79D,0xF79D,0xF79D,0xF79D,0xF79D,0xF79D,0xF79D,0xF79D,
0xF79D,0xF79D,0xF79D,0xF79D,0xF79D,0xF79D,0xF79D,0xF79D,0xF79D,0xF79D,0xF79D,0xEF9D,0xEF9D,0xEF9D,0xEF9D,0xEF9D,
0xEF9D,0xF79D,0xEF9D,0xEF9D,0xF79D,0xF79D,0xF79D,0xF79D,0xF79D,0xEF9D,0xEF9D,0xF79D,0xF79D,0xF77D,0xF77D,0xF79D,
0xF79D,0xF79D,0xEF7D,0xF77D,0xEF7D,0xEF9D,0xEF7D,0xF79E,0xF79E,0xF79E,0xF79E,0xF79E,0xEF9D,0xEF9D,0xF79D,0xF79D,
0xF79D,0xF79D,0xF79D,0xF79D,0xF79D,0xF79D,0xF79D,0xEF9D,0xEF9D,0xEF9D,0xEF7D,0xEF9D,0xEF9D,0xF79D,0xF79D,0xF79D,
0xEF9D,0xEF9D,0xF79D,0xF79D,0xEF9D,0xEF9D,0xF79D,0xEF9D,0xF79D,0xF79D,0xEF9D,0xEF9D,0xEF9D,0xEF9D,0xEF9D,0xEF7D,
0xEF7D,0xEF9D,0xEF9D,0xEF9D,0xEF9D,0xF79D,0xEF9D,0xEF9D,0xF79D,0xF79D,0xEF9D,0xF79D,0xF79D,0xEF9D,0xF79D,0xF79D,
0xEF7D,0xEF7D,0xEF9D,0xF79D,0xEF9D,0xEF9D,0xF79D,0xF79D,0xF79D,0xF79D,0xF79D,0xF79D,0xF79D,0xF79D,0xF79D,0xF79D,
0xF79D,0xF79D,0xF79D,0xEF9D,0xF7BE,0xEE16,0xD38A,0xDBAB,0xDBAB,0xDBAB,0xDBAB,0xDBAB,0xDBAB,0xDBAB,0xDBCB,0xDBCB,
0xDBCB,0xDBCB,0xDBAB,0xD3AB,0xEE37,0xF79D,0xEF9D,0xF79D,0xF79D,0xF79D,0xF79D,0xF79D,0xF79D,0xF79D,0xF79D,0xEF7D,
0xF7BE,0xF77C,0xE531,0xD349,0xDBEC,0xDBCB,0xDBCB,0xDBCB,0xDBCC,0xDBCC,0xDBAB,0xDBCB,0xDBCB,0xDBCB,0xD3CB,0xDBAA,
0xCC2D,0xEF3B,0xF7BE,0xF79D,0xF79D,0xF79D,0xF79D,0xF79D,0xF79D,0xF79D,0xEF9D,0xEF9D,0xF79D,0xF79D,0xF79D,0xF79D,
0xF79D,0xF79D,0xF79D,0xEF9D,0xEF9D,0xF79D,0xF79D,0xF79D,0xF79D,0xEF9D,0xEF9D,0xF7BD,0xFF7C,0xDCF0,0xD349,0xDBCB,
0xDBAB,0xDBAB,0xDBCB,0xDBCB,0xDBCB,0xDBCB,0xDBCB,0xDBCB,0xD3CB,0xDBCB,0xD369,0xD44E,0xEF3B,0xEFBD,0xEF9D,0xEF9D,
0xF79D,0xF79D,0xF79D,0xF79D,0xF79D,0xF79D,0xF79D,0xEF7D,0xF7DE,0xEEB8,0xD40C,0xD36A,0xDBEB,0xDBCB,0xDBCB,0xDBCB,
0xDBCB,0xDBAB,0xDBAB,0xDBAB,0xDBAB,0xDBCB,0xDBCB,0xDBCB,0xDBCB,0xD3AB,0xD46F,0xF75C,0xEFBD,0xF79D,0xF79D,0xF79D,
0xF79D,0xF79D,0xF79D,0xEF9D,0xEF9D,0xEF9D,0xEF9D,0xEF9D,0xF79D,0xF79D,0xF79D,0xF79D,0xF79D,0xF79D,0xF79D,0xF79D,
0xF79D,0xF79D,0xF79D,0xEF9D,0xF79D,0xF79D,0xEF9D,0xF79D,0xF79D,0xF79D,0xF79D,0xF79D,0xF79D,0xF79D,0xF79D,0xF79D,
0xF79D,0xF79D,0xF79D,0xF79D,0xEF9D,0xF79D,0xF79D,0xF79D,0xF79D,0xF79D,0xF77D,0xF77D,0xF77D,0xF79D,0xF79D,0xF79D,
0xEF9D,0xEF9D,0xF79D,0xEF9D,0xEF9D,0xEF9D,0xF79D,0xF79D,0xF79D,0xF79D,0xF79D,0xF79D,0xF79D,0xF77D,0xF77D,0xEF9D,
0xEF9D,0xEF7D,0xF79E,0xF79E,0xF79E,0xF79E,0xF79E,0xEF9D,0xEF9D,0xEF9D,0xEF9D,0xF79D,0xEF9D,0xF79D,0xF79D,0xF79D,
0xEF9D,0xEF9D,0xEF9D,0xF79D,0xEF9D,0xEF7D,0xEF7D,0xEF7D,0xEF9D,0xEF9D,0xEF9D,0xEF9D,0xF79D,0xF79D,0xF79D,0xEF9D,
0xEF9D,0xF79D,0xF79D,0xF79D,0xEF9D,0xEF9D,0xEF9D,0xEF7D,0xEF9D,0xEF9D,0xEF7D,0xEF7D,0xEF9D,0xEF9D,0xEF7D,0xEF9D,
0xEF9D,0xEF9D,0xEF9D,0xEF7D,0xF79D,0xEF9D,0xEF7D,0xEF9D,0xEF9D,0xEF9D,0xF77D,0xF77D,0xEF7D,0xEF9D,0xF79D,0xEF9D,
0xEF9D,0xF79D,0xF79D,0xF79D,0xF79D,0xF79D,0xF79D,0xF79D,0xF79D,0xF79D,0xF79D,0xEF9D,0xF79D,0xF79D,0xEF9D,0xF7BE,
0xEE16,0xD38A,0xDBAB,0xDBAB,0xDBAB,0xDBAB,0xDBAB,0xDBAB,0xDBAB,0xDBCB,0xDBCB,0xD3AB,0xD3AB,0xDBCB,0xD3CB,0xE637,
0xF79D,0xEF9D,0xEF9D,0xF79D,0xF79D,0xF79D,0xF79D,0xF79D,0xF79D,0xF79D,0xEF7D,0xF7BD,0xF77C,0xE531,0xCB49,0xDBEC,
0xD3CB,0xDBCB,0xDBCB,0xDBAB,0xDBCB,0xDBAB,0xDBCB,0xDBCB,0xDBAB,0xD3AB,0xDBAA,0xCC2D,0xEF3B,0xF7BD,0xF79D,0xF79D,
0xF79D,0xF79D,0xF79D,0xF79D,0xEF9D,0xEF9D,0xEF9D,0xEF9D,0xEF9D,0xF79D,0xF79D,0xF79D,0xF79D,0xF79D,0xF79D,0xF79D,
0xF79D,0xF79D,0xF79D,0xF79D,0xEF9D,0xEF9D,0xF7BD,0xFF7C,0xDCD0,0xD349,0xDBCB,0xDBAB,0xD3AB,0xDBCB,0xDBCB,0xDBCB,
0xDBCB,0xDBCB,0xDBCB,0xD3CB,0xDBCB,0xD389,0xD46F,0xEF3B,0xEF9D,0xEF7D,0xEF9D,0xF79D,0xEF9D,0xF79D,0xF79D,0xF79D,
0xF79D,0xF79D,0xEF7D,0xF7DE,0xEEB8,0xD40C,0xD36A,0xDBEB,0xDBCB,0xDBCB,0xDBCB,0xD3AB,0xD3AB,0xD3AB,0xD3AB,0xD3AB,
0xD3AB,0xDBCB,0xDBCB,0xDBCB,0xD3AB,0xD46F,0xF75C,0xEFBD,0xF79D,0xF79D,0xF79D,0xF79D,0xF79D,0xF79D,0xF79D,0xF79D,
0xF79D,0xEF9D,0xEF9D,0xF79D,0xEF9D,0xEF9D,0xEF9D,0xF79D,0xF79D,0xF79D,0xF79D,0xF79D,0xF79D,0xF79D,0xEF9D,0xF79D,
0xF79D,0xEF9D,0xF79D,0xF79D,0xF79D,0xEF9D,0xEF9D,0xF79D,0xEF7D,0xEF9D,0xF79D,0xF79D,0xF79D,0xF79D,0xF79D,0xEF9D,
0xF79D,0xF79D,0xF79D,0xF79D,0xF79D,0xF79D,0xEF7D,0xF79D,0xF79D,0xF79D,0xF79D,0xEF9D,0xEF9D,0xF79D,0xEF9D,0xEF9D,
0xF79D,0xF79D,0xF79D,0xF79D,0xF79D,0xF79D,0xF79D,0xF77D,0xF77D,0xF77D,0xEF9D,0xEF9D,0xEF7D,0xF79E,0xF79E,0xF79E,
0xF79E,0xF79E,0xEF9D,0xEF9D,0xF79D,0xF79D,0xF79D,0xF79D,0xF79D,0xF79D,0xEF9D,0xF79D,0xF79D,0xF79D,0xF79D,0xEF9D,
0xEF9D,0xEF9D,0xEF9D,0xEF7D,0xEF7D,0xEF9D,0xEF9D,0xF79D,0xF79D,0xF79D,0xF79D,0xF79D,0xEF9D,0xEF9D,0xEF9D,0xEF9D,
0xEF9D,0xEF9D,0xEF7D,0xEF9D,0xEF9D,0xEF7D,0xEF9D,0xF79D,0xF79D,0xEF7D,0xF79D,0xEF9D,0xEF7D,0xEF9D,0xF79D,0xEF9D,
0xEF7D,0xEF9D,0xEF9D,0xEF9D,0xEF9D,0xEF7D,0xEF7D,0xEF7D,0xF79D,0xF79D,0xF79D,0xF79D,0xF79D,0xF79D,0xF79D,0xF79D,
0xF79D,0xF79D,0xF79D,0xF79D,0xF79D,0xF79D,0xF79D,0xEF9D,0xF79D,0xEF9D,0xF7BE,0xEE16,0xD38A,0xDBCB,0xDBAB,0xDBAB,
0xDBAB,0xDBAB,0xDBAB,0xD3AB,0xDBCB,0xDBCB,0xDBAB,0xDBAB,0xDBCB,0xD3CB,0xEE58,0xF79E,0xEF7D,0xF79D,0xEF9D,0xEF9D,
0xF79D,0xF79D,0xF79D,0xF79D,0xF79D,0xEF7D,0xEF9D,0xF77C,0xE552,0xCB49,0xDBEC,0xD3AB,0xD3AB,0xDBCB,0xD3AB,0xD3AB,
0xDBAB,0xDBCB,0xDBCB,0xDBCB,0xD3CB,0xDBAB,0xCC2D,0xEF3B,0xF7BE,0xF79D,0xF79D,0xF79D,0xF79D,0xEF9D,0xEF9D,0xEF9D,
0xEF9D,0xEF9D,0xF79D,0xF79D,0xF79D,0xF79D,0xF79D,0xF79D,0xF79D,0xF79D,0xF79D,0xF79D,0xF79D,0xEF9D,0xF79D,0xEF9D,
0xEF7D,0xF7BD,0xFF7C,0xDCD0,0xD349,0xDBCB,0xD3CB,0xD3CB,0xDBCB,0xDBCB,0xDBAB,0xDBCB,0xDBCB,0xDBCB,0xDBCB,0xDBCB,
0xD38A,0xD46F,0xEF5C,0xEFBD,0xEF9D,0xEF9D,0xEF9D,0xF79D,0xF79D,0xF79D,0xF79D,0xF79D,0xF79D,0xEF7D,0xF7DE,0xEED9,
0xD42D,0xD38A,0xDBEC,0xD3AB,0xDBCB,0xDBCB,0xD3AB,0xD3AB,0xD3AB,0xD3AB,0xD3AB,0xD3AB,0xDBCB,0xDBCB,0xDBCB,0xD3CB,
0xD46F,0xF77C,0xEFBD,0xF79D,0xEF9D,0xEF9D,0xF79D,0xF79D,0xF79D,0xF79D,0xEF7D,0xF77D,0xF79D,0xF79D,0xF79D,0xF79D,
0xF79D,0xF79D,0xEF9D,0xEF9D,0xF79D,0xF79D,0xF79D,0xF79D,0xF79D,0xF79D,0xF79D,0xF79D,0xEF9D,0xF79D,0xEF9D,0xEF9D,
0xF79D,0xEF9D,0xF79D,0xF79D,0xF79D,0xF79D,0xF79D,0xF79D,0xF79D,0xF79D,0xF79D,0xF79D,0xEF9D,0xF79D,0xF79D,0xF79D,
0xF79D,0xEF9D,0xF79D,0xF79D,0xF79D,0xEF9D,0xF79D,0xF79D,0xF79D,0xF79D,0xEF9D,0xF79D,0xF79D,0xF77D,0xF79D,0xF77D,
0xF79D,0xF79D,0xF79D,0xF77D,0xF77D,0xEF7D,0xEF9D,0xEF7D,0xF79E,0xF79E,0xF79E,0xF79E,0xF79E,0xEF9D,0xF79D,0xF79D,
0xF79D,0xF79D,0xF79D,0xF79D,0xF79D,0xF79D,0xF79D,0xF79D,0xF79D,0xF79D,0xF79D,0xF79D,0xEF9D,0xEF7D,0xF77D,0xEF7D,
0xEF9D,0xF79D,0xF79D,0xEF9D,0xEF9D,0xF79D,0xF79D,0xF79D,0xF79D,0xEF9D,0xEF9D,0xF79D,0xF79D,0xEF9D,0xEF7D,0xEF9D,
0xEF9D,0xF79D,0xF79D,0xF79D,0xEF9D,0xEF9D,0xF79D,0xEF9D,0xEF9D,0xEF7D,0xEF9D,0xF79D,0xF79D,0xF79D,0xEF9D,0xEF9D,
0xEF9D,0xF79D,0xF79D,0xEF9D,0xEF9D,0xEF9D,0xEF9D,0xEF9D,0xF79D,0xF79D,0xF79D,0xF79D,0xF79D,0xF79D,0xF79D,0xF79D,
0xF79D,0xF79D,0xEF9D,0xF79D,0xEF9D,0xF7BD,0xEE16,0xD38B,0xDBCB,0xDBAB,0xDBAB,0xDBAB,0xD3AB,0xD3AB,0xD3AB,0xDBCB,
0xDBCB,0xDBCB,0xDBCB,0xDBCB,0xD3EC,0xEE78,0xF7BE,0xEF9D,0xF79D,0xEF9D,0xEF9D,0xF79D,0xF79D,0xF79D,0xF79D,0xF79D,
0xEF7D,0xF7BD,0xF77C,0xE552,0xD36A,0xDBEC,0xDBCB,0xDBAB,0xD3AB,0xD3AB,0xD3AB,0xD3AB,0xD3AB,0xDBCB,0xDBCB,0xD3CB,
0xDBAB,0xCC2D,0xEF3B,0xF7BD,0xF79D,0xF79D,0xF79D,0xF79D,0xF79D,0xEF9D,0xEF9D,0xF79D,0xF79D,0xF79D,0xEF9D,0xEF9D,
0xEF9D,0xF79D,0xF79D,0xF79D,0xF79D,0xF79D,0xF79D,0xF79D,0xF79D,0xF79D,0xF79D,0xEF9D,0xF7BE,0xFF7C,0xDCF0,0xD369,
0xDBCB,0xDBCB,0xDBCB,0xDBAB,0xDBAB,0xD3AB,0xD3AB,0xD3AB,0xDBCB,0xD3CB,0xDBCC,0xD38A,0xD48F,0xF75C,0xF7BE,0xEF7D,
0xEF9D,0xEF7D,0xEF9D,0xF79D,0xF79D,0xF79D,0xF79D,0xEF9D,0xEF7C,0xF7DE,0xEED9,0xD42D,0xD38A,0xDBEC,0xDBCB,0xDBCB,
0xDBCB,0xDBCB,0xDBAB,0xD3AB,0xD3AB,0xDBAB,0xD3AB,0xDBCB,0xDBCB,0xDBCB,0xDBCB,0xD46F,0xF75C,0xEF9D,0xEF9D,0xF79D,
0xF79D,0xEF9D,0xF79D,0xF79D,0xF79D,0xF79D,0xF77D,0xF79D,0xF79D,0xF79D,0xEF9D,0xEF9D,0xEF9D,0xEF9D,0xF79D,0xF79D,
0xF79D,0xF79D,0xF79D,0xF79D,0xF79D,0xF79D,0xEF9D,0xF79D,0xF79D,0xF79D,0xF79D,0xF79D,0xF79D,0xF79D,0xF79D,0xF79D,
0xF79D,0xEF9D,0xEF9D,0xF79D,0xF79D,0xF79D,0xF79D,0xF79D,0xF79D,0xF79D,0xF79D,0xEF9D,0xEF9D,0xF79D,0xEF9D,0xEF9D,
0xEF9D,0xEF9D,0xEF9D,0xEF9D,0xEF9D,0xEF9D,0xEF9D,0xF79D,0xF79D,0xF79D,0xF79D,0xF79D,0xF77D,0xF77D,0xF77D,0xF79D,
0xEF7D,0xEF9D,0xEF7D,0xF79E,0xF79E,0xF79E,0xF79E,0xF79E,0xEF9D,0xF79D,0xEF9D,0xF79D,0xF79D,0xF79D,0xF79D,0xF79D,
0xF79D,0xF79D,0xF79D,0xEF9D,0xF79D,0xF79D,0xF79D,0xEF9D,0xF77D,0xEF7D,0xEF7D,0xF79D,0xF79D,0xEF7D,0xEF7D,0xEF7D,
0xEF9D,0xEF9D,0xF79D,0xF79D,0xEF9D,0xEF7D,0xEF7D,0xEF9D,0xEF7D,0xEF9D,0xEF7D,0xEF9D,0xEF9D,0xEF9D,0xEF9D,0xEF7D,
0xEF9D,0xEF9D,0xEF9D,0xEF9D,0xEF9D,0xEF9D,0xEF9D,0xEF9D,0xF79D,0xF79D,0xEF9D,0xF79D,0xF79D,0xF79D,0xEF9D,0xEF9D,
0xEF9D,0xEF9D,0xEF9D,0xF79D,0xF79D,0xF79D,0xEF9D,0xEF9D,0xF79D,0xF79D,0xF79D,0xF79D,0xEF9D,0xEF9D,0xF79D,0xEF9D,
0xF7BD,0xEE16,0xD38B,0xDBCB,0xDBCB,0xD3AB,0xDBAB,0xD3AB,0xD3AB,0xD3AB,0xD3AB,0xDBCB,0xDBCB,0xDBCB,0xDBCB,0xD3EC,
0xE678,0xF7BE,0xEF7D,0xF79D,0xF79D,0xEF9D,0xEF9D,0xF79D,0xF79D,0xF79D,0xF79D,0xEF7D,0xF7BD,0xF79D,0xE573,0xD36A,
0xDBEC,0xDBCB,0xDBAB,0xD3AB,0xDBAB,0xD3AB,0xD3AB,0xD3AB,0xD3AB,0xDBCB,0xDBCB,0xDBAB,0xD42E,0xF73B,0xF7BE,0xF79D,
0xF79D,0xF79D,0xF79D,0xF79D,0xF79D,0xEF9D,0xF79D,0xF79D,0xEF9D,0xEF9D,0xEF9D,0xEF9D,0xEF9D,0xF79D,0xEF9D,0xF79D,
0xEF9D,0xEF9D,0xEF9D,0xEF9D,0xF79D,0xF79D,0xEF9D,0xF7BE,0xF79C,0xDCF1,0xD36A,0xDBCC,0xDBCB,0xDBAB,0xDBAB,0xD3AB,
0xD3AB,0xD3CB,0xDBCB,0xDBCB,0xD3CB,0xDBCC,0xD38A,0xD48F,0xF75C,0xF7BE,0xEF7D,0xF79D,0xF79D,0xF79D,0xEF9D,0xEF9D,
0xEF9D,0xEF9D,0xEF9D,0xEF7D,0xF7DE,0xEED9,0xD42D,0xD38A,0xDBEB,0xDBCB,0xDBCB,0xDBCB,0xDBCB,0xD3AB,0xD3AB,0xD3AB,
0xD3AB,0xD3AB,0xDBCB,0xDBEB,0xDBEB,0xD3CB,0xD48F,0xF75C,0xEF9D,0xEF9D,0xF79D,0xF79D,0xEF9D,0xF79D,0xF79D,0xF79D,
0xF77D,0xF77D,0xF79D,0xF79D,0xEF9D,0xEF9D,0xEF9D,0xEF9D,0xEF9D,0xF79D,0xF79D,0xF79D,0xEF9D,0xEF9D,0xF79D,0xF79D,
0xF79D,0xF79D,0xF79D,0xF79D,0xF79D,0xF79D,0xEF9D,0xEF9D,0xF79D,0xF79D,0xF79D,0xEF9D,0xEF9D,0xEF9D,0xF79D,0xF79D,
0xEF9D,0xF79D,0xF79D,0xF79D,0xEF9D,0xF79D,0xF79D,0xEF9D,0xEF9D,0xEF9D,0xEF9D,0xEF9D,0xEF9D,0xEF7D,0xEF7D,0xEF7D,
0xF79D,0xF79D,0xF79D,0xF79D,0xF79D,0xF79D,0xF79D,0xF77D,0xF77D,0xF77D,0xF79D,0xEF9D,0xEF9D,0xEF7D,0xF79E,0xF79E,
0xF79E,0xF79E,0xF79E,0xEF9D,0xF79D,0xEF9D,0xF79D,0xF79D,0xF79D,0xF79D,0xF79D,0xEF9D,0xF79D,0xF79D,0xF79D,0xF79D,
0xF79D,0xF79D,0xF79D,0xF79D,0xF77D,0xEF9D,0xF79D,0xF79D,0xEF9D,0xEF9D,0xF79D,0xF79D,0xF79D,0xF79D,0xF79D,0xEF7D,
0xEF7D,0xEF7D,0xEF9D,0xEF7D,0xEF9D,0xEF9D,0xF79D,0xF79D,0xF79D,0xF79D,0xEF9D,0xF79D,0xEF9D,0xEF9D,0xEF9D,0xEF9D,
0xF79D,0xEF7D,0xEF9D,0xEF9D,0xEF9D,0xEF9D,0xEF9D,0xEF9D,0xEF9D,0xEF9D,0xEF9D,0xEF9D,0xEF9D,0xF79D,0xF79D,0xF79D,
0xF79D,0xF79D,0xF79D,0xF79D,0xF79D,0xF79D,0xF79D,0xEF9D,0xEF9D,0xF79D,0xEF7D,0xF79D,0xEE16,0xD3AB,0xDBCB,0xDBCB,
0xD3AB,0xD3AB,0xD3AB,0xDBAB,0xD3AB,0xD3AB,0xDBCB,0xDBCB,0xDBCC,0xDBCB,0xD3EC,0xEE78,0xF7BE,0xEF7D,0xF79D,0xF79D,
0xF79D,0xF79D,0xF79D,0xF79D,0xF79D,0xF79D,0xEF9D,0xF7BD,0xF7BD,0xE573,0xD36A,0xDBEC,0xD3CB,0xD3AB,0xD3AB,0xD3AB,
0xD3AB,0xD3AB,0xD3AB,0xDBCB,0xDBCB,0xDBCB,0xDBCB,0xD42E,0xEF3B,0xF7BE,0xF79D,0xF79D,0xEF9D,0xF79D,0xF79D,0xF79D,
0xEF9D,0xEF7D,0xEF7D,0xF79D,0xEF9D,0xF79D,0xF79D,0xF79D,0xF79D,0xF79D,0xF79D,0xF79D,0xF79D,0xF79D,0xEF9D,0xEF9D,
0xEF9D,0xEF7D,0xF79D,0xF77C,0xDCF1,0xD36A,0xDBCB,0xDBCB,0xD3AB,0xD3AB,0xD3AB,0xD3AB,0xDBCB,0xDBCB,0xDBCB,0xD3CB,
0xDBCC,0xD3AA,0xD4B0,0xF75C,0xF7BD,0xEF7D,0xEF9D,0xEF9D,0xEF9D,0xF79D,0xF79D,0xEF9D,0xEF9D,0xEF9D,0xEF7D,0xF7DE,
0xEED9,0xD42D,0xD38A,0xDBEC,0xDBCB,0xDBCB,0xD3CB,0xD3AB,0xD3AB,0xD3AB,0xD3AB,0xD3AB,0xD3AB,0xDBCB,0xDBEB,0xDBEB,
0xDBCB,0xD48F,0xEF5C,0xEF9D,0xF79D,0xF79D,0xF79D,0xF79D,0xF79D,0xEF7D,0xEF7D,0xF79D,0xEF9D,0xF79D,0xF79D,0xEF9D,
0xF79D,0xF79D,0xEF9D,0xEF9D,0xF79D,0xF79D,0xEF9D,0xF79D,0xF79D,0xF79D,0xF79D,0xF79D,0xF79D,0xF79D,0xF79D,0xEF9D,
0xEF9D,0xF79D,0xF79D,0xF79D,0xF79D,0xF79D,0xF79D,0xF79D,0xEF9D,0xF79D,0xF79D,0xF79D,0xEF9D,0xF79D,0xEF9D,0xEF9D,
0xF79D,0xF79D,0xEF9D,0xEF9D,0xEF9D,0xEF9D,0xEF9D,0xF79D,0xF79D,0xF79D,0xF79D,0xF79D,0xF79D,0xF79D,0xF79D,0xF79D,
0xF79D,0xF77D,0xEF7D,0xEF7D,0xF77D,0xEF7D,0xEF7D,0xEF7D,0xEF9D,0xF79E,0xF79E,0xF79E,0xF79E,0xF79E,0xF79D,0xF79D,
0xEF9D,0xF79D,0xF79D,0xF79D,0xF79D,0xEF9D,0xEF9D,0xF79D,0xF79D,0xF79D,0xF79D,0xF79D,0xF79D,0xF79D,0xF79D,0xF79D,
0xEF9D,0xEF9D,0xEF9D,0xEF9D,0xEF9D,0xEF9D,0xF79D,0xF79D,0xF79D,0xF79D,0xEF9D,0xEF9D,0xEF9D,0xF79D,0xEF7D,0xEF9D,
0xF79D,0xF79D,0xEF9D,0xF79D,0xF79D,0xF79D,0xEF9D,0xEF9D,0xEF9D,0xEF9D,0xEF9D,0xF79D,0xEF7D,0xEF9D,0xEF7D,0xEF7D,
0xEF9D,0xEF9D,0xEF9D,0xF79D,0xF79D,0xEF9D,0xEF9D,0xEF9D,0xEF9D,0xEF9D,0xEF9D,0xEF9D,0xEF9D,0xEF9D,0xF79D,0xF79D,
0xF79D,0xF79D,0xF79D,0xEF9D,0xF79D,0xEF9D,0xF7BD,0xEE36,0xD3AB,0xDBCB,0xDBCB,0xD3AB,0xD3AB,0xD38B,0xD3AB,0xD3AB,
0xD3AB,0xD3AB,0xDBCB,0xDBEC,0xDBCB,0xD3EC,0xEE78,0xF7BE,0xEF9D,0xF79D,0xEF9D,0xEF9D,0xF79D,0xF79D,0xF79D,0xF79D,
0xF7BD,0xEF9D,0xF7BE,0xF7BD,0xE573,0xD36A,0xDBEC,0xDBCB,0xDBAB,0xD3AB,0xD3AB,0xD3AB,0xD3AB,0xD3AB,0xDBCB,0xDBCB,
0xDBEB,0xDBCB,0xCC4E,0xEF3B,0xF7BE,0xF79D,0xF79D,0xEF9D,0xF79D,0xF79D,0xF79D,0xF79D,0xEF9D,0xF79D,0xF79D,0xF79D,
0xEF9D,0xEF9D,0xF7BD,0xF79D,0xEF9D,0xF79D,0xF79D,0xEF9D,0xEF9D,0xF79D,0xF79D,0xEF9D,0xEF7D,0xF7BD,0xFF7D,0xDD11,
0xD36A,0xDBEB,0xD3CB,0xD3AB,0xD3AB,0xD3AB,0xD3AB,0xD3AB,0xD3CB,0xDBCB,0xD3CB,0xDBCB,0xD3AB,0xD4B0,0xF75C,0xF7BE,
0xEF9D,0xF79D,0xF79D,0xF79D,0xF79D,0xEF9D,0xEF9D,0xEF9D,0xEF9D,0xEF7D,0xF7DE,0xEED9,0xDC4D,0xD38A,0xDBEC,0xDBCB,
0xDBCB,0xD3AB,0xD3AB,0xD3AB,0xD3AB,0xD3CB,0xDBCB,0xDBCB,0xDBCB,0xDBEB,0xDBEB,0xDBCB,0xD48F,0xEF5C,0xEF9D,0xF79D,
0xF79D,0xF79D,0xF79D,0xF79D,0xEF9D,0xEF9D,0xEF9D,0xF79D,0xF79D,0xF79D,0xF79D,0xF79D,0xEF9D,0xF79D,0xF79D,0xEF9D,
0xEF9D,0xEF9D,0xF79D,0xF79D,0xF79D,0xF79D,0xF79D,0xF79D,0xF79D,0xF79D,0xF79D,0xF79D,0xF79D,0xF79D,0xF79D,0xF79D,
0xF79D,0xEF9D,0xEF9D,0xEF9D,0xF79D,0xF79D,0xF79D,0xEF9D,0xF79D,0xF79D,0xF79D,0xF79D,0xF79D,0xF79D,0xEF9D,0xEF9D,
0xEF9D,0xEF9D,0xEF9D,0xEF9D,0xF79D,0xF79D,0xF79D,0xF79D,0xF79D,0xF79D,0xF79D,0xF79D,0xF77D,0xEF7D,0xF77D,0xF77D,
0xF77D,0xEF9D,0xEF7D,0xEF7D,0xF79E,0xF79E,0xF79E,0xF79E,0xF79E,0xF79D,0xF79D,0xEF9D,0xF79D,0xF79D,0xF79D,0xEF9D,
0xEF9D,0xEF9D,0xF79D,0xF79D,0xF79D,0xF79D,0xF79D,0xF79D,0xEF9D,0xEF9D,0xEF9D,0xEF9D,0xEF9D,0xEF9D,0xEF9D,0xEF9D,
0xEF9D,0xEF7D,0xEF9D,0xEF9D,0xEF9D,0xEF9D,0xEF9D,0xEF9D,0xEF7D,0xF79D,0xEF9D,0xF79D,0xEF9D,0xEF9D,0xEF9D,0xEF9D,
0xEF9D,0xEF7D,0xEF9D,0xEF9D,0xEF9D,0xEF9D,0xF79D,0xEF9D,0xEF7D,0xEF9D,0xF79D,0xEF9D,0xEF9D,0xEF9D,0xF79D,0xEF9D,
0xF79D,0xF79D,0xEF9D,0xEF9D,0xEF9D,0xEF9D,0xEF9D,0xF79D,0xF79D,0xF79D,0xF79D,0xEF9D,0xF79D,0xF79D,0xF79D,0xF79D,
0xEF9D,0xF7BE,0xEE36,0xD3AB,0xDBCB,0xDBCB,0xD3AB,0xD3AB,0xD38B,0xD38B,0xD3AB,0xD3AB,0xD3AB,0xDBCB,0xDBCC,0xDBCB,
0xD3EC,0xEE98,0xF7BE,0xEF9D,0xEF9D,0xEF9D,0xF79D,0xF79D,0xEF9D,0xEF9D,0xEF9D,0xEF9D,0xEF9D,0xF7BE,0xF7BD,0xE593,
0xD36A,0xDBEC,0xDBAB,0xD3AB,0xD3AB,0xD3AB,0xD3AB,0xD3AB,0xD3AB,0xD3AB,0xDBCB,0xDBEB,0xDBCB,0xCC4E,0xEF3B,0xF79E,
0xF79D,0xF79D,0xEF9D,0xEF9D,0xF79D,0xF79D,0xF79D,0xEF9D,0xEF9D,0xF79D,0xF79D,0xF79D,0xEF9D,0xEF9D,0xEF9D,0xEF9D,
0xEF9D,0xEF9D,0xF79D,0xF79D,0xF79D,0xF79D,0xEF9D,0xEF7D,0xF7BE,0xFF9D,0xDD11,0xD38A,0xDBEC,0xDBCB,0xDBAB,0xD38B,
0xD3AB,0xD3AB,0xD3AB,0xD3AB,0xD3CB,0xD3CB,0xDBCC,0xD3AB,0xD4D1,0xF77D,0xF7BE,0xEF7D,0xEF9D,0xF79D,0xF79D,0xF79D,
0xF79D,0xF79D,0xF79D,0xF79D,0xEF7D,0xF7DE,0xEED9,0xD42D,0xD38B,0xDBEC,0xDBAB,0xDBAB,0xD3AB,0xD3AB,0xD3CB,0xD3CB,
0xD3CB,0xD3CB,0xD3AB,0xDBCB,0xDBEB,0xDBCB,0xDBAB,0xD48F,0xF75C,0xEF9D,0xEF9D,0xF79D,0xF79D,0xF79D,0xF79D,0xEF9D,
0xF79D,0xF79D,0xF79D,0xF79D,0xF79D,0xF79D,0xF79D,0xF79D,0xF79D,0xF79D,0xF79D,0xF79D,0xF79D,0xF79D,0xF79D,0xF79D,
0xF79D,0xF79D,0xF79D,0xEF9D,0xF79D,0xF79D,0xF79D,0xF79D,0xF79D,0xF79D,0xF79D,0xEF9D,0xEF9D,0xEF9D,0xEF9D,0xF79D,
0xF79D,0xF79D,0xEF9D,0xEF9D,0xEF9D,0xF79D,0xF79D,0xEF9D,0xF79D,0xF79D,0xF79D,0xEF9D,0xEF9D,0xEF9D,0xEF9D,0xF79D,
0xEF9D,0xEF9D,0xF79D,0xF79D,0xEF9D,0xF79D,0xF79D,0xF79D,0xF79D,0xF77D,0xF77D,0xEF7D,0xEF7D,0xEF9D,0xEF7D,0xF79E,
0xF79E,0xF79E,0xF79E,0xF79E,0xF79D,0xEF9D,0xEF9D,0xF79D,0xF79D,0xF79D,0xF79D,0xF79D,0xF79D,0xF79D,0xF79D,0xEF9D,
0xF79D,0xF79D,0xF79D,0xEF9D,0xEF9D,0xEF7D,0xEF7D,0xEF7D,0xEF7D,0xEF9D,0xEF9D,0xEF7D,0xEF7D,0xF79D,0xF79D,0xF79D,
0xF79D,0xEF9D,0xEF7D,0xEF7D,0xF79D,0xEF9D,0xEF9D,0xEF7D,0xEF9D,0xEF9D,0xEF9D,0xEF9D,0xEF9D,0xEF7D,0xEF7D,0xEF9D,
0xEF9D,0xEF9D,0xEF9D,0xEF9D,0xEF9D,0xEF9D,0xEF7D,0xEF9D,0xF79D,0xF79D,0xEF9D,0xF79D,0xF79D,0xEF9D,0xEF9D,0xF79D,
0xEF9D,0xEF9D,0xEF9D,0xF79D,0xF79D,0xF79D,0xEF9D,0xF79D,0xF79D,0xEF9D,0xF79D,0xEF9D,0xF7BE,0xEE36,0xD3AB,0xDBCB,
0xDBCB,0xD3AB,0xD3AB,0xD3AB,0xD3AB,0xD38B,0xD38B,0xD3AB,0xDBCB,0xDBCC,0xDBCB,0xD3EC,0xEE98,0xF7BE,0xEF7D,0xEF7D,
0xEF9D,0xEF9D,0xEF9D,0xEF9D,0xEF9D,0xEF9D,0xEF9D,0xEF7D,0xF7BE,0xF7BD,0xE593,0xD36A,0xDBEC,0xDBCB,0xD3AB,0xD38B,
0xD38B,0xD38B,0xD38B,0xD3AB,0xD3AB,0xDBCB,0xD3EB,0xDBCB,0xCC4E,0xEF1B,0xF79E,0xF79D,0xF79D,0xF79D,0xF79D,0xEF9D,
0xEF9D,0xF79D,0xF79D,0xF79D,0xF79D,0xF79D,0xEF9D,0xEF9D,0xEF9D,0xEF9D,0xEF9D,0xEF9D,0xEF9D,0xEF9D,0xF79D,0xF79D,
0xF79D,0xEF9D,0xEF7D,0xEFBE,0xF77D,0xDD11,0xD38B,0xDBEC,0xDBCB,0xD3AB,0xD38B,0xD3AB,0xD3AB,0xD3AB,0xD3AB,0xD3AB,
0xD3CB,0xDBEC,0xD3AB,0xD4D1,0xF77D,0xF7BE,0xEF7D,0xEF9D,0xF79D,0xF79D,0xF79D,0xEF9D,0xEF9D,0xF79D,0xF79D,0xEF7D,
0xF7DE,0xEED9,0xD44E,0xD38B,0xDBEC,0xDBAB,0xDBAB,0xD3AB,0xD3AB,0xD3AB,0xD3CB,0xD3CB,0xD3CB,0xD3CB,0xDBCB,0xDBEB,
0xDBEC,0xDBAB,0xCC8F,0xF75C,0xEF9D,0xEF9D,0xF79D,0xEF9D,0xEF9D,0xEF9D,0xF79D,0xF79D,0xF79D,0xF79D,0xF79D,0xEF9D,
0xF79D,0xF79D,0xF79D,0xF79D,0xF79D,0xF79D,0xF79D,0xF79D,0xF79D,0xF79D,0xF79D,0xF79D,0xF79D,0xF79D,0xEF9D,0xF79D,
0xF79D,0xF79D,0xF79D,0xF79D,0xF79D,0xF79D,0xF79D,0xEF9D,0xEF9D,0xEF9D,0xF79D,0xF79D,0xF79D,0xF79D,0xEF9D,0xEF9D,
0xEF9D,0xF79D,0xF79D,0xEF9D,0xEF9D,0xEF9D,0xEF9D,0xEF9D,0xEF9D,0xEF9D,0xEF9D,0xEF9D,0xEF9D,0xF79D,0xF79D,0xF79D,
0xEF9D,0xF79D,0xF77D,0xF77D,0xEF7D,0xF77D,0xEF7D,0xEF7D,0xEF9D,0xEF7D,0xF79E,0xF79E,0xF79E,0xF79E,0xF79E,0xEF9D,
0xEF9D,0xEF9D,0xF79D,0xF79D,0xF79D,0xF79D,0xF79D,0xF79D,0xF79D,0xF79D,0xEF9D,0xF79D,0xF79D,0xF79D,0xEF9D,0xEF9D,
0xEF9D,0xEF9D,0xEF7D,0xEF9D,0xEF9D,0xEF9D,0xEF9D,0xF79D,0xF79D,0xF79D,0xEF9D,0xEF9D,0xEF9D,0xEF7D,0xF77D,0xF79D,
0xF79D,0xF79D,0xF79D,0xF79D,0xF79D,0xEF9D,0xEF9D,0xEF9D,0xEF9D,0xEF9D,0xF79D,0xEF9D,0xEF9D,0xEF9D,0xEF9D,0xF79D,
0xEF9D,0xEF7D,0xF79D,0xF79D,0xF79D,0xF79D,0xF79D,0xF79D,0xF79D,0xF79D,0xEF9D,0xEF9D,0xEF9D,0xF79D,0xF79D,0xEF9D,
0xEF9D,0xEF9D,0xF79D,0xF79D,0xEF9D,0xF79D,0xF79D,0xF7BD,0xEE36,0xD3AB,0xDBCB,0xDBCB,0xD3AB,0xD3AB,0xD38B,0xD3AB,
0xD3AB,0xD38B,0xDBAB,0xDBAB,0xDBCC,0xDBCB,0xD3EC,0xEE78,0xF7DE,0xEF9D,0xF79D,0xF79D,0xF79D,0xF79D,0xEF9D,0xEF9D,
0xEF9D,0xEF9D,0xF79D,0xF7BE,0xF7BD,0xE593,0xD36A,0xDBEC,0xDBCB,0xD38B,0xD38B,0xD3AB,0xD3AB,0xD38B,0xD38B,0xD3CB,
0xDBCB,0xDBEC,0xDBCB,0xCC6E,0xEF3B,0xF7BE,0xF79D,0xEF9D,0xEF9D,0xF79D,0xEF9D,0xEF9D,0xF79D,0xF79D,0xF79D,0xF79D,
0xF79D,0xEF9D,0xEF9D,0xF79D,0xEF9D,0xEF9D,0xF79D,0xF79D,0xF79D,0xF79D,0xF79D,0xF79D,0xF79D,0xEF7D,0xF7BE,0xF79D,
0xDD11,0xD38B,0xDBEC,0xDBCB,0xD3AB,0xD38B,0xD3AB,0xD3AB,0xD3AB,0xD3AB,0xD3AB,0xD3CB,0xDBCC,0xD3AA,0xD4D1,0xF77D,
0xF7BE,0xEF9D,0xF79D,0xEF9D,0xF79D,0xF79D,0xEF9D,0xEF9D,0xF79D,0xEF9D,0xEF7D,0xF7DE,0xEEF9,0xDC4E,0xD38B,0xDBEC,
0xDBAB,0xD3AB,0xD3AB,0xD3AB,0xD3CB,0xD3CB,0xD3CB,0xD3CB,0xD3CB,0xDBCB,0xDBEB,0xDBEC,0xDBAB,0xCC8E,0xF75C,0xEF9D,
0xF79D,0xF79D,0xF79D,0xF79D,0xEF9D,0xEF7D,0xEF9D,0xF79D,0xF79D,0xF79D,0xF79D,0xF79D,0xF79D,0xF79D,0xF79D,0xF79D,
0xF79D,0xF79D,0xF79D,0xF79D,0xF79D,0xF79D,0xF79D,0xF79D,0xF79D,0xEF9D,0xF79D,0xF79D,0xF79D,0xF79D,0xF79D,0xF79D,
0xF79D,0xF79D,0xEF9D,0xEF9D,0xF79D,0xF79D,0xF79D,0xF79D,0xF79D,0xF79D,0xF79D,0xEF9D,0xEF9D,0xF79D,0xEF9D,0xEF9D,
0xEF9D,0xF79D,0xF79D,0xF79D,0xF79D,0xEF9D,0xEF9D,0xF79D,0xF79D,0xF79D,0xF79D,0xF79D,0xF79D,0xF77D,0xF77D,0xF77D,
0xF77D,0xF77D,0xEF7D,0xEF9D,0xEF7D,0xF79E,0xF79E,0xF79E,0xF79E,0xF79E,0xEF9D,0xF79D,0xF79D,0xF79D,0xF79D,0xF79D,
0xF79D,0xF79D,0xF79D,0xF79D,0xF79D,0xEF9D,0xF79D,0xF79D,0xF79D,0xF79D,0xEF9D,0xEF9D,0xEF9D,0xEF9D,0xEF9D,0xEF9D,
0xEF9D,0xEF9D,0xEF9D,0xEF9D,0xEF9D,0xF79D,0xEF7D,0xEF9D,0xF79D,0xEF9D,0xEF9D,0xEF9D,0xF79D,0xF79D,0xF79D,0xF79D,
0xEF9D,0xEF9D,0xEF9D,0xF79D,0xF79D,0xEF9D,0xEF9D,0xF79D,0xEF7D,0xEF7D,0xF79D,0xF79D,0xF79D,0xF79D,0xF79D,0xF79D,
0xF79D,0xF79D,0xF79D,0xF79D,0xEF9D,0xEF9D,0xF79D,0xF79D,0xF79D,0xF79D,0xF79D,0xF79D,0xF79D,0xF79D,0xEF9D,0xEF7D,
0xF79D,0xF79D,0xF7BD,0xEE16,0xD3AB,0xDBCB,0xDBCB,0xD3AB,0xD3AB,0xD38B,0xD38B,0xD3AB,0xD3AB,0xD3AB,0xDBAB,0xDBCC,
0xDBCB,0xD3EC,0xEE98,0xF7BE,0xEF9D,0xF79D,0xEF9D,0xEF9D,0xF79D,0xEF9D,0xEF9D,0xEF9D,0xEF9D,0xEF7D,0xF7BE,0xF79D,
0xE593,0xD36A,0xDBEC,0xD3AB,0xD3AB,0xD3AB,0xD3AB,0xD3AB,0xD3AB,0xD3AB,0xDBAB,0xDBCB,0xDBEC,0xDBEB,0xCC6E,0xEF3B,
0xF7BE,0xF79D,0xF79D,0xF79D,0xF79D,0xEF9D,0xEF9D,0xF79D,0xF79D,0xF79D,0xF79D,0xF79D,0xF79D,0xF79D,0xF79D,0xEF9D,
0xEF9D,0xF79D,0xEF9D,0xEF9D,0xEF9D,0xEF9D,0xEF9D,0xEF9D,0xEF7D,0xF7BE,0xFF9D,0xDD11,0xD38B,0xDBEC,0xDBAB,0xD3AB,
0xD3AB,0xD3AB,0xD3AB,0xD3AB,0xD3AB,0xD3CB,0xD3CB,0xDBEC,0xD3AA,0xD4D1,0xF79D,0xF7BE,0xF79D,0xF79D,0xF79D,0xF79D,
0xF79D,0xF79D,0xF79D,0xF79D,0xEF9D,0xEF7D,0xF7DE,0xEEFA,0xD46E,0xD38A,0xDBEB,0xD3AB,0xD3AB,0xD3AB,0xD3AB,0xD3AB,
0xD3CB,0xD3CB,0xD3CB,0xDBCB,0xDBCB,0xDBEB,0xDBCB,0xDBAB,0xCC8F,0xF75C,0xEF9D,0xF79D,0xF79D,0xF79D,0xF79D,0xEF9D,
0xEF9D,0xF79D,0xF79D,0xF79D,0xF79D,0xF79D,0xF79D,0xEF9D,0xF79D,0xF79D,0xF79D,0xF79D,0xF79D,0xF79D,0xF79D,0xF79D,
0xF79D,0xF79D,0xF79D,0xF79D,0xEF9D,0xF79D,0xF79D,0xF79D,0xF79D,0xF79D,0xF79D,0xF79D,0xF79D,0xF79D,0xF79D,0xF79D,
0xF79D,0xF79D,0xF79D,0xF79D,0xF79D,0xF79D,0xF79D,0xEF9D,0xF79D,0xF77D,0xF79D,0xF79D,0xEF9D,0xEF9D,0xEF9D,0xEF9D,
0xF79D,0xEF9D,0xEF9D,0xF79D,0xF79D,0xEF7D,0xF77D,0xEF7D,0xF77D,0xF77D,0xF77D,0xF77D,0xF77D,0xEF9D,0xEF9D,0xEF7D,
0xF79E,0xF79E,0xF79E,0xF79E,0xF79E,0xEF9D,0xF79D,0xF79D,0xF79D,0xF79D,0xF79D,0xF79D,0xF79D,0xF79D,0xF79D,0xF79D,
0xEF9D,0xF79D,0xF79D,0xF79D,0xF79D,0xF79D,0xF79D,0xF79D,0xF79D,0xF77D,0xEF7D,0xEF9D,0xEF9D,0xEF9D,0xF79D,0xF79D,
0xF79D,0xF79D,0xF79D,0xF79D,0xEF9D,0xEF9D,0xEF9D,0xEF9D,0xEF9D,0xEF9D,0xF79D,0xF77D,0xF77D,0xF77D,0xEF9D,0xEF9D,
0xEF9D,0xEF9D,0xF79D,0xEF9D,0xEF9D,0xF79D,0xEF9D,0xEF9D,0xF79D,0xF79D,0xF79D,0xF79D,0xEF9D,0xEF9D,0xF79D,0xEF9D,
0xEF9D,0xF79D,0xF79D,0xF79D,0xF79D,0xF79D,0xF79D,0xF79D,0xF79D,0xF79D,0xF79D,0xEF9D,0xF79D,0xF7BE,0xEE16,0xD3AA,
0xDBCB,0xDBCB,0xDBCB,0xD3AB,0xD3AB,0xD3AB,0xD3AB,0xD3AB,0xD3AB,0xDBCB,0xDBCB,0xDBCB,0xD3EC,0xEE98,0xF7BE,0xEF9D,
0xF79D,0xEF9D,0xEF9D,0xEF9D,0xEF9D,0xEF9D,0xEF9D,0xEF9D,0xEF7D,0xF7BE,0xF79D,0xE593,0xD36A,0xDBEC,0xD3AB,0xD3AB,
0xD3AB,0xD3AB,0xD3AB,0xD3AB,0xD3AB,0xD3AB,0xDBCB,0xDBCB,0xDBEB,0xD44E,0xEF1B,0xEFBE,0xF79D,0xF79D,0xF79D,0xF79D,
0xEF9D,0xEF9D,0xF79D,0xF79D,0xF79D,0xEF9D,0xEF9D,0xF79D,0xF79D,0xF79D,0xF79D,0xF79D,0xF79D,0xEF9D,0xEF9D,0xEF9D,
0xEF7D,0xF79D,0xEF9D,0xEF7D,0xF7BE,0xF79D,0xDD11,0xD38B,0xDBEC,0xD3AB,0xD3AB,0xDBAB,0xD3AB,0xD3AB,0xD3AB,0xD3AB,
0xD3CB,0xD3CB,0xDBEC,0xD3AA,0xD4D1,0xF79D,0xF7BE,0xEF9D,0xF79D,0xF79D,0xF79D,0xF79D,0xF79D,0xEF9D,0xEF9D,0xEF9D,
0xEF7D,0xF7DE,0xEEFA,0xD46E,0xD38A,0xDBCB,0xD3AB,0xD3AB,0xD3AB,0xD3AB,0xD3AB,0xD3CB,0xDBCB,0xDBCB,0xDBCC,0xDBCB,
0xDBEB,0xDBEB,0xDBAB,0xCC6F,0xF75C,0xEF9D,0xF79D,0xEF9D,0xF79D,0xF79D,0xEF9D,0xEF9D,0xEF9D,0xF79D,0xF79D,0xF79D,
0xF79D,0xF79D,0xF79D,0xF79D,0xEF9D,0xEF9D,0xF79D,0xF79D,0xEF9D,0xF79D,0xF79D,0xF79D,0xF79D,0xF79D,0xF79D,0xF79D,
0xF79D,0xF79D,0xF79D,0xF79D,0xF79D,0xF79D,0xF79D,0xF79D,0xF79D,0xF79D,0xF79D,0xEF9D,0xF79D,0xF79D,0xF79D,0xF79D,
0xF79D,0xF79D,0xF79D,0xF79D,0xF77D,0xF79D,0xF79D,0xF79D,0xF79D,0xEF9D,0xEF9D,0xEF9D,0xEF9D,0xEF9D,0xF79D,0xF79D,
0xF77D,0xF77D,0xEF7D,0xF77D,0xF77D,0xF77D,0xEF7D,0xF77D,0xEF9D,0xEF9D,0xEF7D,0xF79E,0xF79E,0xF79E,0xF79E,0xF79E,
0xF79D,0xF79D,0xF79D,0xF79D,0xF79D,0xF79D,0xF79D,0xF79D,0xF79D,0xF79D,0xF79D,0xF79D,0xF79D,0xF79D,0xF79D,0xF79D,
0xEF9D,0xF79D,0xEF9D,0xEF9D,0xF77D,0xEF7D,0xEF9D,0xEF9D,0xF79D,0xF79D,0xEF9D,0xF79D,0xF79D,0xF79D,0xF79D,0xEF9D,
0xF79D,0xEF9D,0xF79D,0xF79D,0xEF9D,0xEF9D,0xF77D,0xEF9D,0xF77D,0xEF9D,0xEF9D,0xF79D,0xF79D,0xEF9D,0xEF9D,0xEF9D,
0xF79D,0xEF9D,0xEF9D,0xEF9D,0xF79D,0xF79D,0xF79D,0xF79D,0xF79D,0xF79D,0xEF9D,0xEF9D,0xF79D,0xF79D,0xF79D,0xEF9D,
0xF79D,0xF79D,0xF79D,0xF79D,0xF79D,0xF79D,0xEF9D,0xF79D,0xF7BE,0xEE16,0xD3AA,0xDBCB,0xDBAB,0xD3AB,0xD3AB,0xD3AB,
0xD3CB,0xD3AB,0xDBCB,0xDBCB,0xDBCB,0xDBCB,0xDBCB,0xD3EC,0xEE98,0xF7DE,0xEF9D,0xEF9D,0xEF9D,0xEF9D,0xEF9D,0xEF9D,
0xEF9D,0xEF9D,0xEF9D,0xEF7D,0xF7BE,0xF79D,0xE593,0xD36A,0xDBEC,0xD3AB,0xD3AB,0xD3AB,0xD3AB,0xD3AB,0xD3AB,0xD3AB,
0xD3AB,0xDBCB,0xDBCB,0xDBCB,0xD44E,0xEF3B,0xEFBE,0xF79D,0xF79D,0xF79D,0xF79D,0xF79D,0xEF9D,0xEF9D,0xF79D,0xEF9D,
0xEF9D,0xEF9D,0xEF9D,0xEF9D,0xF79D,0xF79D,0xF79D,0xF79D,0xEF9D,0xEF9D,0xF79D,0xF79D,0xF79D,0xEF9D,0xEF7D,0xF7BE,
0xF79D,0xDD11,0xD38A,0xDBEC,0xD3CB,0xD3AB,0xD3AB,0xD3AB,0xD3AB,0xD3AB,0xD3AB,0xDBAB,0xDBCB,0xDBEC,0xD3AB,0xD4D1,
0xF77D,0xF7BE,0xEF9D,0xF79D,0xF79D,0xF79D,0xEF9D,0xEF9D,0xEF9D,0xEF9D,0xEF9D,0xEF7D,0xF7DE,0xEEFA,0xD46E,0xD38A,
0xDBCB,0xD3AB,0xD3AB,0xD3AB,0xDBAB,0xDBAB,0xD3CB,0xDBCB,0xDBCB,0xDBCB,0xDBCB,0xDBCB,0xDBCB,0xDBAA,0xCC6F,0xF77C,
0xF79D,0xF79D,0xF79D,0xF79D,0xF79D,0xF79D,0xF79D,0xF79D,0xF79D,0xF79D,0xF79D,0xF79D,0xEF9D,0xF79D,0xF79D,0xEF9D,
0xEF9D,0xEF9D,0xF79D,0xF79D,0xEF9D,0xF79D,0xF79D,0xF79D,0xF79D,0xF79D,0xF79D,0xF79D,0xF79D,0xF79D,0xF79D,0xEF9D,
0xEF9D,0xEF9D,0xF79D,0xEF9D,0xEF9D,0xF79D,0xEF9D,0xF79D,0xF79D,0xF79D,0xF79D,0xF79D,0xF79D,0xF79D,0xF79D,0xEF9D,
0xEF9D,0xEF9D,0xEF9D,0xEF9D,0xEF7D,0xEF7D,0xEF9D,0xEF9D,0xF79D,0xF79D,0xF79D,0xF79D,0xF77D,0xF77D,0xF79D,0xF77D,
0xF77D,0xEF7D,0xF77D,0xEF9D,0xEF9D,0xEF7D,0xF79E,0xF79E,0xF79E,0xF79E,0xF79E,0xF79D,0xEF9D,0xF79D,0xF79D,0xF79D,
0xF79D,0xF79D,0xF79D,0xF79D,0xF79D,0xF79D,0xF79D,0xF79D,0xF79D,0xF79D,0xF79D,0xF79D,0xEF9D,0xF79D,0xF79D,0xF79D,
0xEF9D,0xEF9D,0xEF9D,0xF79D,0xF79D,0xEF9D,0xF79D,0xF79D,0xF79D,0xF79D,0xF79D,0xF79D,0xF79D,0xF79D,0xF79D,0xF79D,
0xEF9D,0xEF9D,0xEF9D,0xEF9D,0xEF9D,0xEF9D,0xF79D,0xEF9D,0xEF7D,0xF79D,0xEF9D,0xEF9D,0xF79D,0xEF9D,0xEF9D,0xEF9D,
0xF79D,0xF79D,0xF79D,0xF79D,0xF79D,0xF79D,0xF79D,0xF79D,0xF79D,0xF79D,0xEF9D,0xEF9D,0xEF9D,0xF79D,0xF79D,0xF79D,
0xF79D,0xF79D,0xF79D,0xF7BE,0xE616,0xD38A,0xDBAB,0xD3AB,0xDBCB,0xDBCB,0xDBCB,0xD3CB,0xD3CB,0xD3CB,0xDBCB,0xDBCB,
0xD3AB,0xD3AB,0xD3EC,0xEE98,0xF7DE,0xEF9D,0xF79D,0xEF9D,0xF79D,0xF79D,0xEF9D,0xEF9D,0xEF9D,0xF79D,0xEF7D,0xEFBE,
0xF79D,0xE573,0xD36A,0xDBEC,0xD3AB,0xD3AB,0xD3AB,0xDBCB,0xDBCB,0xD3AB,0xD3CB,0xDBCB,0xDBCB,0xDBCB,0xDBCB,0xD44D,
0xEF3B,0xF7BE,0xF79D,0xEF7D,0xEF9D,0xF79D,0xEF9D,0xF79D,0xEF9D,0xEF9D,0xF79D,0xF79D,0xF79D,0xF79D,0xEF9D,0xF79D,
0xF79D,0xF79D,0xF79D,0xEF9D,0xEF9D,0xEF9D,0xF77D,0xF79D,0xEF9D,0xEF9D,0xF7BE,0xF79D,0xDD11,0xD38A,0xDBEB,0xDBCB,
0xD3AB,0xD3AB,0xD3AB,0xD3AB,0xD3CB,0xD3CB,0xDBAB,0xDBCB,0xDBEC,0xD3AB,0xD4D1,0xF77D,0xF7BE,0xEF9D,0xF79D,0xF79D,
0xF79D,0xEF9D,0xF79D,0xF79D,0xF79D,0xEF9D,0xEF7D,0xF7DE,0xEF1A,0xDC6E,0xD36A,0xDBAB,0xD38B,0xD3AB,0xD3AB,0xDBAB,
0xDBCB,0xDBCB,0xDBCB,0xDBCC,0xDBCB,0xDBCB,0xDBCB,0xD3CB,0xD38A,0xCC8F,0xF77C,0xF79D,0xF79D,0xF79D,0xEF9D,0xF79D,
0xF79D,0xF79D,0xF79D,0xEF9D,0xF79D,0xF79D,0xF79D,0xEF9D,0xEF9D,0xF79D,0xF79D,0xF79D,0xF79D,0xF79D,0xF79D,0xEF9D,
0xF79D,0xF79D,0xF79D,0xF79D,0xF79D,0xF79D,0xF79D,0xF79D,0xF79D,0xEF9D,0xF79D,0xEF9D,0xF79D,0xF79D,0xF79D,0xF79D,
0xF79D,0xF79D,0xF77D,0xF79D,0xF79D,0xF79D,0xF79D,0xF79D,0xF79D,0xEF9D,0xEF9D,0xEF9D,0xEF9D,0xEF9D,0xEF9D,0xF79D,
0xF79D,0xF77D,0xF79D,0xF79D,0xF79D,0xF79D,0xF79D,0xF79D,0xF79D,0xF79D,0xF79D,0xF77D,0xF77D,0xF77D,0xEF9D,0xEF9D,
0xEF9D,0xF79E,0xF79E,0xF79E,0xF79E,0xF79E,0xF79D,0xF79D,0xF79D,0xF79D,0xF79D,0xF79D,0xF79D,0xF79D,0xF79D,0xEF9D,
0xF79D,0xF79D,0xF79D,0xF79D,0xF79D,0xF79D,0xEF9D,0xEF9D,0xF79D,0xF79D,0xF79D,0xF79D,0xEF9D,0xEF9D,0xEF9D,0xEF9D,
0xEF9D,0xF79D,0xF79D,0xF79D,0xF79D,0xF79D,0xF79D,0xF79D,0xF79D,0xF79D,0xF79D,0xEF9D,0xEF9D,0xEF9D,0xF79D,0xEF9D,
0xF79D,0xEF9D,0xF77D,0xF77D,0xF77D,0xF79D,0xEF9D,0xEF9D,0xEF9D,0xEF9D,0xF79D,0xF79D,0xEF9D,0xF79D,0xF79D,0xEF9D,
0xF79D,0xF79D,0xEF9D,0xEF9D,0xF79D,0xEF9D,0xEF9D,0xEF9D,0xEF9D,0xEF9D,0xEF9D,0xEF9D,0xF79D,0xF79D,0xF7BE,0xEE15,
0xD36A,0xDBAB,0xD3AB,0xDBCB,0xDBCB,0xDBCB,0xDBCB,0xDBCB,0xD3CB,0xDBCB,0xD3AB,0xD3AB,0xDBAB,0xD3CC,0xEE98,0xF7DE,
0xEF9D,0xF79D,0xF79D,0xF79D,0xF79D,0xF79D,0xEF9D,0xEF9D,0xF79D,0xEF7D,0xEFBE,0xF79D,0xE553,0xD349,0xDBEC,0xD3AB,
0xDBAB,0xDBAB,0xDBAB,0xDBCB,0xDBCB,0xDBCB,0xDBCB,0xDBCB,0xD3CB,0xDBCB,0xD42D,0xEF1B,0xEFBE,0xF79D,0xEF7D,0xEF9D,
0xF79D,0xF79D,0xF79D,0xF79D,0xF79D,0xF79D,0xF79D,0xF79D,0xF79D,0xF79D,0xF79D,0xF79D,0xF79D,0xF79D,0xF79D,0xEF9D,
0xEF7D,0xEF7D,0xF79D,0xF79D,0xEF7D,0xF7BE,0xF79C,0xDCF0,0xD36A,0xDBEB,0xDBCB,0xDBAB,0xDBAB,0xD3AB,0xD3CB,0xD3CB,
0xDBCB,0xDBCB,0xDBCB,0xDBCC,0xD3AA,0xD4D0,0xF77C,0xF7BE,0xEF9D,0xEF9D,0xEF9D,0xF79D,0xF79D,0xF79D,0xF79D,0xF79D,
0xF79D,0xEF7D,0xF7DE,0xF71A,0xDC6E,0xD36A,0xDBAB,0xD38B,0xD38B,0xD3AB,0xDBCB,0xDBCB,0xDBCC,0xDBEC,0xDBEC,0xDBEC,
0xDBCB,0xDBCB,0xD3AB,0xD38A,0xCC6F,0xF77C,0xEF9D,0xF79D,0xF79D,0xEF9D,0xF79D,0xF79D,0xEF9D,0xEF9D,0xEF9D,0xF79D,
0xF79D,0xF79D,0xF79D,0xF79D,0xEF9D,0xF79D,0xF79D,0xEF9D,0xEF9D,0xEF9D,0xEF9D,0xF79D,0xF79D,0xF79D,0xEF9D,0xF79D,
0xF79D,0xEF9D,0xEF9D,0xEF9D,0xEF9D,0xF79D,0xF79D,0xF79D,0xF79D,0xF79D,0xF79D,0xF79D,0xF79D,0xF77D,0xF77D,0xF77D,
0xF79D,0xF79D,0xEF9D,0xF79D,0xF79D,0xF79D,0xEF9D,0xEF9D,0xF79D,0xF79D,0xF79D,0xF79D,0xF79D,0xF77D,0xEF7D,0xF79D,
0xF79D,0xF79D,0xF77D,0xF77D,0xF79D,0xF79D,0xF79D,0xEF7D,0xEF7D,0xEF7D,0xEF9D,0xEF9D,0xF79E,0xF79E,0xF79E,0xF79E,
0xF79E,0xF79D,0xF79D,0xF79D,0xF79D,0xF79D,0xF79D,0xF79D,0xF79D,0xF79D,0xEF9D,0xF79D,0xF79D,0xEF9D,0xF79D,0xF79D,
0xF79D,0xEF9D,0xEF9D,0xEF9D,0xEF9D,0xEF7D,0xEF7D,0xEF9D,0xEF9D,0xEF7D,0xEF9D,0xEF9D,0xF79D,0xF79D,0xF77D,0xF79D,
0xF79D,0xF79D,0xEF9D,0xF79D,0xF79D,0xEF9D,0xEF9D,0xEF9D,0xEF9D,0xEF7D,0xEF7D,0xF79D,0xEF9D,0xF79D,0xF77D,0xF77D,
0xF79D,0xF79D,0xF79D,0xF79D,0xF79D,0xF79D,0xF79D,0xEF9D,0xF79D,0xEF9D,0xEF9D,0xF79D,0xEF9D,0xEF9D,0xEF9D,0xEF9D,
0xEF9D,0xEF9D,0xF79D,0xEF9D,0xEF9D,0xEF9D,0xF79D,0xF79D,0xF79D,0xF7BE,0xEDF5,0xD349,0xDBAA,0xD38B,0xDBAB,0xDBCB,
0xDBEB,0xDBEB,0xDBEB,0xDBCB,0xDBCB,0xDBAB,0xDBAB,0xDBAB,0xD3CB,0xEE78,0xF7DE,0xEF9D,0xEF9D,0xF79D,0xF79D,0xEF9D,
0xEF9D,0xEF9D,0xEF9D,0xEF9D,0xEF7D,0xF7BD,0xF77C,0xE552,0xCB49,0xDBCB,0xD3AB,0xDBAB,0xDBAB,0xDBCB,0xDBCB,0xDBCB,
0xDBCB,0xDBCB,0xDBCB,0xD3CB,0xDBAB,0xD42D,0xEF1B,0xEFBD,0xF79D,0xEF9D,0xF79D,0xF79D,0xF79D,0xF79D,0xF79D,0xF79D,
0xF79D,0xF79D,0xEF9D,0xEF9D,0xF79D,0xF79D,0xF79D,0xF79D,0xF79D,0xF79D,0xF79D,0xF79D,0xEF9D,0xF79D,0xF79D,0xEF7D,
0xF7BE,0xF77C,0xDCD0,0xD36A,0xDBCB,0xD3AB,0xDBCB,0xDBAB,0xD3AB,0xD3CB,0xD3CB,0xD3CB,0xDBCB,0xDBCB,0xDBCC,0xD38A,
0xD4B0,0xEF5C,0xF7BE,0xEF9D,0xEF9D,0xEF9D,0xF79D,0xEF9D,0xEF9D,0xEF9D,0xEF9D,0xEF9D,0xEF7D,0xF7DF,0xF6FA,0xDC4E,
0xD36A,0xDBAB,0xD3AB,0xD38B,0xD3AB,0xDBCB,0xDBCC,0xDBCC,0xDBEC,0xDBEC,0xDBEC,0xDBCB,0xDBAB,0xDBAB,0xD38A,0xCC6F,
0xF75C,0xEF9D,0xF79D,0xF79D,0xF79D,0xEF9D,0xF79D,0xEF9D,0xF79D,0xF79D,0xF79D,0xF79D,0xF79D,0xF79D,0xEF9D,0xEF9D,
0xEF9D,0xEF9D,0xEF9D,0xEF9D,0xEF9D,0xEF9D,0xF79D,0xF79D,0xF79D,0xEF9D,0xF79D,0xEF9D,0xF79D,0xEF9D,0xEF9D,0xEF9D,
0xEF9D,0xF79D,0xF79D,0xF79D,0xF79D,0xEF9D,0xF79D,0xF77D,0xF77D,0xF77D,0xF77D,0xEF9D,0xF79D,0xEF9D,0xF79D,0xF79D,
0xEF9D,0xEF9D,0xEF9D,0xEF9D,0xEF9D,0xF79D,0xF77D,0xF77D,0xF77D,0xF77D,0xF77D,0xF77D,0xF77D,0xF79D,0xEF7D,0xEF7D,
0xF79D,0xF77D,0xEF7D,0xEF7D,0xEF7D,0xEF7D,0xEF7D,0xF79E,0xF79E,0xF79E,0xF79E,0xF79E,0xEF9D,0xEF9D,0xF79D,0xF79D,
0xF79D,0xF79D,0xEF9D,0xF79D,0xF79D,0xF79D,0xF79D,0xF79D,0xEF9D,0xEF9D,0xF79D,0xF79D,0xF79D,0xF79D,0xEF9D,0xF79D,
0xEF9D,0xEF9D,0xF79D,0xF79D,0xF77D,0xF79D,0xF79D,0xF79D,0xF79D,0xF77D,0xF79D,0xF79D,0xEF9D,0xEF9D,0xEF9D,0xEF9D,
0xF79D,0xEF9D,0xEF9D,0xF77D,0xF77D,0xEF7D,0xEF9D,0xEF9D,0xEF9D,0xEF9D,0xF79D,0xEF9D,0xF79D,0xF79D,0xF79D,0xF79D,
0xF79D,0xF79D,0xF79D,0xF79D,0xF79D,0xF79D,0xF79D,0xEF9D,0xF79D,0xF79D,0xF79D,0xF79D,0xEF9D,0xF79D,0xF79D,0xF79D,
0xF79D,0xF79D,0xF79D,0xF79D,0xF7BE,0xE5F5,0xD349,0xDB8A,0xD38B,0xDBAB,0xDBCB,0xDBEB,0xDBEB,0xDBEB,0xDBCB,0xDBCB,
0xDBAB,0xDBAB,0xDB8A,0xD3AB,0xEE78,0xF7DE,0xEF9D,0xEF9D,0xF79D,0xF79D,0xEF9D,0xEF9D,0xEF9D,0xF79D,0xF79D,0xEF7D,
0xF7BD,0xF77C,0xE532,0xCB49,0xDBCB,0xD3AB,0xD3AB,0xD3CB,0xDBCB,0xDBCB,0xDBCB,0xD3CB,0xDBCB,0xDBCB,0xDBCB,0xDBAB,
0xCC0D,0xEEFA,0xEFBD,0xF79D,0xEF9D,0xF79D,0xF79D,0xEF9D,0xF79D,0xF79D,0xF79D,0xF79D,0xF79D,0xF79D,0xEF9D,0xEF9D,
0xF79D,0xEF9D,0xEF9D,0xF79D,0xF79D,0xF79D,0xF79D,0xEF9D,0xF79D,0xF79D,0xEF9D,0xF7BE,0xF77C,0xDCCF,0xD34A,0xDBCB,
0xD3AB,0xDBAB,0xDBAB,0xDBCB,0xDBCB,0xD3CB,0xD3CB,0xDBCB,0xD3CB,0xDBCC,0xD38A,0xD46F,0xEF5C,0xF7BE,0xEF9D,0xEF9D,
0xF79D,0xF79D,0xEF9D,0xEF9D,0xEF9D,0xEF9D,0xF79D,0xEF7D,0xF7DF,0xF6DA,0xDC2D,0xD36A,0xDBCB,0xD3AB,0xDBAB,0xD3AB,
0xDBCB,0xDBCB,0xDBCB,0xDBEB,0xDBEB,0xD3EC,0xDBCB,0xD3AB,0xDBAB,0xD38A,0xCC6F,0xF75C,0xF7BD,0xF79D,0xF79D,0xEF9D,
0xEF7D,0xF79D,0xF79D,0xEF9D,0xF79D,0xF79D,0xF79D,0xF79D,0xF79D,0xEF9D,0xEF9D,0xEF9D,0xEF9D,0xF79D,0xF79D,0xEF9D,
0xEF9D,0xF79D,0xF79D,0xF79D,0xF79D,0xF79D,0xEF9D,0xF79D,0xF79D,0xF79D,0xF79D,0xF79D,0xF79D,0xF79D,0xF79D,0xF79D,
0xEF9D,0xEF9D,0xEF9D,0xF79D,0xF79D,0xF79D,0xEF9D,0xF79D,0xF79D,0xF79D,0xF79D,0xEF9D,0xF79D,0xF79D,0xF79D,0xF79D,
0xF79D,0xF77D,0xF79D,0xF79D,0xF79D,0xF79D,0xF77D,0xF77D,0xF79D,0xEF7D,0xEF7D,0xF79D,0xF77D,0xEF7D,0xEF7D,0xEF7D,
0xEF7D,0xEF7D,0xF79E,0xF79E,0xF79E,0xF79E,0xF79E,0xF79D,0xEF9D,0xF79D,0xF79D,0xF79D,0xF79D,0xEF9D,0xF79D,0xF79D,
0xF79D,0xF79D,0xF79D,0xF79D,0xF79D,0xF79D,0xF79D,0xF79D,0xEF7D,0xEF9D,0xF79D,0xF79D,0xF79D,0xF79D,0xF77D,0xF77D,
0xF79D,0xF77D,0xF77D,0xF77D,0xF79D,0xF79D,0xEF9D,0xEF9D,0xF79D,0xEF9D,0xEF9D,0xF79D,0xF79D,0xEF7D,0xF77D,0xF77D,
0xEF7D,0xEF7D,0xEF9D,0xF79D,0xEF9D,0xEF9D,0xEF9D,0xF79D,0xEF9D,0xF79D,0xF79D,0xF79D,0xF79D,0xF79D,0xF79D,0xF79D,
0xF79D,0xF79D,0xF79D,0xF79D,0xEF9D,0xEF9D,0xEF9D,0xEF9D,0xEF9D,0xF79D,0xEF9D,0xEF9D,0xEF9D,0xF79D,0xF79D,0xF7BE,
0xEDF5,0xD369,0xDBAB,0xD3AB,0xDBCB,0xDBEC,0xDC0C,0xDC0C,0xDBEC,0xDBEC,0xDBEB,0xDBCB,0xDBCB,0xDBAA,0xD3CB,0xE678,
0xF7DE,0xEF9D,0xF79D,0xF79D,0xF79D,0xEF9D,0xEF9D,0xEF9D,0xF79D,0xF79D,0xEF7D,0xF7BE,0xF77C,0xE532,0xD329,0xDBCB,
0xDBAB,0xDBCB,0xDBEC,0xDBEC,0xDBEC,0xDBEC,0xDBEC,0xDBEC,0xDBCB,0xDBCB,0xDBAB,0xD40D,0xEEFA,0xEF9D,0xF79D,0xEF9D,
0xF79D,0xF79D,0xEF9D,0xF79D,0xF79D,0xF79D,0xF79D,0xF79D,0xF79D,0xF79D,0xF79D,0xF79D,0xEF9D,0xF79D,0xF79D,0xF79D,
0xF79D,0xF79D,0xEF9D,0xF79D,0xF79D,0xEF9D,0xEFBD,0xF75C,0xE4CF,0xD36A,0xDBCB,0xDBCB,0xDBCB,0xDBCC,0xDBEC,0xDBEC,
0xDBEC,0xDBEC,0xDBEB,0xDBCB,0xDBCC,0xDB8A,0xD48F,0xEF5B,0xF7BE,0xF79D,0xEF9D,0xF79D,0xEF7D,0xF79D,0xEF9D,0xEF7D,
0xEF9D,0xF79D,0xEF7C,0xF7DE,0xEEDA,0xDC2D,0xDB8A,0xDBCC,0xDBAB,0xDBCB,0xDBCB,0xDBCB,0xDBEC,0xDBEC,0xDBEC,0xDBEC,
0xDC0C,0xDBEB,0xDBCB,0xDBAB,0xDBAA,0xD46F,0xF75C,0xF7BD,0xF79D,0xF79D,0xEF9D,0xEF9D,0xF79D,0xEF9D,0xEF9D,0xF79D,
0xF79D,0xF79D,0xF79D,0xEF9D,0xEF9D,0xEF9D,0xF79D,0xEF9D,0xEF9D,0xF79D,0xEF9D,0xF79D,0xF79D,0xF79D,0xF79D,0xF79D,
0xF79D,0xF79D,0xF79D,0xF79D,0xF79D,0xF79D,0xF79D,0xEF9D,0xEF9D,0xF79D,0xF79D,0xF79D,0xF79D,0xF79D,0xF79D,0xEF9D,
0xEF9D,0xF79D,0xF79D,0xF79D,0xF79D,0xF77D,0xEF9D,0xF79D,0xF79D,0xF79D,0xF79D,0xF79D,0xF79D,0xF79D,0xF77D,0xF79D,
0xF79D,0xF77D,0xEF7D,0xEF7D,0xF77D,0xF79D,0xF79D,0xF79D,0xEF7D,0xEF7D,0xEF7D,0xEF9D,0xEF7D,0xF79E,0xF79E,0xF79E,
0xF79E,0xF79E,0xF79D,0xEF9D,0xF79D,0xEF9D,0xF79D,0xF79D,0xF79D,0xF79D,0xF79D,0xF79D,0xF79D,0xF79D,0xF79D,0xF79D,
0xF79D,0xF79D,0xEF9D,0xEF9D,0xF79D,0xF79D,0xEF9D,0xEF9D,0xEF9D,0xEF7D,0xF77D,0xF79D,0xF79D,0xEF7D,0xF77D,0xF79D,
0xF79D,0xEF9D,0xEF9D,0xF79D,0xF79D,0xF79D,0xF79D,0xF79D,0xEF7D,0xF79D,0xF77D,0xF77D,0xEF7D,0xF77D,0xF79D,0xEF9D,
0xEF7D,0xEF9D,0xF79D,0xF79D,0xF79D,0xF79D,0xF79D,0xF79D,0xF79D,0xF79D,0xF79D,0xF79D,0xF79D,0xF79D,0xF79D,0xEF9D,
0xEF9D,0xEF9D,0xEF9D,0xEF9D,0xF79D,0xEF9D,0xEF7D,0xF79D,0xF79D,0xF79D,0xF7BD,0xE5D5,0xCB08,0xD349,0xD36A,0xDB8A,
0xD38B,0xDBAB,0xDBAB,0xDBAA,0xDB8A,0xD38A,0xD36A,0xD36A,0xDB49,0xCB69,0xEE57,0xF7BE,0xEF9D,0xF79D,0xF79D,0xF79D,
0xEF9D,0xF79D,0xF79D,0xEF9D,0xEF9D,0xEF7D,0xF79D,0xF77C,0xE511,0xCAC7,0xD36A,0xD36A,0xDB8A,0xD3AB,0xD3AB,0xD3AB,
0xD3AB,0xD3AB,0xD38A,0xD38A,0xD36A,0xDB49,0xD3CC,0xEEFA,0xEF9D,0xF79D,0xEF9D,0xF79D,0xF79D,0xF79D,0xF79D,0xF79D,
0xF79D,0xF79D,0xF79D,0xF79D,0xF79D,0xF79D,0xF79D,0xF79D,0xF79D,0xF79D,0xF79D,0xF79D,0xEF9D,0xEF9D,0xF79D,0xF79D,
0xEF7D,0xEFBE,0xF77C,0xDC8E,0xD307,0xD369,0xD36A,0xD38A,0xDB8B,0xD3AB,0xD3AB,0xD3AB,0xD3AB,0xD38A,0xDB6A,0xD36A,
0xD308,0xCC4E,0xEF3B,0xF7BE,0xF79D,0xEF9D,0xEF9D,0xEF9D,0xF79D,0xEF9D,0xEF7D,0xEF9D,0xEF9D,0xEF7D,0xF7DE,0xEEB9,
0xDBCC,0xD329,0xDB8A,0xD36A,0xD38A,0xD38A,0xD38A,0xD3AA,0xD3AA,0xD3AA,0xDBAB,0xDBAA,0xD38A,0xD36A,0xD36A,0xDB4A,
0xCC4D,0xF75C,0xF79D,0xF79D,0xF79D,0xF79D,0xEF9D,0xEF9D,0xEF9D,0xF79D,0xF79D,0xF79D,0xF79D,0xF79D,0xEF9D,0xF79D,
0xF79D,0xF79D,0xEF9D,0xEF7D,0xF77D,0xF77D,0xF77D,0xF79D,0xF79D,0xF79D,0xF79D,0xF79D,0xF79D,0xF79D,0xF79D,0xF79D,
0xF79D,0xEF9D,0xEF9D,0xEF9D,0xEF9D,0xEF9D,0xF79D,0xEF9D,0xF77D,0xF79D,0xEF9D,0xEF7D,0xF79D,0xF79D,0xF79D,0xEF9D,
0xEF7D,0xEF9D,0xF79D,0xF79D,0xF79D,0xF79D,0xF79D,0xEF9D,0xEF7D,0xF77D,0xF79D,0xF79D,0xF79D,0xEF7D,0xF77D,0xF77D,
0xF79D,0xF79D,0xF79D,0xEF9D,0xEF9D,0xEF9D,0xEF9D,0xEF7D,0xF79E,0xF79E,0xF79E,0xF79E,0xF79E,0xEF9D,0xF79D,0xF79D,
0xEF9D,0xF79D,0xF79D,0xF79D,0xF79D,0xF79D,0xF79D,0xF79D,0xF79D,0xF79D,0xF79D,0xF79D,0xF79D,0xEF9D,0xF79D,0xF79D,
0xEF7D,0xEF7D,0xEF7D,0xF79D,0xF79D,0xEF7D,0xEF9D,0xEF9D,0xEF7D,0xF77D,0xF79D,0xF77D,0xF79D,0xEF9D,0xEF9D,0xF79D,
0xF79D,0xEF9D,0xF79D,0xF79D,0xF79D,0xF77D,0xF77D,0xF77D,0xF77D,0xEF7D,0xEF7D,0xEF7D,0xEF9D,0xF79D,0xF79D,0xF79D,
0xF79D,0xF79D,0xF79D,0xF79D,0xF79D,0xF79D,0xF79D,0xF79D,0xF79D,0xF79D,0xF79D,0xF79D,0xF79D,0xF79D,0xF79D,0xF79D,
0xF79D,0xF79D,0xEF9D,0xF79D,0xF79D,0xF7BD,0xE636,0xC3CC,0xD3EC,0xCC0D,0xD42E,0xD42E,0xD42E,0xD42E,0xD44E,0xD42E,
0xD42D,0xCC2D,0xD40D,0xD3EC,0xC40C,0xE678,0xF7BE,0xEF9D,0xF79D,0xF79D,0xF79D,0xF79D,0xF79D,0xF79D,0xF79D,0xEF9D,
0xEF7D,0xEF9D,0xF77C,0xDD52,0xC38A,0xD40D,0xCC0D,0xD42E,0xD44E,0xCC4E,0xCC4E,0xD46E,0xD44E,0xD42E,0xD40D,0xD40D,
0xD3EC,0xCC4E,0xEEFB,0xF79D,0xF79D,0xF79D,0xF79D,0xF79D,0xF79D,0xF79D,0xF79D,0xF79D,0xF79D,0xF79D,0xF79D,0xF79D,
0xF79D,0xEF9D,0xEF9D,0xEF9D,0xEF9D,0xEF9D,0xEF9D,0xEF9D,0xEF9D,0xF79D,0xF79D,0xF77D,0xF79E,0xF77C,0xDCF1,0xCB8B,
0xD3EC,0xD40D,0xD42E,0xD42E,0xD44E,0xD44E,0xD44E,0xD44E,0xD42E,0xD40D,0xD40D,0xD38B,0xCCB0,0xEF3B,0xF79D,0xF79D,
0xF79D,0xEF9D,0xF79D,0xEF9D,0xEF9D,0xF79D,0xEF9D,0xEF9D,0xEF7D,0xF7BE,0xEEB9,0xCC4E,0xCBCC,0xD42E,0xD40D,0xD42D,
0xCC2D,0xD42E,0xD42E,0xD44E,0xD42E,0xD42E,0xD42D,0xD40D,0xD40D,0xD40D,0xCBED,0xCCB0,0xF73C,0xF79D,0xF79D,0xF79D,
0xEF7D,0xEF9D,0xEF9D,0xF79D,0xEF9D,0xF79D,0xF79D,0xF79D,0xF79D,0xF79D,0xF79D,0xF79D,0xF79D,0xEF9D,0xF79D,0xF77D,
0xF77D,0xF79D,0xF79D,0xF79D,0xF79D,0xF79D,0xF79D,0xEF9D,0xF79D,0xF79D,0xF79D,0xF79D,0xEF7D,0xF79D,0xF79D,0xEF7D,
0xEF9D,0xEF9D,0xEF9D,0xEF7D,0xEF9D,0xEF9D,0xEF9D,0xF79D,0xF79D,0xF79D,0xF79D,0xF79D,0xF79D,0xF79D,0xF79D,0xF79D,
0xF79D,0xF79D,0xF79D,0xF79D,0xF77D,0xEF7D,0xF79D,0xF79D,0xF79D,0xF79D,0xF79D,0xF79D,0xF77D,0xF79D,0xEF9D,0xEF9D,
0xEF7D,0xEF7D,0xEF9D,0xF79E,0xF79E,0xF79E,0xF79E,0xF79E,0xF79D,0xF79D,0xF79D,0xF79D,0xF79D,0xF79D,0xF79D,0xEF9D,
0xEF9D,0xF79D,0xF79D,0xF77D,0xF77D,0xF79D,0xF79D,0xEF9D,0xEF9D,0xEF9D,0xEF9D,0xEF7D,0xEF9D,0xEF9D,0xEF9D,0xF79D,
0xF79D,0xEF9D,0xEF9D,0xF77D,0xF77D,0xF79D,0xF77D,0xF77D,0xEF9D,0xEF9D,0xEF9D,0xEF9D,0xEF9D,0xF79D,0xF79D,0xF77D,
0xEF7D,0xEF7D,0xF77D,0xF77D,0xEF7D,0xEF7D,0xF79D,0xF79D,0xF79D,0xF79D,0xF79D,0xF79D,0xF79D,0xF79D,0xEF9D,0xEF9D,
0xF79D,0xF79D,0xF79D,0xF79D,0xF79D,0xF79D,0xF77D,0xF77D,0xF79D,0xF79D,0xF79D,0xF79D,0xF79D,0xEF9D,0xF79D,0xF79D,
0xEF9D,0xEF3B,0xE698,0xE6B9,0xE6B9,0xE6D9,0xE6BA,0xE6DA,0xE6D9,0xE6B9,0xE6B9,0xE6B9,0xE6B9,0xE6B9,0xE699,0xE698,
0xEF3B,0xF79D,0xF79D,0xF79D,0xF79D,0xF79D,0xF79D,0xF79D,0xF79D,0xEF9D,0xEF7D,0xF79D,0xEF9D,0xEF7D,0xEEDA,0xE658,
0xE699,0xE699,0xE6B9,0xE6B9,0xE6DA,0xE6DA,0xE6DA,0xE6DA,0xE6B9,0xE6B9,0xE698,0xE678,0xE699,0xEF5C,0xF79D,0xF77D,
0xF79D,0xF79D,0xEF9D,0xF79D,0xF79D,0xF79D,0xEF9D,0xF79D,0xF79D,0xF79D,0xF79D,0xF79D,0xF79D,0xF79D,0xEF9D,0xEF9D,
0xF79D,0xF79D,0xEF9D,0xEF9D,0xF79D,0xEF9D,0xEF9D,0xF79D,0xEF7D,0xE6D9,0xE678,0xE699,0xE699,0xE6B9,0xE6DA,0xE6DA,
0xE6DA,0xE6DA,0xEEDA,0xEEB9,0xE6B9,0xE699,0xE678,0xE6B9,0xEF5C,0xF79D,0xEF9D,0xF79D,0xF79D,0xF79D,0xF79D,0xF79D,
0xF79D,0xF79D,0xF77D,0xEF7D,0xF79D,0xEF3C,0xE699,0xE699,0xEEB9,0xE6B9,0xE6B9,0xE6B9,0xE6B9,0xE6B9,0xE6B9,0xE6B9,
0xE6B9,0xE6B9,0xE6B9,0xE699,0xE6B9,0xE679,0xE6B9,0xEF7C,0xF79D,0xF79D,0xF79D,0xF77D,0xF77D,0xF77D,0xF77D,0xF79D,
0xF79D,0xF79D,0xEF9D,0xF79D,0xF79D,0xF79D,0xF79D,0xF79D,0xF79D,0xF79D,0xF79D,0xF77D,0xF79D,0xF79D,0xF79D,0xEF9D,
0xEF9D,0xF79D,0xEF9D,0xF79D,0xF79D,0xF79D,0xF79D,0xEF7D,0xF77D,0xF77D,0xF77D,0xF79D,0xF79D,0xF79D,0xF77D,0xEF7D,
0xF79D,0xEF9D,0xF79D,0xF79D,0xF79D,0xF79D,0xF79D,0xF79D,0xEF9D,0xEF9D,0xEF9D,0xEF9D,0xEF9D,0xEF9D,0xF79D,0xF77D,
0xEF7D,0xF79D,0xF79D,0xF79D,0xF79D,0xF79D,0xF77D,0xF77D,0xEF7D,0xEF9D,0xEF9D,0xEF7D,0xEF7D,0xEF7D,0xF79E,0xF79E,
0xF79E,0xF79E,0xF79E,0xEF9D,0xF79D,0xF79D,0xF79D,0xEF9D,0xEF9D,0xF79D,0xEF9D,0xEF9D,0xF79D,0xF79D,0xEF9D,0xF79D,
0xF79D,0xF79D,0xEF9D,0xEF9D,0xF79D,0xEF9D,0xEF9D,0xEF9D,0xEF9D,0xEF9D,0xF79D,0xF79D,0xEF9D,0xEF9D,0xEF9D,0xEF7D,
0xEF7D,0xF77D,0xF79D,0xEF9D,0xEF9D,0xF79D,0xEF7D,0xEF9D,0xF77D,0xF77D,0xF77D,0xF77D,0xEF7D,0xF77D,0xF77D,0xEF7D,
0xEF9D,0xEF9D,0xF79D,0xF79D,0xF79D,0xF79D,0xF79D,0xF79D,0xF79D,0xF79D,0xF79D,0xF79D,0xF79D,0xF79D,0xF79D,0xF79D,
0xF79D,0xF77D,0xF77D,0xF79D,0xF79D,0xF79D,0xF79D,0xF79D,0xF79D,0xF79D,0xEF9D,0xEF7D,0xF79D,0xF7DE,0xF7DE,0xFFDF,
0xF7DF,0xF7DE,0xF7DE,0xF7DE,0xF7BE,0xF7BE,0xF7DE,0xF7DE,0xF7DF,0xF7DF,0xF7DE,0xEF9D,0xEF9D,0xF79D,0xF79D,0xF77D,
0xF77D,0xF77D,0xF79D,0xF79D,0xF79D,0xEF9D,0xF79D,0xEF9D,0xEF7D,0xF79D,0xF7DE,0xF7BE,0xF7DE,0xF7DE,0xF7DE,0xF7FF,
0xF7FF,0xF7FF,0xF7FF,0xF7DE,0xF7DE,0xF7DE,0xF7BE,0xF7BE,0xEF9D,0xEF9D,0xF79D,0xF79D,0xEF9D,0xEF9D,0xEF9D,0xEF9D,
0xEF9D,0xF79D,0xF79D,0xF79D,0xF79D,0xF79D,0xF79D,0xF79D,0xF79D,0xF77D,0xF77D,0xF79D,0xF79D,0xF79D,0xF79D,0xF79D,
0xEF9D,0xEF9D,0xEF9D,0xF77D,0xF7BE,0xF7BE,0xF7BE,0xF7DE,0xF7DF,0xFFDF,0xF7DF,0xF7DF,0xF7FF,0xF7FF,0xF7FF,0xF7DE,
0xF7DE,0xF7DE,0xF7BD,0xEF7D,0xEF7D,0xEF9D,0xEF9D,0xF79D,0xF79D,0xF79D,0xF79D,0xF79D,0xF79D,0xF79D,0xF79D,0xEF7D,
0xEF7D,0xF7BE,0xF7DF,0xF7DE,0xF7DF,0xF7FF,0xF7FF,0xF7DF,0xF7DE,0xF7DE,0xF7DE,0xF7DE,0xF7DE,0xF7DE,0xF7DF,0xF7FF,
0xF7DF,0xF7BE,0xEF9D,0xF79D,0xF79D,0xF79D,0xEF7D,0xF77D,0xF79D,0xF77D,0xF79D,0xF79D,0xEF9D,0xEF9D,0xF79D,0xF79D,
0xEF9D,0xF77D,0xF77D,0xF77D,0xF79D,0xF79D,0xF79D,0xF79D,0xF79D,0xF79D,0xF79D,0xF79D,0xF79D,0xEF9D,0xF79D,0xF79D,
0xEF9D,0xEF9D,0xF79D,0xF77D,0xF79D,0xF79D,0xF77D,0xF79D,0xF77D,0xF79D,0xEF9D,0xEF9D,0xEF9D,0xF79D,0xEF9D,0xEF9D,
0xEF9D,0xEF9D,0xEF9D,0xEF9D,0xEF7D,0xEF9D,0xF79D,0xF79D,0xF77D,0xF77D,0xF77D,0xF77D,0xF79D,0xF79D,0xF79D,0xF79D,
0xF77D,0xF77D,0xF79D,0xEF7D,0xEF7D,0xF79D,0xEF9D,0xEF9D,0xEF7D,0xF79E,0xF79E,0xF79E,0xF79E,0xF79E,0xEF9D,0xEF9D,
0xEF9D,0xF79D,0xF79D,0xEF9D,0xEF9D,0xEF9D,0xEF9D,0xEF9D,0xF79D,0xEF9D,0xEF9D,0xEF9D,0xEF9D,0xEF9D,0xF79D,0xF79D,
0xEF7D,0xEF9D,0xEF7D,0xEF9D,0xEF9D,0xEF9D,0xEF9D,0xEF9D,0xEF9D,0xEF9D,0xEF9D,0xEF9D,0xEF9D,0xEF9D,0xEF9D,0xEF9D,
0xF79D,0xF77D,0xF77D,0xEF7D,0xEF7D,0xEF7D,0xEF7D,0xF77D,0xEF7D,0xF77D,0xEF7D,0xEF9D,0xEF7D,0xEF9D,0xF79D,0xF79D,
0xF79D,0xF79D,0xF79D,0xF79D,0xF77D,0xF79D,0xF79D,0xEF7D,0xEF7D,0xEF9D,0xEF9D,0xEF7D,0xF77D,0xF79D,0xF79D,0xF79D,
0xF79D,0xF79D,0xF79D,0xF79D,0xF79D,0xEF9D,0xF77D,0xEF7D,0xEF7D,0xEF5C,0xEF7D,0xEF5C,0xEF5C,0xEF5C,0xEF5C,0xEF5C,
0xEF7C,0xEF7C,0xEF7C,0xEF7D,0xEF7D,0xEF7C,0xF79D,0xF79D,0xEF9D,0xF79D,0xF77D,0xEF7D,0xF77D,0xF79D,0xF77D,0xEF7D,
0xEF9D,0xEF9D,0xEF9D,0xEF9D,0xEF7C,0xEF5C,0xEF7C,0xEF7C,0xEF7C,0xEF7C,0xF77D,0xEF7D,0xF77D,0xEF7C,0xEF7C,0xEF7C,
0xEF7C,0xEF5C,0xEF5C,0xEF7D,0xEF7D,0xEF9D,0xEF9D,0xEF9D,0xEF9D,0xF79D,0xF79D,0xEF9D,0xEF9D,0xF79D,0xF79D,0xF77D,
0xF77D,0xF77D,0xF77D,0xF77D,0xEF7D,0xEF7D,0xF77D,0xF77D,0xF77D,0xF77D,0xEF7D,0xEF9D,0xEF9D,0xEF9D,0xF79D,0xEF7C,
0xEF5C,0xEF5C,0xEF7C,0xEF7C,0xEF7C,0xEF7C,0xEF7D,0xEF7C,0xEF7C,0xEF7C,0xEF7C,0xEF7C,0xEF5C,0xEF7C,0xEF9D,0xEF9D,
0xEF9D,0xEF9D,0xF79D,0xF79D,0xF79D,0xF79D,0xF79D,0xEF9D,0xEF9D,0xF77D,0xF77D,0xEF7D,0xEF7C,0xEF7C,0xEF7C,0xEF7D,
0xEF7D,0xEF7D,0xEF7D,0xEF7D,0xEF7D,0xEF7D,0xEF7C,0xEF7C,0xEF7D,0xEF7D,0xF77D,0xEF7D,0xEF7D,0xEF7D,0xEF7D,0xEF9D,
0xEF9D,0xEF7D,0xEF9D,0xEF9D,0xEF9D,0xF79D,0xF79D,0xF79D,0xF79D,0xF79D,0xF79D,0xF79D,0xF77D,0xF77D,0xEF7D,0xF77D,
0xF77D,0xF77D,0xEF7D,0xEF7D,0xEF9D,0xF79D,0xF79D,0xF79D,0xF79D,0xF79D,0xF79D,0xF79D,0xEF9D,0xEF9D,0xF77D,0xF77D,
0xF77D,0xF77D,0xF77D,0xEF7D,0xF77D,0xEF9D,0xEF9D,0xEF9D,0xEF9D,0xF79D,0xF79D,0xEF9D,0xF79D,0xF79D,0xEF9D,0xEF7D,
0xEF7D,0xF77D,0xF77D,0xF77D,0xF77D,0xEF7D,0xEF7D,0xF77D,0xF77D,0xF77D,0xF77D,0xF79D,0xF77D,0xF77D,0xF77D,0xF77D,
0xF77D,0xEF9D,0xEF9D,0xEF7D,0xF79E,0xF79E,0xF79E,0xF79E,0xF79E,0xEF9D,0xEF9D,0xF79D,0xF79D,0xEF9D,0xEF9D,0xF79D,
0xEF9D,0xEF9D,0xEF9D,0xEF9D,0xF79D,0xF79D,0xF79D,0xF79D,0xF79D,0xF79D,0xF79D,0xF79D,0xF79D,0xEF9D,0xEF9D,0xEF9D,
0xEF9D,0xEF9D,0xEF9D,0xEF9D,0xF79D,0xF79D,0xEF9D,0xEF9D,0xEF9D,0xEF7D,0xEF7D,0xF79D,0xF77D,0xF77D,0xEF7D,0xEF7D,
0xEF9D,0xEF7D,0xEF7D,0xEF9D,0xEF9D,0xF79D,0xEF9D,0xF79D,0xEF9D,0xF79D,0xF79D,0xEF9D,0xEF9D,0xF77D,0xF77D,0xF77D,
0xEF9D,0xEF9D,0xEF7D,0xEF9D,0xEF9D,0xEF9D,0xEF7D,0xF77D,0xF77D,0xEF9D,0xF79D,0xF79D,0xF79D,0xEF9D,0xF79D,0xEF9D,
0xEF9D,0xF79D,0xF77D,0xF77D,0xF79D,0xF79D,0xF77D,0xF79D,0xEF7D,0xEF7D,0xEF7D,0xEF9D,0xEF7D,0xEF9D,0xF79D,0xF79D,
0xEF7D,0xEF9D,0xEF9D,0xF79D,0xF79D,0xF79D,0xF77D,0xF79D,0xF79D,0xF79D,0xEF9D,0xEF9D,0xEF9D,0xEF9D,0xF79D,0xF79D,
0xF79D,0xF79D,0xF79D,0xEF9D,0xF79D,0xF79D,0xF79D,0xF79D,0xEF9D,0xF79D,0xF79D,0xF79D,0xF77D,0xEF7D,0xEF9D,0xF79D,
0xEF9D,0xF79D,0xF79D,0xEF9D,0xF79D,0xF79D,0xEF7D,0xEF9D,0xF79D,0xF77D,0xF77D,0xF77D,0xF77D,0xF79D,0xF79D,0xEF9D,
0xEF7D,0xF77D,0xF77D,0xF79D,0xF77D,0xEF9D,0xF79D,0xEF9D,0xEF9D,0xF79D,0xEF7D,0xEF7D,0xEF9D,0xEF9D,0xEF9D,0xF79D,
0xF79D,0xF79D,0xF79D,0xF79D,0xF79D,0xF79D,0xEF9D,0xEF7D,0xEF9D,0xF79D,0xF79D,0xF79D,0xF79D,0xF79D,0xF79D,0xF77D,
0xF79D,0xF79D,0xF77D,0xEF7D,0xEF7D,0xEF7D,0xF79D,0xF77D,0xF79D,0xF79D,0xF79D,0xF79D,0xF79D,0xEF9D,0xF79D,0xF79D,
0xEF9D,0xEF9D,0xF79D,0xF79D,0xF79D,0xF79D,0xF79D,0xF79D,0xEF9D,0xEF7D,0xEF9D,0xF79D,0xF79D,0xEF9D,0xEF9D,0xF79D,
0xEF9D,0xF79D,0xF79D,0xF79D,0xF79D,0xF79D,0xF79D,0xF79D,0xF77D,0xF77D,0xF77D,0xF77D,0xF77D,0xF77D,0xEF9D,0xF79D,
0xF79D,0xF79D,0xF79D,0xF79D,0xF79D,0xF79D,0xF79D,0xF79D,0xEF7D,0xF79D,0xF79D,0xF79D,0xF79D,0xF79D,0xEF9D,0xF77D,
0xF79D,0xEF9D,0xEF9D,0xEF9D,0xEF9D,0xEF9D,0xEF7D,0xEF9D,0xF79D,0xEF9D,0xEF9D,0xF79D,0xF79D,0xEF7D,0xEF7D,0xF77D,
0xEF7D,0xF77D,0xF77D,0xF77D,0xF77D,0xF79D,0xF79D,0xF79D,0xF77D,0xF79D,0xEF7D,0xEF7D,0xEF9D,0xEF9D,0xEF9D,0xF79E,
0xF79E,0xF79E,0xF79E,0xF79E,0xF79D,0xEF9D,0xEF9D,0xF79D,0xF79D,0xF79D,0xF79D,0xEF9D,0xEF9D,0xF79D,0xEF9D,0xF79D,
0xF79D,0xF79D,0xF79D,0xEF9D,0xEF9D,0xF79D,0xF79D,0xEF9D,0xEF9D,0xF79D,0xEF9D,0xF79D,0xF77D,0xEF7D,0xEF9D,0xEF9D,
0xF79D,0xEF9D,0xEF9D,0xEF9D,0xEF9D,0xEF7D,0xF77D,0xF77D,0xF77D,0xF77D,0xEF9D,0xEF9D,0xEF7D,0xEF7D,0xEF9D,0xEF9D,
0xEF9D,0xEF9D,0xF79D,0xEF7D,0xEF9D,0xF79D,0xEF7D,0xEF9D,0xF77D,0xF77D,0xF79D,0xEF9D,0xEF7D,0xF79D,0xF79D,0xF79D,
0xF79D,0xF79D,0xF79D,0xF77D,0xF79D,0xF79D,0xF79D,0xF79D,0xEF9D,0xEF9D,0xEF9D,0xEF9D,0xEF9D,0xF79D,0xF79D,0xF79D,
0xF79D,0xF77D,0xF77D,0xF77D,0xEF9D,0xEF7D,0xEF9D,0xEF9D,0xF79D,0xF79D,0xF79D,0xEF9D,0xEF9D,0xEF9D,0xEF7D,0xEF9D,
0xF79D,0xF77D,0xF77D,0xF79D,0xF79D,0xEF9D,0xEF9D,0xF79D,0xEF9D,0xF79D,0xF79D,0xEF9D,0xF79D,0xF79D,0xEF9D,0xF79D,
0xF79D,0xF79D,0xF79D,0xF79D,0xF79D,0xF79D,0xF79D,0xF77D,0xEF7D,0xEF9D,0xF79D,0xF79D,0xF79D,0xF79D,0xF79D,0xEF9D,
0xEF9D,0xF79D,0xF79D,0xEF9D,0xF79D,0xF79D,0xF77D,0xF77D,0xF79D,0xF79D,0xF79D,0xF79D,0xF79D,0xF77D,0xF79D,0xF79D,
0xF79D,0xF79D,0xF79D,0xEF9D,0xF79D,0xF79D,0xEF7D,0xEF9D,0xEF9D,0xF79D,0xF79D,0xF79D,0xF79D,0xF79D,0xF79D,0xF79D,
0xF79D,0xEF9D,0xEF7D,0xEF9D,0xF79D,0xF79D,0xF79D,0xF79D,0xF79D,0xF79D,0xF77D,0xF79D,0xF79D,0xF79D,0xF77D,0xF77D,
0xF79D,0xF79D,0xF79D,0xF79D,0xF79D,0xEF9D,0xF79D,0xF79D,0xEF9D,0xEF9D,0xEF9D,0xEF9D,0xEF7D,0xF79D,0xF79D,0xF79D,
0xF79D,0xF79D,0xEF9D,0xEF7D,0xEF9D,0xF79D,0xF79D,0xF79D,0xF79D,0xF79D,0xF79D,0xEF9D,0xF79D,0xF79D,0xF79D,0xF79D,
0xF79D,0xF79D,0xF79D,0xF79D,0xF79D,0xF79D,0xF79D,0xF79D,0xF79D,0xF79D,0xF79D,0xF79D,0xF79D,0xF79D,0xEF9D,0xEF9D,
0xF79D,0xF79D,0xF79D,0xF79D,0xF79D,0xF79D,0xF79D,0xF79D,0xF79D,0xF79D,0xF79D,0xF79D,0xF79D,0xEF9D,0xF79D,0xF79D,
0xEF9D,0xEF9D,0xF79D,0xF79D,0xF79D,0xEF9D,0xF77D,0xF77D,0xF77D,0xF77D,0xF77D,0xF77D,0xF79D,0xF79D,0xF77D,0xF77D,
0xF79D,0xF79D,0xF79D,0xF79D,0xF77D,0xF77D,0xEF7D,0xEF9D,0xEF9D,0xEF7D,0xF79E,0xF79E,0xF79E,0xF79E,0xF79E,0xF79D,
0xEF9D,0xEF9D,0xF79D,0xF79D,0xF79D,0xF79D,0xEF9D,0xEF9D,0xEF9D,0xEF9D,0xF79D,0xF79D,0xEF9D,0xEF9D,0xEF9D,0xEF9D,
0xEF9D,0xF79D,0xEF9D,0xEF7D,0xEF9D,0xEF9D,0xF77D,0xF77D,0xF77D,0xEF7D,0xEF9D,0xEF9D,0xEF9D,0xEF9D,0xEF9D,0xEF9D,
0xEF7D,0xF77D,0xF77D,0xF79D,0xF79D,0xF77D,0xF77D,0xEF7D,0xEF9D,0xEF9D,0xF79D,0xEF9D,0xEF7D,0xEF9D,0xF79D,0xF79D,
0xF79D,0xEF9D,0xEF9D,0xEF9D,0xF79D,0xF77D,0xF77D,0xEF7D,0xF77D,0xF77D,0xF77D,0xF79D,0xF79D,0xF77D,0xF77D,0xF77D,
0xF79D,0xF79D,0xF79D,0xF79D,0xF79D,0xF79D,0xF79D,0xF79D,0xF79D,0xF79D,0xF79D,0xF79D,0xF77D,0xF77D,0xF79D,0xEF9D,
0xEF9D,0xF79D,0xF79D,0xF79D,0xEF9D,0xF79D,0xF79D,0xF79D,0xEF9D,0xEF7D,0xF79D,0xF79D,0xF77D,0xF79D,0xF79D,0xF79D,
0xF79D,0xF79D,0xF79D,0xEF9D,0xEF9D,0xF79D,0xEF9D,0xF79D,0xF79D,0xF79D,0xF77D,0xF77D,0xF79D,0xF79D,0xF79D,0xF79D,
0xF77D,0xF77D,0xF79D,0xF77D,0xF77D,0xEF7D,0xEF9D,0xEF9D,0xF79D,0xF79D,0xEF9D,0xF79D,0xF79D,0xF79D,0xEF9D,0xEF7D,
0xF79D,0xF79D,0xF79D,0xEF9D,0xF79D,0xF79D,0xEF9D,0xF79D,0xEF9D,0xEF9D,0xEF7D,0xF77D,0xF79D,0xF79D,0xF79D,0xF79D,
0xF79D,0xEF9D,0xF77D,0xEF9D,0xF79D,0xF77D,0xF77D,0xF77D,0xF77D,0xF79D,0xEF7D,0xF77D,0xF79D,0xF77D,0xF79D,0xF79D,
0xF79D,0xF79D,0xEF7D,0xF77D,0xF77D,0xF77D,0xF79D,0xF79D,0xF79D,0xF77D,0xF77D,0xF77D,0xF77D,0xF79D,0xF79D,0xF79D,
0xF79D,0xEF9D,0xEF9D,0xF79D,0xF79D,0xF79D,0xEF9D,0xEF9D,0xF77D,0xF77D,0xF79D,0xF79D,0xF79D,0xF79D,0xEF7D,0xF77D,
0xF79D,0xF77D,0xEF9D,0xEF9D,0xF79D,0xEF9D,0xF79D,0xF79D,0xF79D,0xF79D,0xF79D,0xF79D,0xF79D,0xF77D,0xEF7D,0xF79D,
0xF79D,0xF79D,0xF79D,0xF79D,0xF79D,0xF79D,0xF79D,0xEF9D,0xF79D,0xF77D,0xF79D,0xF79D,0xF79D,0xF79D,0xF77D,0xF77D,
0xF79D,0xF79D,0xF79D,0xF79D,0xF79D,0xEF9D,0xF79D,0xF79D,0xEF9D,0xF79D,0xF79D,0xF79D,0xF79D,0xF79D,0xF79D,0xEF9D,
0xEF7D,0xF79D,0xF77D,0xF77D,0xF79D,0xF79D,0xF77D,0xF77D,0xF77D,0xF77D,0xF77D,0xF79D,0xF79D,0xF79D,0xF77D,0xEF7D,
0xF77D,0xEF7D,0xEF9D,0xEF7D,0xEF7D,0xF79E,0xF79E,0xF79E,0xF79E,0xF79E,0xEF9D,0xEF9D,0xEF9D,0xF79D,0xF79D,0xF79D,
0xF79D,0xEF9D,0xF79D,0xEF9D,0xEF9D,0xF79D,0xEF9D,0xEF9D,0xEF9D,0xEF9D,0xF79D,0xF79D,0xEF9D,0xEF9D,0xEF9D,0xEF9D,
0xEF7D,0xF77D,0xF79D,0xF79D,0xF79D,0xEF9D,0xEF9D,0xEF9D,0xEF9D,0xEF9D,0xEF7D,0xEF9D,0xEF7D,0xEF7D,0xF77D,0xF77D,
0xF77D,0xF77D,0xEF7D,0xEF9D,0xEF9D,0xEF9D,0xEF9D,0xEF7D,0xEF9D,0xF79D,0xF79D,0xEF9D,0xEF9D,0xEF7D,0xEF9D,0xF79D,
0xF77D,0xF77D,0xEF7D,0xEF7D,0xEF7D,0xEF7D,0xEF7D,0xF77D,0xF77D,0xF77D,0xF79D,0xF79D,0xF79D,0xF79D,0xF79D,0xF79D,
0xF79D,0xEF9D,0xF79D,0xF77D,0xF77D,0xF79D,0xF79D,0xF79D,0xF77D,0xF79D,0xEF9D,0xF79D,0xF79D,0xF79D,0xF79D,0xF79D,
0xF79D,0xF79D,0xF79D,0xEF9D,0xEF7D,0xF77D,0xF77D,0xF77D,0xF77D,0xF77D,0xF77D,0xEF9D,0xEF9D,0xF79D,0xEF9D,0xEF7D,
0xEF7D,0xEF9D,0xF79D,0xF79D,0xF79D,0xF79D,0xEF7D,0xF79D,0xF79D,0xF77D,0xF77D,0xF77D,0xF77D,0xF77D,0xEF7D,0xEF7D,
0xEF7D,0xEF7D,0xEF9D,0xF79D,0xF79D,0xF79D,0xF79D,0xF79D,0xF79D,0xEF9D,0xEF7D,0xF77D,0xF77D,0xEF7D,0xEF7D,0xEF7D,
0xEF7D,0xEF7D,0xEF9D,0xEF9D,0xF79D,0xEF9D,0xF77D,0xF77D,0xF77D,0xF79D,0xF79D,0xF79D,0xF77D,0xF77D,0xF77D,0xF77D,
0xF77D,0xEF7D,0xEF7D,0xF77D,0xF77D,0xEF7D,0xF77D,0xF79D,0xF77D,0xF77D,0xEF9D,0xF79D,0xF79D,0xEF7D,0xF77D,0xF77D,
0xF77D,0xF77D,0xF77D,0xEF7D,0xEF7D,0xF77D,0xF77D,0xF77D,0xEF7D,0xEF9D,0xEF9D,0xF79D,0xF79D,0xF79D,0xF79D,0xF79D,
0xF79D,0xEF9D,0xEF9D,0xEF7D,0xF77D,0xF77D,0xF77D,0xF77D,0xF77D,0xF77D,0xEF7D,0xF77D,0xEF7D,0xEF7D,0xEF9D,0xF79D,
0xF79D,0xEF9D,0xF79D,0xEF9D,0xEF9D,0xF79D,0xF79D,0xF79D,0xEF7D,0xEF7D,0xF77D,0xF77D,0xF79D,0xF79D,0xF77D,0xF79D,
0xF79D,0xF79D,0xF79D,0xF79D,0xF77D,0xF77D,0xEF7D,0xF79D,0xEF9D,0xEF9D,0xF79D,0xF79D,0xF79D,0xF79D,0xEF9D,0xEF9D,
0xF79D,0xF79D,0xF79D,0xEF9D,0xF79D,0xF79D,0xF79D,0xF79D,0xEF9D,0xF79D,0xF79D,0xF77D,0xEF7D,0xEF7D,0xF77D,0xF77D,
0xEF7D,0xEF7D,0xF77D,0xF77D,0xF77D,0xF79D,0xF79D,0xF77D,0xF79D,0xF77D,0xEF7D,0xF77D,0xF77D,0xF79D,0xEF7D,0xEF7D,
0xF79E,0xF79E,0xF79E,0xF79E,0xF79E,0xEF9D,0xF79D,0xF79D,0xF79D,0xEF9D,0xEF9D,0xF79D,0xF79D,0xF79D,0xEF9D,0xEF9D,
0xF79D,0xEF9D,0xF79D,0xF79D,0xEF9D,0xF79D,0xF79D,0xEF9D,0xEF9D,0xEF9D,0xF79D,0xF79D,0xEF9D,0xEF9D,0xF79D,0xF77D,
0xEF9D,0xEF9D,0xEF9D,0xEF9D,0xEF9D,0xEF9D,0xEF9D,0xF77D,0xF77D,0xEF7D,0xF77D,0xEF7D,0xEF7D,0xEF7D,0xEF7D,0xEF9D,
0xEF9D,0xEF9D,0xEF9D,0xF79D,0xF79D,0xEF9D,0xEF9D,0xEF9D,0xEF9D,0xF79D,0xF77D,0xEF7D,0xF79D,0xF77D,0xEF7D,0xEF7D,
0xEF7D,0xEF7D,0xEF7D,0xF79D,0xEF9D,0xEF9D,0xF79D,0xF79D,0xEF9D,0xF79D,0xEF9D,0xF79D,0xF79D,0xF79D,0xF77D,0xF77D,
0xF79D,0xF79D,0xF79D,0xF77D,0xEF7D,0xEF9D,0xEF9D,0xF79D,0xEF9D,0xF79D,0xF79D,0xEF9D,0xF79D,0xF79D,0xF79D,0xEF7D,
0xF77D,0xF79D,0xF77D,0xF77D,0xF77D,0xF77D,0xEF7D,0xEF9D,0xF79D,0xF79D,0xF79D,0xEF9D,0xF79D,0xF79D,0xF79D,0xF79D,
0xF79D,0xEF9D,0xF79D,0xF79D,0xF77D,0xF77D,0xF77D,0xF77D,0xF79D,0xEF7D,0xEF7D,0xF77D,0xF77D,0xF77D,0xF79D,0xF79D,
0xF79D,0xF79D,0xF79D,0xEF9D,0xEF7D,0xEF9D,0xF77D,0xF77D,0xF77D,0xF77D,0xF77D,0xF77D,0xEF7D,0xEF9D,0xEF9D,0xF79D,
0xF79D,0xF79D,0xF79D,0xF79D,0xF79D,0xF79D,0xF79D,0xF79D,0xF79D,0xEF7D,0xF79D,0xF77D,0xF77D,0xF79D,0xF77D,0xF77D,
0xF79D,0xF79D,0xF77D,0xF77D,0xF79D,0xF79D,0xF79D,0xEF9D,0xEF7D,0xF77D,0xF79D,0xF77D,0xF77D,0xF79D,0xF79D,0xF77D,
0xF77D,0xF77D,0xF77D,0xF79D,0xF79D,0xEF9D,0xEF9D,0xF79D,0xF79D,0xF79D,0xF79D,0xF79D,0xEF7D,0xEF7D,0xF77D,0xF77D,
0xF79D,0xF77D,0xF77D,0xF77D,0xF79D,0xF77D,0xF77D,0xF77D,0xF79D,0xF79D,0xEF9D,0xF79D,0xEF9D,0xEF9D,0xEF9D,0xEF9D,
0xF79D,0xF79D,0xF79D,0xF77D,0xF79D,0xF79D,0xF77D,0xF79D,0xF77D,0xF77D,0xF79D,0xEF9D,0xEF9D,0xF79D,0xF79D,0xF79D,
0xF77D,0xEF9D,0xF79D,0xEF9D,0xF79D,0xEF9D,0xEF9D,0xEF9D,0xEF9D,0xEF9D,0xEF9D,0xEF9D,0xF79D,0xF79D,0xEF9D,0xF79D,
0xF79D,0xF79D,0xEF9D,0xF79D,0xF79D,0xF79D,0xF77D,0xEF7D,0xEF7D,0xF77D,0xF77D,0xF77D,0xEF7D,0xEF7D,0xF79D,0xF79D,
0xF79D,0xF79D,0xF79D,0xF79D,0xF77D,0xF77D,0xF77D,0xEF7D,0xF77D,0xEF7D,0xEF7D,0xF79E,0xF79E,0xF79E,0xF79E,0xF79E,
0xEF9D,0xEF9D,0xEF9D,0xF79D,0xF79D,0xF79D,0xEF9D,0xF79D,0xF79D,0xEF9D,0xEF9D,0xEF9D,0xEF7D,0xEF7D,0xF79D,0xF77D,
0xEF7D,0xF79D,0xEF9D,0xEF9D,0xF79D,0xEF9D,0xF79D,0xF79D,0xEF9D,0xF79D,0xEF9D,0xEF9D,0xF79D,0xF79D,0xEF7D,0xEF9D,
0xEF7D,0xEF7D,0xEF7D,0xEF7D,0xEF7D,0xF77D,0xF77D,0xEF7D,0xF77D,0xEF9D,0xF79D,0xEF7D,0xEF9D,0xF79D,0xEF9D,0xF79D,
0xF79D,0xEF9D,0xEF9D,0xEF9D,0xEF9D,0xEF9D,0xEF7D,0xEF7D,0xEF7D,0xEF7D,0xEF7D,0xEF7D,0xEF7D,0xEF9D,0xF79D,0xEF9D,
0xEF9D,0xF79D,0xEF9D,0xEF9D,0xF79D,0xF79D,0xF79D,0xF79D,0xF79D,0xF77D,0xF77D,0xF79D,0xF79D,0xF77D,0xF79D,0xF79D,
0xF79D,0xF79D,0xF79D,0xF79D,0xF79D,0xEF9D,0xEF9D,0xEF9D,0xF79D,0xF79D,0xEF7D,0xF79D,0xF79D,0xF77D,0xF77D,0xF77D,
0xF77D,0xEF7D,0xF79D,0xF79D,0xEF9D,0xEF9D,0xF79D,0xEF9D,0xF79D,0xF79D,0xF77D,0xF77D,0xEF9D,0xEF9D,0xEF9D,0xF77D,
0xF77D,0xF77D,0xF77D,0xF77D,0xF77D,0xF77D,0xF77D,0xF77D,0xF77D,0xF77D,0xF79D,0xEF9D,0xEF9D,0xEF9D,0xEF9D,0xEF7D,
0xEF9D,0xF77D,0xEF9D,0xEF9D,0xF77D,0xF77D,0xF77D,0xF77D,0xEF7D,0xEF9D,0xF79D,0xF79D,0xF79D,0xF79D,0xEF9D,0xF79D,
0xF79D,0xF79D,0xEF9D,0xEF9D,0xEF9D,0xEF9D,0xF79D,0xF79D,0xF79D,0xF77D,0xF77D,0xF77D,0xF77D,0xF77D,0xF77D,0xF79D,
0xF79D,0xEF7D,0xF79D,0xF79D,0xF79D,0xF79D,0xF79D,0xF79D,0xF79D,0xF79D,0xEF7D,0xEF7D,0xF77D,0xF77D,0xF77D,0xEF9D,
0xEF9D,0xF79D,0xF79D,0xF79D,0xF79D,0xEF9D,0xEF7D,0xEF7D,0xEF7D,0xF77D,0xF77D,0xF77D,0xF77D,0xF77D,0xF77D,0xF77D,
0xF77D,0xF77D,0xF77D,0xF79D,0xEF9D,0xEF9D,0xEF9D,0xF79D,0xEF9D,0xEF9D,0xF79D,0xF79D,0xF79D,0xF77D,0xF77D,0xF77D,
0xF77D,0xF77D,0xF79D,0xF79D,0xF79D,0xF79D,0xF79D,0xEF9D,0xEF9D,0xF79D,0xF79D,0xEF7D,0xEF9D,0xEF7D,0xEF9D,0xF79D,
0xF79D,0xEF9D,0xEF9D,0xEF9D,0xEF7D,0xEF9D,0xF79D,0xF79D,0xF79D,0xF79D,0xEF9D,0xEF9D,0xF79D,0xEF9D,0xEF9D,0xEF7D,
0xF77D,0xF77D,0xEF7D,0xEF7D,0xF77D,0xF77D,0xF77D,0xF77D,0xF77D,0xF77D,0xF79D,0xF79D,0xF79D,0xF77D,0xF77D,0xF77D,
0xF77D,0xEF7D,0xF77D,0xF77D,0xEF7D,0xEF7D,0xF79E,0xF79E,0xF79E,0xF79E,0xF79E,0xEF7D,0xEF9D,0xF79D,0xF79D,0xEF9D,
0xF79D,0xEF9D,0xEF9D,0xEF9D,0xEF9D,0xF79D,0xEF9D,0xF79D,0xF77D,0xF77D,0xF77D,0xF79D,0xF79D,0xF79D,0xF79D,0xF79D,
0xF79D,0xEF9D,0xEF9D,0xF79D,0xF79D,0xEF9D,0xF79D,0xF79D,0xEF9D,0xEF9D,0xEF9D,0xEF9D,0xEF7D,0xF79D,0xF77D,0xF77D,
0xF77D,0xF79D,0xF79D,0xF79D,0xF79D,0xEF9D,0xF79D,0xEF9D,0xEF7D,0xEF7D,0xEF9D,0xEF9D,0xEF7D,0xEF7D,0xEF9D,0xEF9D,
0xEF9D,0xF79D,0xF79D,0xF77D,0xF77D,0xEF7D,0xEF7D,0xF79D,0xF79D,0xF79D,0xF79D,0xF79D,0xF79D,0xEF9D,0xEF9D,0xEF9D,
0xEF7D,0xF79D,0xF79D,0xF79D,0xF79D,0xF79D,0xF79D,0xF79D,0xF77D,0xF79D,0xF79D,0xF79D,0xF79D,0xEF9D,0xEF7D,0xEF9D,
0xF79D,0xEF9D,0xEF9D,0xF79D,0xF79D,0xF79D,0xF79D,0xF79D,0xF79D,0xF79D,0xF79D,0xEF7D,0xEF9D,0xF79D,0xEF9D,0xEF9D,
0xEF9D,0xF79D,0xF79D,0xEF7D,0xF77D,0xF77D,0xF79D,0xF79D,0xEF9D,0xEF9D,0xF79D,0xF79D,0xF77D,0xF79D,0xF79D,0xF77D,
0xF77D,0xF77D,0xF77D,0xF77D,0xF79D,0xEF9D,0xF79D,0xF79D,0xEF9D,0xEF9D,0xEF9D,0xEF9D,0xEF9D,0xEF9D,0xEF9D,0xF79D,
0xF79D,0xF79D,0xF79D,0xF79D,0xEF9D,0xEF9D,0xEF9D,0xF79D,0xEF9D,0xEF7D,0xEF7D,0xEF9D,0xF79D,0xEF9D,0xEF9D,0xF79D,
0xEF9D,0xF79D,0xF77D,0xF77D,0xF77D,0xF77D,0xF77D,0xF77D,0xF77D,0xEF7D,0xEF7D,0xF77D,0xF77D,0xF77D,0xF79D,0xF79D,
0xF79D,0xEF9D,0xEF9D,0xEF9D,0xEF9D,0xF79D,0xF79D,0xF79D,0xF79D,0xEF9D,0xEF9D,0xEF9D,0xEF9D,0xF79D,0xF79D,0xF79D,
0xEF9D,0xEF7D,0xEF9D,0xEF9D,0xEF7D,0xF79D,0xF79D,0xF79D,0xF79D,0xF79D,0xF79D,0xF77D,0xEF7D,0xEF7D,0xEF7D,0xEF9D,
0xEF9D,0xEF9D,0xF79D,0xF79D,0xF79D,0xF79D,0xF79D,0xF79D,0xF79D,0xF79D,0xF77D,0xF77D,0xEF9D,0xEF9D,0xEF7D,0xEF9D,
0xF79D,0xF79D,0xEF9D,0xF79D,0xEF9D,0xEF7D,0xF79D,0xEF9D,0xEF7D,0xF79D,0xF79D,0xF79D,0xF79D,0xF79D,0xF79D,0xEF9D,
0xF79D,0xF79D,0xF79D,0xEF9D,0xEF9D,0xEF9D,0xEF9D,0xF79D,0xEF9D,0xEF9D,0xEF9D,0xF77D,0xF79D,0xF79D,0xF79D,0xF77D,
0xF77D,0xF77D,0xF77D,0xF77D,0xF77D,0xF79D,0xF79D,0xF77D,0xF77D,0xF77D,0xF77D,0xF79D,0xEF7D,0xEF7D,0xF77D,0xEF7D,
0xEF7D,0xF79E,0xF79E,0xF79E,0xF79E,0xF79E,0xEF9D,0xEF9D,0xEF9D,0xEF9D,0xF79D,0xF79D,0xF79D,0xF79D,0xEF9D,0xF79D,
0xF79D,0xF79D,0xEF9D,0xF79D,0xF77D,0xF77D,0xEF9D,0xEF9D,0xEF7D,0xEF7D,0xF79D,0xF79D,0xEF9D,0xF79D,0xF79D,0xF79D,
0xF79D,0xF79D,0xEF9D,0xEF9D,0xEF9D,0xEF9D,0xF79D,0xEF9D,0xF77D,0xF77D,0xEF7D,0xEF7D,0xEF9D,0xEF9D,0xEF9D,0xEF7D,
0xEF7D,0xF79D,0xEF9D,0xEF9D,0xEF9D,0xEF9D,0xEF9D,0xEF9D,0xEF7D,0xEF7D,0xEF7D,0xEF7D,0xEF9D,0xF79D,0xF77D,0xF77D,
0xEF7D,0xEF9D,0xEF9D,0xEF7D,0xEF9D,0xF79D,0xF79D,0xF79D,0xF79D,0xF79D,0xF79D,0xF77D,0xF77D,0xF79D,0xF79D,0xF79D,
0xF77D,0xEF7D,0xF77D,0xF77D,0xF77D,0xF79D,0xF79D,0xF79D,0xF79D,0xF79D,0xF79D,0xF79D,0xEF9D,0xF79D,0xEF9D,0xEF9D,
0xEF7D,0xEF9D,0xEF9D,0xEF7D,0xF77D,0xF77D,0xEF7D,0xEF7D,0xF77D,0xF79D,0xF79D,0xF79D,0xF79D,0xF79D,0xF79D,0xF77D,
0xF77D,0xF77D,0xF77D,0xF79D,0xEF7D,0xF77D,0xF77D,0xEF7D,0xEF7D,0xF77D,0xF79D,0xF77D,0xF79D,0xF79D,0xF79D,0xF79D,
0xF79D,0xF79D,0xF79D,0xF79D,0xEF9D,0xF79D,0xF79D,0xF79D,0xEF9D,0xEF9D,0xF79D,0xF79D,0xF79D,0xF79D,0xF79D,0xF79D,
0xF79D,0xF79D,0xF79D,0xEF9D,0xEF9D,0xEF9D,0xF79D,0xEF9D,0xEF7D,0xEF7D,0xF79D,0xEF7D,0xF77D,0xEF7D,0xEF7D,0xEF7D,
0xEF9D,0xF79D,0xEF9D,0xF79D,0xF79D,0xF79D,0xF79D,0xF79D,0xF77D,0xEF7D,0xEF9D,0xEF9D,0xF79D,0xF79D,0xF79D,0xEF9D,
0xF79D,0xEF9D,0xEF9D,0xEF9D,0xEF9D,0xEF9D,0xEF9D,0xEF9D,0xF79D,0xEF9D,0xF79D,0xF79D,0xEF9D,0xEF9D,0xEF7D,0xEF7D,
0xF77D,0xF77D,0xEF7D,0xF77D,0xF79D,0xF77D,0xF79D,0xEF9D,0xEF9D,0xF79D,0xF79D,0xF79D,0xF79D,0xF79D,0xF79D,0xF79D,
0xF77D,0xF77D,0xF77D,0xEF7D,0xEF7D,0xEF7D,0xEF7D,0xEF7D,0xEF9D,0xEF9D,0xEF7D,0xF79D,0xEF9D,0xEF7D,0xEF7D,0xEF9D,
0xEF9D,0xEF9D,0xEF9D,0xEF7D,0xEF7D,0xF79D,0xEF7D,0xEF9D,0xF79D,0xF79D,0xEF9D,0xF79D,0xF79D,0xF79D,0xF79D,0xF79D,
0xF79D,0xF79D,0xF79D,0xEF9D,0xEF9D,0xF79D,0xF77D,0xF77D,0xF77D,0xF77D,0xEF7D,0xF77D,0xEF7D,0xEF7D,0xF77D,0xF77D,
0xEF7D,0xEF7D,0xF77D,0xF77D,0xF79D,0xF77D,0xF79D,0xEF7D,0xEF7D,0xEF9D,0xEF7D,0xEF7D,0xF79E,0xF79E,0xF79E,0xF79E,
0xF79E,0xEF9D,0xEF7D,0xEF7D,0xF79D,0xF79D,0xF79D,0xF79D,0xF79D,0xEF9D,0xEF9D,0xF79D,0xEF9D,0xEF9D,0xF77D,0xEF7D,
0xEF7D,0xEF7D,0xEF7D,0xEF9D,0xEF9D,0xEF9D,0xEF9D,0xEF9D,0xF79D,0xF77D,0xF77D,0xF79D,0xF79D,0xEF9D,0xEF7D,0xEF7D,
0xEF9D,0xF79D,0xEF9D,0xEF7D,0xEF7D,0xEF7D,0xEF7D,0xEF9D,0xEF9D,0xEF9D,0xEF7D,0xF79D,0xEF9D,0xEF9D,0xEF9D,0xEF9D,
0xEF9D,0xEF9D,0xEF9D,0xEF9D,0xEF7D,0xEF7D,0xEF9D,0xEF9D,0xEF7D,0xEF7D,0xEF7D,0xEF7D,0xEF9D,0xF79D,0xEF9D,0xEF9D,
0xEF9D,0xF79D,0xF79D,0xF79D,0xF79D,0xF79D,0xF77D,0xF77D,0xF77D,0xF77D,0xF77D,0xEF7D,0xEF7D,0xF77D,0xF77D,0xF77D,
0xF77D,0xF79D,0xEF9D,0xF79D,0xEF9D,0xF79D,0xEF9D,0xEF9D,0xF79D,0xEF9D,0xEF9D,0xEF7D,0xEF9D,0xEF9D,0xEF7D,0xEF7D,
0xF77D,0xF77D,0xF77D,0xF79D,0xF79D,0xF79D,0xF79D,0xF79D,0xF79D,0xF79D,0xF79D,0xF79D,0xF77D,0xF77D,0xF77D,0xF77D,
0xEF7D,0xF77D,0xF79D,0xEF7D,0xF79D,0xF79D,0xEF7D,0xEF9D,0xEF9D,0xF79D,0xF79D,0xF79D,0xF79D,0xEF9D,0xEF9D,0xEF7D,
0xEF9D,0xEF9D,0xF79D,0xEF9D,0xEF7D,0xEF9D,0xEF9D,0xEF9D,0xEF9D,0xEF9D,0xF79D,0xEF9D,0xF79D,0xF79D,0xEF7D,0xEF7D,
0xEF9D,0xF79D,0xEF9D,0xEF7D,0xF77D,0xF77D,0xF77D,0xEF7D,0xEF7D,0xF77D,0xEF9D,0xEF9D,0xEF9D,0xEF7D,0xF79D,0xF79D,
0xEF9D,0xF77D,0xF77D,0xF77D,0xEF7D,0xEF9D,0xEF7D,0xEF7D,0xEF7D,0xEF9D,0xEF9D,0xEF9D,0xEF7D,0xEF7D,0xEF9D,0xEF9D,
0xEF9D,0xEF9D,0xEF9D,0xF79D,0xEF9D,0xF79D,0xF79D,0xEF9D,0xEF9D,0xEF9D,0xEF7D,0xEF7D,0xEF7D,0xEF7D,0xEF7D,0xF79D,
0xF77D,0xEF9D,0xEF9D,0xF79D,0xEF9D,0xEF9D,0xF79D,0xF79D,0xF79D,0xF77D,0xF77D,0xF79D,0xEF7D,0xEF7D,0xEF7D,0xEF7D,
0xF77D,0xEF7D,0xEF7D,0xEF9D,0xF79D,0xEF9D,0xF79D,0xF79D,0xEF9D,0xEF9D,0xEF9D,0xEF9D,0xEF7D,0xEF9D,0xEF9D,0xEF9D,
0xEF9D,0xEF9D,0xEF9D,0xEF9D,0xEF9D,0xEF9D,0xEF9D,0xF79D,0xF79D,0xF79D,0xF79D,0xF79D,0xF79D,0xF79D,0xEF9D,0xEF9D,
0xEF7D,0xF77D,0xEF7D,0xEF7D,0xF77D,0xEF7D,0xEF7D,0xEF7D,0xF77D,0xF77D,0xF79D,0xF79D,0xF77D,0xF77D,0xF79D,0xF79D,
0xF77D,0xF77D,0xF77D,0xEF7D,0xEF9D,0xEF9D,0xEF7D,0xF79E,0xF79E,0xF79E,0xF79E,0xF79E,0xEF9D,0xF79D,0xF79D,0xF79D,
0xF79D,0xEF9D,0xF79D,0xF79D,0xF79D,0xEF9D,0xF79D,0xF79D,0xF79D,0xF79D,0xF79D,0xEF9D,0xF79D,0xEF9D,0xF79D,0xF79D,
0xEF9D,0xF79D,0xF79D,0xF79D,0xF79D,0xF79D,0xF79D,0xEF9D,0xEF7D,0xEF9D,0xEF9D,0xF77D,0xF77D,0xF77D,0xEF7D,0xF79D,
0xEF9D,0xEF9D,0xEF9D,0xEF9D,0xEF7D,0xF79D,0xF79D,0xEF9D,0xEF9D,0xEF9D,0xF79D,0xEF9D,0xEF9D,0xEF9D,0xEF7D,0xEF7D,
0xF77D,0xF79D,0xEF9D,0xEF9D,0xEF9D,0xEF9D,0xEF9D,0xEF9D,0xEF9D,0xEF9D,0xEF9D,0xEF9D,0xF79D,0xF79D,0xF79D,0xF79D,
0xF79D,0xEF9D,0xF79D,0xF79D,0xF79D,0xEF9D,0xF79D,0xF79D,0xF79D,0xF79D,0xF79D,0xEF9D,0xF79D,0xF79D,0xF79D,0xF79D,
0xF79D,0xF79D,0xF79D,0xF79D,0xF79D,0xF79D,0xF79D,0xF79D,0xF79D,0xEF7D,0xEF7D,0xF79D,0xF79D,0xEF9D,0xEF9D,0xEF9D,
0xEF9D,0xF79D,0xF79D,0xF79D,0xF79D,0xF79D,0xF79D,0xF79D,0xF79D,0xEF9D,0xEF9D,0xF79D,0xF79D,0xF79D,0xEF9D,0xF79D,
0xF79D,0xEF9D,0xEF9D,0xEF9D,0xEF9D,0xF79D,0xF79D,0xF79D,0xEF9D,0xEF9D,0xEF7D,0xEF9D,0xEF9D,0xEF9D,0xEF9D,0xF79D,
0xF79D,0xF79D,0xF79D,0xF79D,0xF79D,0xF79D,0xF79D,0xEF9D,0xF79D,0xEF9D,0xF79D,0xF79D,0xF79D,0xF79D,0xF77D,0xF79D,
0xF79D,0xF77D,0xEF9D,0xEF9D,0xEF9D,0xF79D,0xF79D,0xEF9D,0xEF9D,0xEF9D,0xEF9D,0xF79D,0xEF9D,0xF79D,0xEF9D,0xEF9D,
0xF79D,0xF79D,0xEF9D,0xEF7D,0xF79D,0xF79D,0xEF9D,0xF79D,0xF79D,0xEF9D,0xF79D,0xEF9D,0xF79D,0xF79D,0xF79D,0xF79D,
0xF79D,0xF79D,0xEF9D,0xF77D,0xF77D,0xF77D,0xF77D,0xF77D,0xEF9D,0xEF9D,0xF79D,0xF79D,0xF79D,0xF79D,0xF79D,0xF79D,
0xF79D,0xF79D,0xF79D,0xF79D,0xF79D,0xF79D,0xEF9D,0xF79D,0xF79D,0xEF7D,0xEF9D,0xF79D,0xF79D,0xF79D,0xEF9D,0xF79D,
0xEF9D,0xEF7D,0xEF7D,0xEF9D,0xEF9D,0xEF9D,0xEF9D,0xEF9D,0xF79D,0xF79D,0xF79D,0xEF9D,0xF79D,0xF79D,0xF79D,0xF79D,
0xEF9D,0xEF9D,0xEF9D,0xF79D,0xF79D,0xF79D,0xF79D,0xF79D,0xF79D,0xF77D,0xF77D,0xF79D,0xF79D,0xF79D,0xF79D,0xF79D,
0xF79D,0xF79D,0xF77D,0xEF7D,0xF79D,0xF79D,0xEF9D,0xEF9D,0xF79D,0xF79D,0xF77D,0xF77D,0xEF7D,0xEF7D,0xEF9D,0xEF9D,
0xEF7D,0xEF7D,0xF79E,0xF79E,0xF79E,0xF79E,0xF79E,0xF79D,0xF79D,0xEF9D,0xEF9D,0xF79D,0xF79D,0xF79D,0xF79D,0xF79D,
0xF79D,0xF79D,0xF79D,0xF79D,0xF79D,0xF79D,0xEF9D,0xF79D,0xF79D,0xF79D,0xF79D,0xF79D,0xF79D,0xF79D,0xF79D,0xF79D,
0xF79D,0xF79D,0xF79D,0xEF9D,0xF79D,0xF79D,0xF79D,0xF79D,0xF77D,0xF79D,0xF79D,0xEF9D,0xEF9D,0xEF9D,0xEF7D,0xEF9D,
0xEF9D,0xEF9D,0xEF7D,0xEF9D,0xEF9D,0xEF9D,0xEF9D,0xEF9D,0xEF9D,0xEF9D,0xF79D,0xF77D,0xF79D,0xF79D,0xEF9D,0xEF9D,
0xF79D,0xF79D,0xEF9D,0xEF9D,0xEF9D,0xEF9D,0xEF9D,0xF79D,0xEF9D,0xEF7D,0xF79D,0xF79D,0xF79D,0xF79D,0xF79D,0xF79D,
0xF79D,0xF79D,0xF79D,0xF79D,0xF79D,0xF79D,0xF79D,0xF79D,0xEF9D,0xF79D,0xF79D,0xF79D,0xF79D,0xF79D,0xF79D,0xF79D,
0xF79D,0xEF9D,0xF79D,0xEF9D,0xF79D,0xF79D,0xF79D,0xF79D,0xEF9D,0xEF9D,0xEF9D,0xEF9D,0xF79D,0xF79D,0xF79D,0xF79D,
0xF79D,0xF79D,0xF79D,0xF79D,0xEF9D,0xEF9D,0xF79D,0xEF9D,0xEF9D,0xEF9D,0xF79D,0xF79D,0xEF9D,0xEF9D,0xEF9D,0xF79D,
0xF79D,0xF79D,0xF79D,0xF79D,0xF79D,0xEF9D,0xEF9D,0xF79D,0xEF9D,0xEF9D,0xF79D,0xF79D,0xEF9D,0xEF9D,0xF79D,0xF79D,
0xF79D,0xF79D,0xF79D,0xF79D,0xF79D,0xF79D,0xF79D,0xF79D,0xF79D,0xF77D,0xF77D,0xF77D,0xF77D,0xEF9D,0xF79D,0xEF9D,
0xEF9D,0xEF9D,0xF79D,0xEF9D,0xF79D,0xF79D,0xEF9D,0xF79D,0xF79D,0xEF9D,0xF79D,0xF77D,0xEF7D,0xF79D,0xF79D,0xF79D,
0xF79D,0xF79D,0xF79D,0xEF9D,0xEF9D,0xF79D,0xF79D,0xF79D,0xF79D,0xF79D,0xF79D,0xF79D,0xEF9D,0xF79D,0xF79D,0xF77D,
0xF77D,0xF77D,0xF77D,0xF79D,0xF79D,0xEF9D,0xF79D,0xF79D,0xEF9D,0xF79D,0xF79D,0xEF9D,0xEF9D,0xF79D,0xF79D,0xF79D,
0xF79D,0xEF9D,0xEF9D,0xEF9D,0xEF9D,0xEF9D,0xEF9D,0xF79D,0xF79D,0xEF9D,0xEF9D,0xEF9D,0xEF9D,0xEF9D,0xEF7D,0xEF9D,
0xEF9D,0xEF9D,0xEF9D,0xEF9D,0xEF9D,0xEF9D,0xEF9D,0xF79D,0xF79D,0xF79D,0xF79D,0xF79D,0xF79D,0xEF9D,0xF79D,0xF79D,
0xF79D,0xF79D,0xF79D,0xF79D,0xEF7D,0xF79D,0xF79D,0xF79D,0xF79D,0xF79D,0xF79D,0xF79D,0xF79D,0xF79D,0xEF7D,0xEF7D,
0xEF9D,0xEF9D,0xEF9D,0xF79D,0xEF7D,0xEF7D,0xF79D,0xF79D,0xEF7D,0xEF7D,0xEF7D,0xEF7D,0xEF7D,0xF79E,0xF79E,0xF79E,
0xF79E,0xF79E,0xEF9D,0xEF9D,0xEF7D,0xEF7D,0xEF9D,0xEF9D,0xF79D,0xEF9D,0xEF9D,0xEF7D,0xEF9D,0xEF9D,0xF79D,0xF79D,
0xF79D,0xEF9D,0xF79D,0xF79D,0xF79D,0xF79D,0xEF9D,0xEF9D,0xF79D,0xF79D,0xF79D,0xF79D,0xF79D,0xF79D,0xF79D,0xEF9D,
0xEF9D,0xF79D,0xF77D,0xEF7D,0xEF7D,0xF79D,0xEF9D,0xEF7D,0xEF9D,0xEF7D,0xEF7D,0xEF9D,0xEF7D,0xEF9D,0xEF9D,0xEF9D,
0xEF9D,0xEF9D,0xEF9D,0xEF9D,0xEF9D,0xF77D,0xF77D,0xF79D,0xEF9D,0xEF9D,0xEF7D,0xEF7D,0xF79D,0xF79D,0xEF9D,0xEF9D,
0xEF9D,0xEF9D,0xEF9D,0xEF9D,0xEF9D,0xEF9D,0xEF9D,0xEF7D,0xEF9D,0xF77D,0xF77D,0xEF9D,0xEF9D,0xF79D,0xF79D,0xF79D,
0xF79D,0xEF9D,0xEF9D,0xEF9D,0xEF9D,0xF79D,0xF79D,0xF79D,0xF77D,0xF77D,0xF77D,0xF77D,0xF79D,0xEF9D,0xEF9D,0xF77D,
0xF79D,0xF79D,0xEF7D,0xEF9D,0xEF9D,0xEF9D,0xEF9D,0xF79D,0xF79D,0xF79D,0xF79D,0xEF9D,0xEF9D,0xEF9D,0xF79D,0xF79D,
0xEF9D,0xF79D,0xF79D,0xF79D,0xF79D,0xF79D,0xF79D,0xF79D,0xF79D,0xF79D,0xF79D,0xF79D,0xF79D,0xEF9D,0xEF9D,0xEF9D,
0xEF9D,0xEF9D,0xEF9D,0xEF9D,0xEF9D,0xF79D,0xF79D,0xEF9D,0xEF9D,0xF79D,0xF79D,0xF79D,0xF79D,0xF79D,0xF79D,0xF79D,
0xF79D,0xF79D,0xF79D,0xF77D,0xF77D,0xF77D,0xF77D,0xEF7D,0xEF7D,0xF79D,0xF79D,0xEF9D,0xEF9D,0xF79D,0xF79D,0xF79D,
0xF79D,0xEF9D,0xEF9D,0xF79D,0xEF9D,0xEF7D,0xF77D,0xEF9D,0xEF9D,0xEF9D,0xEF9D,0xEF9D,0xEF9D,0xEF9D,0xEF9D,0xF79D,
0xF79D,0xEF9D,0xF79D,0xF79D,0xEF9D,0xEF9D,0xF79D,0xF79D,0xF79D,0xF77D,0xF77D,0xF77D,0xEF7D,0xF77D,0xF79D,0xEF9D,
0xEF9D,0xF79D,0xF79D,0xF79D,0xF79D,0xF79D,0xEF9D,0xEF9D,0xF79D,0xF79D,0xEF9D,0xEF9D,0xF79D,0xF79D,0xEF7D,0xEF9D,
0xEF9D,0xEF9D,0xEF9D,0xEF9D,0xEF9D,0xEF9D,0xEF9D,0xEF9D,0xEF9D,0xEF9D,0xEF9D,0xEF9D,0xEF9D,0xEF9D,0xF79D,0xEF9D,
0xEF9D,0xF79D,0xF79D,0xF79D,0xF79D,0xF79D,0xF79D,0xF79D,0xEF9D,0xF79D,0xF79D,0xF79D,0xF79D,0xF79D,0xF79D,0xF77D,
0xF79D,0xF79D,0xF77D,0xF77D,0xF77D,0xF79D,0xF79D,0xF77D,0xF77D,0xF79D,0xEF9D,0xEF9D,0xF79D,0xF79D,0xF79D,0xF77D,
0xF77D,0xF79D,0xF77D,0xEF7D,0xEF7D,0xEF7D,0xEF7D,0xEF7D,0xF79E,0xF79E,0xF79E,0xF79E,0xF79E,0xEF9D,0xEF9D,0xEF9D,
0xEF9D,0xEF9D,0xEF9D,0xF79D,0xF79D,0xF77D,0xEF7D,0xF77D,0xF79D,0xEF7D,0xF79D,0xF79D,0xF79D,0xF79D,0xF79D,0xEF9D,
0xEF9D,0xF79D,0xF79D,0xF79D,0xEF9D,0xEF9D,0xEF9D,0xEF9D,0xEF9D,0xEF9D,0xEF7D,0xEF9D,0xEF9D,0xEF7D,0xF79D,0xEF9D,
0xF79D,0xEF7D,0xEF7D,0xEF9D,0xEF9D,0xEF9D,0xF79D,0xEF9D,0xEF9D,0xEF9D,0xF79D,0xEF9D,0xEF7D,0xEF9D,0xEF9D,0xEF7D,
0xEF7D,0xF79D,0xEF9D,0xEF9D,0xEF9D,0xEF7D,0xEF7D,0xF79D,0xF79D,0xF79D,0xF79D,0xEF9D,0xEF9D,0xF79D,0xF79D,0xEF9D,
0xF79D,0xEF7D,0xEF7D,0xEF9D,0xEF7D,0xEF7D,0xEF7D,0xEF7D,0xEF9D,0xF79D,0xF79D,0xF79D,0xF79D,0xF79D,0xF79D,0xF79D,
0xF79D,0xF79D,0xF79D,0xF79D,0xF79D,0xEF9D,0xEF9D,0xF77D,0xF77D,0xF77D,0xEF7D,0xEF7D,0xF79D,0xF79D,0xF79D,0xF79D,
0xF79D,0xF79D,0xEF9D,0xF79D,0xF79D,0xF79D,0xEF9D,0xF79D,0xF79D,0xF79D,0xF79D,0xF79D,0xF79D,0xF79D,0xF79D,0xF79D,
0xF79D,0xF79D,0xF79D,0xF79D,0xF79D,0xEF9D,0xF79D,0xF79D,0xEF9D,0xEF9D,0xEF9D,0xEF7D,0xEF7D,0xEF9D,0xF79D,0xF79D,
0xF79D,0xF79D,0xEF9D,0xEF9D,0xF79D,0xEF9D,0xF79D,0xEF9D,0xEF9D,0xF79D,0xF79D,0xEF9D,0xF79D,0xF79D,0xEF9D,0xEF9D,
0xEF9D,0xF79D,0xEF9D,0xEF9D,0xF79D,0xF79D,0xF79D,0xF79D,0xF79D,0xF79D,0xF79D,0xEF9D,0xEF9D,0xF79D,0xF79D,0xEF7D,
0xEF7D,0xF79D,0xF79D,0xF79D,0xF79D,0xF79D,0xEF9D,0xEF9D,0xF79D,0xF79D,0xEF9D,0xEF9D,0xEF9D,0xF79D,0xF79D,0xEF9D,
0xEF9D,0xF79D,0xF79D,0xF77D,0xF77D,0xF77D,0xF79D,0xF79D,0xF79D,0xF79D,0xF79D,0xEF9D,0xEF9D,0xF79D,0xF79D,0xF79D,
0xF79D,0xF79D,0xEF7D,0xF79D,0xF79D,0xEF9D,0xEF7D,0xF79D,0xF79D,0xEF7D,0xEF7D,0xEF7D,0xEF7D,0xF77D,0xF77D,0xF77D,
0xF77D,0xEF9D,0xEF9D,0xEF7D,0xEF9D,0xEF9D,0xEF7D,0xEF9D,0xEF9D,0xEF9D,0xEF9D,0xEF9D,0xEF9D,0xEF9D,0xF79D,0xF79D,
0xF79D,0xF79D,0xF79D,0xF79D,0xF79D,0xF79D,0xF79D,0xF79D,0xF79D,0xF79D,0xF79D,0xF79D,0xF79D,0xF77D,0xF77D,0xF77D,
0xF79D,0xF77D,0xEF9D,0xEF7D,0xEF9D,0xF79D,0xEF9D,0xEF9D,0xEF9D,0xEF9D,0xF79D,0xF79D,0xF79D,0xF77D,0xEF7D,0xEF9D,
0xEF9D,0xEF7D,0xEF7D,0xF79E,0xF79E,0xF79E,0xF79E,0xF79E,0xEF9D,0xEF9D,0xF79D,0xF79D,0xF79D,0xF79D,0xEF9D,0xF79D,
0xF79D,0xF79D,0xF77D,0xF79D,0xF77D,0xF77D,0xF79D,0xF79D,0xEF9D,0xF79D,0xF79D,0xF79D,0xF79D,0xF79D,0xF77D,0xF79D,
0xF79D,0xF79D,0xF79D,0xF79D,0xEF9D,0xEF7D,0xEF7D,0xEF9D,0xEF9D,0xEF9D,0xEF9D,0xEF9D,0xEF9D,0xF79D,0xEF9D,0xEF9D,
0xF79D,0xF79D,0xF79D,0xF79D,0xEF9D,0xF79D,0xEF9D,0xEF9D,0xEF9D,0xEF9D,0xEF9D,0xEF9D,0xEF9D,0xF79D,0xEF9D,0xEF9D,
0xEF9D,0xEF9D,0xF79D,0xF79D,0xF79D,0xF79D,0xEF9D,0xEF9D,0xEF9D,0xF79D,0xEF9D,0xEF9D,0xEF9D,0xF79D,0xF79D,0xEF9D,
0xF79D,0xEF7D,0xF79D,0xF79D,0xF79D,0xF79D,0xF79D,0xF79D,0xF79D,0xF79D,0xF79D,0xF79D,0xEF9D,0xF79D,0xF79D,0xF79D,
0xEF9D,0xEF9D,0xF79D,0xF79D,0xF79D,0xF79D,0xF79D,0xF79D,0xF79D,0xEF9D,0xEF9D,0xF79D,0xF79D,0xEF9D,0xF79D,0xF79D,
0xF79D,0xF79D,0xF79D,0xF79D,0xF79D,0xF79D,0xF79D,0xF79D,0xF79D,0xF79D,0xF79D,0xF79D,0xF79D,0xF79D,0xF79D,0xF79D,
0xF79D,0xF79D,0xF79D,0xF79D,0xEF9D,0xEF9D,0xEF9D,0xEF9D,0xF79D,0xF79D,0xF79D,0xF79D,0xF79D,0xF79D,0xEF9D,0xEF9D,
0xF79D,0xF79D,0xEF9D,0xEF9D,0xF79D,0xF79D,0xEF9D,0xF79D,0xF79D,0xEF9D,0xEF9D,0xEF9D,0xF79D,0xEF9D,0xF79D,0xF79D,
0xF79D,0xF79D,0xF79D,0xF79D,0xF79D,0xF79D,0xF79D,0xEF9D,0xF79D,0xF79D,0xF79D,0xEF9D,0xEF9D,0xF77D,0xF77D,0xF79D,
0xF77D,0xEF9D,0xF79D,0xF79D,0xF79D,0xF79D,0xF79D,0xF79D,0xF79D,0xF79D,0xEF9D,0xEF9D,0xEF9D,0xEF7D,0xF77D,0xF79D,
0xF79D,0xF79D,0xF79D,0xF79D,0xF79D,0xF79D,0xF79D,0xF79D,0xF79D,0xEF9D,0xEF9D,0xF79D,0xF79D,0xEF7D,0xF79D,0xF79D,
0xEF9D,0xF79D,0xEF9D,0xEF9D,0xEF9D,0xEF9D,0xF77D,0xF77D,0xF79D,0xF79D,0xF79D,0xF79D,0xF79D,0xF79D,0xF79D,0xEF9D,
0xEF9D,0xF79D,0xF79D,0xEF9D,0xF79D,0xEF9D,0xEF7D,0xEF7D,0xF79D,0xF79D,0xF79D,0xF79D,0xF79D,0xF79D,0xF79D,0xF79D,
0xF79D,0xF79D,0xF79D,0xF79D,0xF79D,0xF79D,0xF79D,0xEF9D,0xEF7D,0xEF9D,0xF79D,0xF79D,0xF79D,0xEF9D,0xF79D,0xF79D,
0xF79D,0xF79D,0xEF9D,0xEF9D,0xEF9D,0xF79D,0xF79D,0xF79D,0xF79D,0xEF7D,0xEF7D,0xEF7D,0xEF7D,0xEF7D,0xF79E,0xF79E,
0xF79E,0xF79E,0xF79E,0xEF9D,0xEF9D,0xEF9D,0xEF9D,0xF79D,0xF79D,0xF79D,0xF79D,0xF79D,0xF79D,0xF79D,0xF77D,0xF77D,
0xF77D,0xF77D,0xEF7D,0xEF7D,0xEF9D,0xEF9D,0xF79D,0xF79D,0xF79D,0xF77D,0xEF7D,0xEF7D,0xEF9D,0xF79D,0xF79D,0xEF9D,
0xEF9D,0xEF9D,0xEF9D,0xF79D,0xEF9D,0xEF9D,0xEF9D,0xF79D,0xF79D,0xEF9D,0xEF9D,0xEF7D,0xEF9D,0xEF9D,0xF79D,0xEF7D,
0xF79D,0xF79D,0xF79D,0xEF9D,0xEF9D,0xEF9D,0xEF9D,0xF79D,0xEF9D,0xEF7D,0xEF9D,0xEF9D,0xEF9D,0xF79D,0xF79D,0xEF9D,
0xEF9D,0xEF9D,0xEF9D,0xEF9D,0xF79D,0xF79D,0xEF9D,0xEF9D,0xEF9D,0xEF9D,0xEF9D,0xF79D,0xEF7D,0xEF9D,0xF79D,0xEF9D,
0xEF9D,0xEF9D,0xF79D,0xF79D,0xEF9D,0xF79D,0xF79D,0xEF9D,0xF79D,0xF79D,0xF79D,0xF79D,0xF79D,0xF79D,0xF79D,0xF79D,
0xF79D,0xF79D,0xF79D,0xEF9D,0xEF9D,0xEF9D,0xEF9D,0xF79D,0xF79D,0xF79D,0xF79D,0xF79D,0xEF9D,0xF79D,0xF79D,0xF79D,
0xF79D,0xEF9D,0xEF7D,0xEF9D,0xF79D,0xEF9D,0xF79D,0xF79D,0xF79D,0xF79D,0xF79D,0xF79D,0xEF7D,0xF79D,0xEF9D,0xF79D,
0xF79D,0xF79D,0xEF9D,0xF79D,0xEF7D,0xF79D,0xF79D,0xEF9D,0xEF9D,0xF79D,0xF79D,0xEF9D,0xEF9D,0xEF9D,0xEF9D,0xEF9D,
0xEF9D,0xF79D,0xF79D,0xF79D,0xF79D,0xEF9D,0xEF9D,0xF79D,0xF79D,0xEF9D,0xF79D,0xF79D,0xF79D,0xEF9D,0xEF9D,0xF79D,
0xEF9D,0xEF9D,0xF79D,0xEF9D,0xEF9D,0xEF9D,0xEF9D,0xF79D,0xF79D,0xF79D,0xF77D,0xEF7D,0xEF9D,0xF79D,0xF79D,0xF79D,
0xF79D,0xF79D,0xF79D,0xEF9D,0xF79D,0xEF9D,0xF79D,0xF79D,0xF79D,0xF79D,0xF79D,0xF79D,0xF79D,0xF77D,0xF77D,0xF79D,
0xF79D,0xF79D,0xEF9D,0xEF9D,0xEF9D,0xEF9D,0xEF9D,0xEF9D,0xEF7D,0xF79D,0xEF9D,0xEF7D,0xEF9D,0xF79D,0xEF9D,0xEF9D,
0xF79D,0xEF9D,0xEF9D,0xEF9D,0xEF9D,0xEF9D,0xEF9D,0xF79D,0xF79D,0xEF9D,0xEF7D,0xEF9D,0xF79D,0xEF9D,0xEF9D,0xF79D,
0xF79D,0xEF9D,0xEF9D,0xF79D,0xF79D,0xF79D,0xF79D,0xF79D,0xF79D,0xEF9D,0xEF9D,0xF79D,0xEF9D,0xF79D,0xF79D,0xF79D,
0xEF9D,0xEF9D,0xF79D,0xF79D,0xEF9D,0xEF9D,0xEF9D,0xEF9D,0xEF9D,0xF79D,0xF79D,0xEF9D,0xEF9D,0xEF9D,0xEF9D,0xEF7D,
0xF77D,0xF79D,0xF79D,0xF79D,0xEF9D,0xEF7D,0xEF9D,0xEF7D,0xEF7D,0xF79E,0xF79E,0xF79E,0xF79E,0xF79E,0xEF7D,0xEF9D,
0xF79D,0xEF9D,0xF79D,0xF79D,0xF79D,0xF79D,0xF77D,0xF79D,0xF79D,0xF79D,0xEF7D,0xEF7D,0xEF7D,0xEF9D,0xEF9D,0xEF7D,
0xEF7D,0xF79D,0xF79D,0xF79D,0xF79D,0xF77D,0xEF9D,0xF79D,0xF79D,0xEF9D,0xF79D,0xF79D,0xEF9D,0xEF7D,0xEF9D,0xEF9D,
0xF79D,0xF79D,0xEF9D,0xF79D,0xF79D,0xEF9D,0xEF9D,0xEF7D,0xEF7D,0xEF9D,0xEF9D,0xF79D,0xF79D,0xEF9D,0xEF7D,0xEF7D,
0xEF7D,0xEF9D,0xEF7D,0xEF7D,0xEF9D,0xEF9D,0xEF9D,0xEF9D,0xF79D,0xF79D,0xF79D,0xF79D,0xF79D,0xF79D,0xEF9D,0xF79D,
0xEF9D,0xEF9D,0xEF9D,0xEF9D,0xEF9D,0xEF7D,0xEF9D,0xEF9D,0xEF7D,0xEF9D,0xF79D,0xF79D,0xEF9D,0xF79D,0xF79D,0xEF9D,
0xF79D,0xF79D,0xF79D,0xF79D,0xEF9D,0xF79D,0xEF9D,0xEF9D,0xEF9D,0xEF9D,0xEF9D,0xEF9D,0xF79D,0xF79D,0xEF9D,0xEF9D,
0xEF9D,0xEF9D,0xF79D,0xF79D,0xEF9D,0xF79D,0xF79D,0xEF9D,0xF79D,0xF79D,0xF79D,0xF79D,0xEF9D,0xEF7D,0xEF9D,0xF79D,
0xF79D,0xF79D,0xEF9D,0xEF9D,0xEF9D,0xF79D,0xEF9D,0xEF7D,0xF79D,0xEF9D,0xEF7D,0xF79D,0xF79D,0xF79D,0xEF9D,0xF77D,
0xF79D,0xF79D,0xF79D,0xF79D,0xF79D,0xF79D,0xEF9D,0xEF9D,0xEF9D,0xF79D,0xF79D,0xEF9D,0xF79D,0xF79D,0xEF9D,0xEF9D,
0xEF9D,0xEF9D,0xF79D,0xEF9D,0xEF9D,0xF79D,0xF79D,0xF79D,0xF79D,0xF79D,0xF79D,0xF79D,0xF79D,0xF79D,0xF79D,0xF79D,
0xEF9D,0xEF9D,0xF79D,0xF79D,0xF79D,0xF79D,0xEF9D,0xEF9D,0xF79D,0xF79D,0xF79D,0xF79D,0xF79D,0xF79D,0xF79D,0xF79D,
0xF79D,0xF79D,0xEF9D,0xEF7D,0xF79D,0xEF9D,0xF79D,0xF79D,0xF79D,0xF79D,0xF79D,0xF79D,0xF79D,0xF79D,0xF79D,0xF79D,
0xEF9D,0xF79D,0xF79D,0xF79D,0xEF9D,0xEF9D,0xEF7D,0xEF7D,0xEF9D,0xF79D,0xF79D,0xEF9D,0xEF9D,0xEF9D,0xEF7D,0xEF7D,
0xEF9D,0xEF9D,0xEF9D,0xF79D,0xEF9D,0xEF7D,0xEF9D,0xEF9D,0xEF9D,0xEF9D,0xEF9D,0xEF9D,0xF79D,0xF79D,0xF79D,0xEF9D,
0xEF9D,0xEF9D,0xF79D,0xF79D,0xF79D,0xF79D,0xF79D,0xEF9D,0xF79D,0xF79D,0xEF9D,0xF79D,0xEF9D,0xEF9D,0xF79D,0xEF9D,
0xF79D,0xF79D,0xF79D,0xEF9D,0xEF9D,0xF79D,0xF79D,0xF79D,0xF79D,0xF79D,0xF77D,0xF77D,0xF77D,0xF77D,0xF77D,0xEF7D,
0xEF7D,0xEF7D,0xEF7D,0xEF7D,0xF79E,0xF79E,0xF79E,0xF79E,0xF79E,0xEF9D,0xEF9D,0xF79D,0xF79D,0xEF9D,0xF79D,0xF77D,
0xF77D,0xF77D,0xEF7D,0xEF9D,0xF79D,0xF79D,0xEF9D,0xEF7D,0xEF9D,0xF79D,0xF79D,0xF79D,0xF79D,0xEF9D,0xEF9D,0xF79D,
0xEF9D,0xEF9D,0xF79D,0xF79D,0xF79D,0xEF9D,0xEF9D,0xEF9D,0xEF7D,0xEF9D,0xEF9D,0xEF9D,0xEF9D,0xF79D,0xEF9D,0xEF9D,
0xEF9D,0xEF9D,0xEF9D,0xF79D,0xF79D,0xF79D,0xF79D,0xEF9D,0xEF9D,0xEF7D,0xEF9D,0xEF9D,0xEF9D,0xEF9D,0xF79D,0xF79D,
0xEF9D,0xEF9D,0xEF9D,0xEF9D,0xF79D,0xF79D,0xF79D,0xF79D,0xF79D,0xEF9D,0xEF9D,0xF79D,0xEF7D,0xEF9D,0xEF9D,0xEF9D,
0xEF9D,0xEF9D,0xF79D,0xF79D,0xF79D,0xF79D,0xF79D,0xF79D,0xF79D,0xEF9D,0xEF9D,0xF79D,0xF79D,0xF79D,0xEF9D,0xF79D,
0xF79D,0xEF9D,0xEF9D,0xEF9D,0xEF9D,0xEF9D,0xEF9D,0xEF9D,0xF79D,0xF79D,0xEF9D,0xEF9D,0xEF9D,0xF79D,0xEF9D,0xEF9D,
0xF79D,0xEF9D,0xEF9D,0xEF9D,0xEF9D,0xEF9D,0xEF7D,0xEF9D,0xEF9D,0xEF9D,0xEF9D,0xEF9D,0xEF9D,0xEF9D,0xF79D,0xF79D,
0xF79D,0xEF9D,0xEF9D,0xF79D,0xEF9D,0xEF7D,0xEF7D,0xEF7D,0xEF9D,0xF79D,0xEF9D,0xF79D,0xF79D,0xF79D,0xF79D,0xF79D,
0xF79D,0xEF9D,0xEF9D,0xEF9D,0xEF9D,0xEF9D,0xF79D,0xF79D,0xF79D,0xF79D,0xF79D,0xF79D,0xF79D,0xF79D,0xF79D,0xF79D,
0xF79D,0xF79D,0xF79D,0xF79D,0xF79D,0xF79D,0xF79D,0xF79D,0xF79D,0xF79D,0xF79D,0xF79D,0xEF9D,0xF79D,0xF79D,0xF79D,
0xEF9D,0xEF9D,0xEF9D,0xEF9D,0xF79D,0xF79D,0xF79D,0xF79D,0xF79D,0xF79D,0xEF9D,0xEF9D,0xEF7D,0xEF9D,0xEF9D,0xEF9D,
0xEF7D,0xEF9D,0xF79D,0xF79D,0xF79D,0xF79D,0xF79D,0xF79D,0xF79D,0xEF9D,0xF79D,0xEF9D,0xF79D,0xF79D,0xF79D,0xEF9D,
0xEF9D,0xEF9D,0xEF7D,0xEF9D,0xF79D,0xF79D,0xF79D,0xF79D,0xEF9D,0xEF9D,0xEF9D,0xEF9D,0xEF9D,0xEF9D,0xF79D,0xF79D,
0xEF9D,0xEF9D,0xF79D,0xF79D,0xEF9D,0xEF7D,0xEF9D,0xF79D,0xF79D,0xF79D,0xF79D,0xF79D,0xEF9D,0xF79D,0xF79D,0xF79D,
0xF79D,0xEF9D,0xEF9D,0xF79D,0xF79D,0xEF9D,0xEF7D,0xEF9D,0xEF9D,0xEF9D,0xEF9D,0xEF9D,0xF79D,0xF79D,0xF79D,0xF79D,
0xF79D,0xEF9D,0xF79D,0xF79D,0xF79D,0xF79D,0xF77D,0xF79D,0xF77D,0xF77D,0xEF7D,0xEF7D,0xEF7D,0xEF7D,0xEF7D,0xF79E,
0xF79E,0xF79E,0xF79E,0xF79E,0xEF7D,0xEF9D,0xEF9D,0xF79D,0xF79D,0xF79D,0xF77D,0xF77D,0xF77D,0xEF7D,0xEF9D,0xEF9D,
0xEF7D,0xEF7D,0xF79D,0xF79D,0xF79D,0xF79D,0xF79D,0xF79D,0xF79D,0xF79D,0xEF9D,0xEF7D,0xF79D,0xF79D,0xEF9D,0xEF9D,
0xEF9D,0xEF9D,0xEF7D,0xEF7D,0xEF9D,0xEF9D,0xEF7D,0xF79D,0xF79D,0xEF9D,0xEF9D,0xEF9D,0xEF9D,0xEF7D,0xEF9D,0xEF9D,
0xF79D,0xEF9D,0xEF9D,0xEF9D,0xEF9D,0xEF9D,0xEF7D,0xEF7D,0xEF9D,0xF79D,0xEF9D,0xEF9D,0xEF9D,0xEF9D,0xEF9D,0xEF9D,
0xEF7D,0xEF9D,0xF79D,0xF79D,0xEF9D,0xEF7D,0xEF7D,0xEF9D,0xEF9D,0xEF9D,0xEF9D,0xEF9D,0xEF9D,0xF79D,0xF79D,0xF79D,
0xF79D,0xEF9D,0xF79D,0xEF9D,0xEF9D,0xEF9D,0xEF9D,0xF79D,0xF79D,0xF79D,0xF79D,0xEF7D,0xF79D,0xEF9D,0xEF9D,0xEF9D,
0xEF9D,0xEF9D,0xEF9D,0xEF9D,0xEF9D,0xEF9D,0xEF7D,0xEF7D,0xEF9D,0xEF7D,0xF79D,0xF79D,0xEF7D,0xEF9D,0xEF7D,0xEF7D,
0xEF9D,0xEF9D,0xEF7D,0xEF9D,0xEF9D,0xEF9D,0xEF9D,0xEF9D,0xEF9D,0xEF9D,0xEF9D,0xEF9D,0xEF9D,0xEF7D,0xF79D,0xF79D,
0xEF9D,0xEF9D,0xEF7D,0xEF7D,0xEF9D,0xEF9D,0xF79D,0xF79D,0xEF9D,0xEF9D,0xEF9D,0xEF9D,0xEF9D,0xEF9D,0xEF9D,0xEF9D,
0xEF9D,0xF79D,0xF79D,0xEF9D,0xF79D,0xF79D,0xF79D,0xEF9D,0xF79D,0xF79D,0xF79D,0xF79D,0xF79D,0xF79D,0xF79D,0xF79D,
0xEF9D,0xEF9D,0xEF9D,0xEF9D,0xF79D,0xEF9D,0xF79D,0xEF9D,0xF79D,0xF79D,0xEF9D,0xEF9D,0xEF9D,0xEF9D,0xF79D,0xF79D,
0xF79D,0xF79D,0xEF9D,0xEF9D,0xEF9D,0xEF9D,0xEF9D,0xEF7D,0xEF9D,0xF79D,0xF79D,0xEF9D,0xF79D,0xF79D,0xEF9D,0xF79D,
0xF79D,0xF79D,0xF79D,0xEF9D,0xEF9D,0xEF9D,0xEF9D,0xEF9D,0xF79D,0xEF7D,0xEF7D,0xEF9D,0xEF7D,0xEF7D,0xF79D,0xEF9D,
0xEF9D,0xEF9D,0xEF9D,0xEF9D,0xEF9D,0xEF9D,0xEF9D,0xEF9D,0xEF9D,0xEF9D,0xEF9D,0xEF9D,0xEF9D,0xEF9D,0xEF9D,0xEF9D,
0xEF9D,0xEF9D,0xF79D,0xF79D,0xEF9D,0xEF9D,0xEF9D,0xEF9D,0xEF9D,0xEF9D,0xEF9D,0xEF9D,0xEF9D,0xEF9D,0xF79D,0xF79D,
0xEF7D,0xEF9D,0xEF9D,0xEF7D,0xEF9D,0xF79D,0xEF9D,0xF79D,0xF79D,0xF79D,0xF79D,0xEF9D,0xEF9D,0xEF9D,0xEF9D,0xEF7D,
0xF77D,0xF79D,0xEF7D,0xEF7D,0xF77D,0xEF7D,0xEF7D,0xEF7D,0xEF7D,0xEF7D,0xF79E,0xF79E,0xF79E,0xF79E,0xF79E,0xEF7D,
0xEF9D,0xEF9D,0xF79D,0xF79D,0xF79D,0xF79D,0xF79D,0xF79D,0xF79D,0xF79D,0xEF7D,0xEF9D,0xEF9D,0xF79D,0xF79D,0xF79D,
0xF79D,0xF79D,0xF79D,0xEF9D,0xEF9D,0xF79D,0xF79D,0xEF9D,0xF79D,0xEF9D,0xEF9D,0xEF9D,0xEF7D,0xEF9D,0xEF7D,0xEF7D,
0xEF7D,0xEF7D,0xEF9D,0xEF7D,0xEF9D,0xEF9D,0xEF7D,0xEF9D,0xEF7D,0xEF9D,0xEF9D,0xEF9D,0xEF7D,0xEF9D,0xEF9D,0xEF7D,
0xEF7D,0xEF9D,0xEF9D,0xEF7D,0xEF7D,0xEF9D,0xEF9D,0xEF9D,0xEF9D,0xEF9D,0xEF7D,0xEF7D,0xEF7D,0xEF9D,0xF79D,0xF79D,
0xF79D,0xF79D,0xEF7D,0xEF9D,0xF79D,0xEF9D,0xEF9D,0xF79D,0xEF9D,0xEF9D,0xF79D,0xF79D,0xEF9D,0xEF9D,0xEF9D,0xEF9D,
0xEF9D,0xEF9D,0xF79D,0xEF9D,0xF79D,0xF79D,0xEF7D,0xF79D,0xF79D,0xEF9D,0xEF9D,0xEF9D,0xEF9D,0xEF9D,0xEF9D,0xEF9D,
0xEF9D,0xEF9D,0xEF9D,0xEF9D,0xEF9D,0xF79D,0xF79D,0xEF7D,0xEF7D,0xEF7D,0xEF7D,0xEF7D,0xF79D,0xEF9D,0xEF9D,0xEF9D,
0xEF9D,0xF79D,0xEF9D,0xEF9D,0xEF7D,0xEF9D,0xEF9D,0xF79D,0xEF7D,0xEF9D,0xEF9D,0xEF9D,0xF79D,0xF79D,0xEF7D,0xEF9D,
0xEF9D,0xF79D,0xEF9D,0xEF9D,0xEF9D,0xEF9D,0xEF9D,0xEF9D,0xEF9D,0xF79D,0xF79D,0xF79D,0xF79D,0xF79D,0xF79D,0xEF9D,
0xEF9D,0xF79D,0xEF9D,0xF79D,0xEF9D,0xEF9D,0xEF9D,0xF77D,0xF79D,0xF79D,0xF79D,0xEF9D,0xEF9D,0xF79D,0xF79D,0xEF9D,
0xF79D,0xF79D,0xEF9D,0xF79D,0xF79D,0xEF9D,0xEF9D,0xEF9D,0xEF9D,0xEF9D,0xF79D,0xF79D,0xF79D,0xEF9D,0xEF9D,0xEF9D,
0xEF9D,0xF79D,0xF79D,0xF79D,0xEF9D,0xF79D,0xEF9D,0xF79D,0xEF9D,0xEF9D,0xEF9D,0xEF9D,0xEF9D,0xF79D,0xEF9D,0xEF9D,
0xEF9D,0xEF9D,0xEF9D,0xF79D,0xEF9D,0xEF9D,0xEF9D,0xEF9D,0xF79D,0xF79D,0xEF7D,0xEF7D,0xEF7D,0xEF9D,0xEF9D,0xEF9D,
0xEF7D,0xEF7D,0xEF9D,0xEF9D,0xF79D,0xF79D,0xEF9D,0xEF9D,0xEF9D,0xEF9D,0xF79D,0xF79D,0xF79D,0xEF9D,0xEF9D,0xEF9D,
0xEF9D,0xEF9D,0xF79D,0xEF9D,0xEF9D,0xEF9D,0xEF9D,0xEF9D,0xF79D,0xF77D,0xF77D,0xF77D,0xF79D,0xEF9D,0xEF9D,0xF79D,
0xF79D,0xF79D,0xEF9D,0xF79D,0xF79D,0xEF9D,0xEF9D,0xEF9D,0xEF9D,0xF79D,0xF79D,0xF77D,0xF77D,0xF77D,0xEF7D,0xEF7D,
0xF77D,0xEF7D,0xEF7D,0xEF7D,0xEF7D,0xF79E,0xF79E,0xF79E,0xF79E,0xF79E,0xEF9D,0xF79D,0xEF9D,0xEF9D,0xEF9D,0xF79D,
0xF79D,0xF79D,0xF79D,0xF77D,0xF79D,0xF77D,0xEF9D,0xEF9D,0xF79D,0xEF9D,0xEF9D,0xF79D,0xF79D,0xF79D,0xEF9D,0xEF9D,
0xEF9D,0xEF9D,0xEF9D,0xF79D,0xF79D,0xEF9D,0xEF9D,0xEF9D,0xF79D,0xF79D,0xEF9D,0xEF9D,0xEF9D,0xEF9D,0xEF9D,0xF79D,
0xEF9D,0xEF9D,0xEF9D,0xEF9D,0xF79D,0xEF9D,0xEF9D,0xEF9D,0xEF9D,0xEF7D,0xEF9D,0xEF9D,0xEF9D,0xEF7D,0xEF7D,0xF79D,
0xEF9D,0xEF9D,0xEF9D,0xEF9D,0xEF9D,0xEF9D,0xEF7D,0xEF7D,0xF79D,0xF79D,0xEF9D,0xEF9D,0xEF9D,0xEF7D,0xEF7D,0xEF9D,
0xF79D,0xEF9D,0xF79D,0xF79D,0xEF9D,0xF79D,0xEF9D,0xEF9D,0xEF9D,0xEF9D,0xF79D,0xEF9D,0xF79D,0xF79D,0xEF9D,0xEF9D,
0xEF9D,0xEF9D,0xEF9D,0xEF9D,0xEF9D,0xEF9D,0xEF9D,0xEF9D,0xEF9D,0xEF9D,0xEF9D,0xEF9D,0xF79D,0xF79D,0xEF9D,0xEF9D,
0xEF9D,0xF79D,0xEF9D,0xEF9D,0xEF7D,0xEF9D,0xEF7D,0xEF9D,0xEF9D,0xEF9D,0xEF9D,0xF79D,0xEF9D,0xEF9D,0xEF9D,0xEF9D,
0xEF9D,0xEF9D,0xF79D,0xF79D,0xEF9D,0xF79D,0xEF9D,0xEF9D,0xF79D,0xEF9D,0xF79D,0xF79D,0xF79D,0xEF9D,0xEF9D,0xEF9D,
0xEF9D,0xF79D,0xF79D,0xF79D,0xEF7D,0xF79D,0xF79D,0xF79D,0xF79D,0xF79D,0xEF9D,0xF79D,0xF79D,0xF79D,0xF79D,0xF79D,
0xEF9D,0xEF9D,0xEF9D,0xEF9D,0xEF9D,0xEF9D,0xEF7D,0xF77D,0xF77D,0xF77D,0xF79D,0xF79D,0xF79D,0xEF9D,0xF79D,0xF79D,
0xF79D,0xF79D,0xEF9D,0xEF9D,0xEF9D,0xEF9D,0xEF9D,0xEF9D,0xEF9D,0xF79D,0xF79D,0xF79D,0xF79D,0xF79D,0xF79D,0xEF9D,
0xF79D,0xF79D,0xF79D,0xEF9D,0xEF9D,0xEF9D,0xEF9D,0xF79D,0xF79D,0xF79D,0xF77D,0xF77D,0xF77D,0xF79D,0xEF9D,0xF79D,
0xF79D,0xF79D,0xF79D,0xEF9D,0xF79D,0xEF9D,0xEF9D,0xEF9D,0xEF9D,0xEF9D,0xEF9D,0xEF9D,0xEF9D,0xEF9D,0xEF9D,0xEF9D,
0xEF9D,0xEF9D,0xEF7D,0xF79D,0xF79D,0xEF9D,0xEF9D,0xEF9D,0xF79D,0xEF9D,0xEF9D,0xEF9D,0xEF9D,0xF79D,0xF79D,0xF79D,
0xF79D,0xF79D,0xEF9D,0xEF9D,0xF79D,0xF79D,0xF77D,0xEF9D,0xEF7D,0xEF7D,0xEF9D,0xEF9D,0xEF9D,0xEF9D,0xEF9D,0xEF9D,
0xEF9D,0xEF9D,0xF79D,0xF79D,0xF77D,0xF77D,0xF79D,0xF79D,0xF77D,0xF77D,0xEF7D,0xEF7D,0xEF9D,0xEF9D,0xEF9D,0xEF7D,
0xF79E,0xF79E,0xF79E,0xF79E,0xF79E,0xEF9D,0xEF9D,0xEF9D,0xEF9D,0xEF9D,0xF79D,0xF77D,0xF79D,0xF79D,0xF77D,0xF77D,
0xF77D,0xF77D,0xEF9D,0xF79D,0xF79D,0xF79D,0xF79D,0xF79D,0xF79D,0xEF9D,0xEF9D,0xEF9D,0xEF9D,0xEF9D,0xF79D,0xF79D,
0xEF9D,0xEF9D,0xEF9D,0xEF9D,0xEF9D,0xEF7D,0xEF9D,0xEF9D,0xF79D,0xF79D,0xF79D,0xF79D,0xF79D,0xF79D,0xF79D,0xEF9D,
0xF79D,0xF79D,0xEF9D,0xEF7D,0xEF9D,0xEF9D,0xEF9D,0xEF9D,0xF77D,0xEF7D,0xEF9D,0xEF9D,0xF79D,0xF79D,0xEF9D,0xEF9D,
0xF79D,0xF79D,0xEF7D,0xEF9D,0xF79D,0xEF9D,0xEF9D,0xEF9D,0xEF7D,0xEF7D,0xEF9D,0xF79D,0xEF9D,0xF79D,0xF79D,0xEF9D,
0xF79D,0xEF9D,0xEF9D,0xEF9D,0xEF9D,0xF79D,0xEF9D,0xF79D,0xEF7D,0xEF9D,0xEF9D,0xEF7D,0xEF7D,0xEF7D,0xF77D,0xEF9D,
0xEF9D,0xF79D,0xEF9D,0xEF9D,0xEF9D,0xEF9D,0xF79D,0xF79D,0xEF9D,0xEF9D,0xEF9D,0xEF9D,0xEF7D,0xEF7D,0xEF9D,0xEF9D,
0xF79D,0xEF9D,0xEF9D,0xEF9D,0xEF9D,0xF79D,0xF79D,0xEF9D,0xEF9D,0xEF9D,0xEF9D,0xEF9D,0xEF9D,0xF79D,0xF79D,0xEF9D,
0xEF9D,0xEF9D,0xEF9D,0xEF7D,0xEF9D,0xF79D,0xF79D,0xF79D,0xEF7D,0xEF9D,0xF79D,0xF79D,0xF79D,0xF79D,0xF79D,0xEF7D,
0xF79D,0xF79D,0xF79D,0xF79D,0xF79D,0xEF9D,0xF79D,0xF79D,0xF79D,0xF79D,0xF79D,0xF79D,0xF79D,0xF79D,0xEF9D,0xF79D,
0xEF9D,0xEF7D,0xF77D,0xF77D,0xEF7D,0xF79D,0xF79D,0xF79D,0xEF9D,0xF79D,0xF79D,0xF79D,0xF79D,0xF79D,0xF79D,0xEF9D,
0xEF9D,0xEF9D,0xEF9D,0xEF9D,0xF79D,0xF79D,0xF79D,0xF79D,0xF79D,0xEF9D,0xEF9D,0xEF9D,0xEF7D,0xEF9D,0xEF9D,0xEF9D,
0xEF9D,0xEF9D,0xEF9D,0xF79D,0xF79D,0xF79D,0xF79D,0xF79D,0xF79D,0xF79D,0xEF9D,0xEF9D,0xEF9D,0xEF7D,0xEF9D,0xF79D,
0xF79D,0xF79D,0xEF9D,0xEF9D,0xEF9D,0xEF9D,0xEF9D,0xF79D,0xF79D,0xEF9D,0xEF9D,0xEF9D,0xF79D,0xEF9D,0xEF9D,0xEF9D,
0xEF9D,0xEF9D,0xEF9D,0xF79D,0xEF9D,0xEF9D,0xEF9D,0xEF9D,0xF79D,0xF79D,0xF79D,0xEF9D,0xEF9D,0xEF9D,0xEF9D,0xF79D,
0xF79D,0xF77D,0xF79D,0xEF9D,0xEF7D,0xEF9D,0xEF9D,0xF79D,0xF79D,0xEF9D,0xEF9D,0xEF9D,0xF79D,0xF79D,0xF77D,0xF77D,
0xF77D,0xF79D,0xF79D,0xF77D,0xF77D,0xEF7D,0xEF7D,0xEF7D,0xEF7D,0xEF9D,0xEF7D,0xF79E,0xF79E,0xF79E,0xF79E,0xF79E,
0xEF9D,0xEF9D,0xEF9D,0xF79D,0xF79D,0xEF9D,0xF77D,0xF77D,0xF77D,0xF77D,0xF79D,0xF79D,0xF79D,0xF79D,0xF79D,0xF79D,
0xF79D,0xF79D,0xF79D,0xEF9D,0xEF9D,0xEF9D,0xEF9D,0xEF9D,0xEF9D,0xEF9D,0xF79D,0xF79D,0xF79D,0xEF9D,0xEF9D,0xEF7D,
0xEF7D,0xEF9D,0xEF9D,0xEF9D,0xF79D,0xEF9D,0xEF9D,0xEF9D,0xEF9D,0xEF9D,0xEF9D,0xEF9D,0xF79D,0xEF9D,0xEF9D,0xEF9D,
0xEF9D,0xF79D,0xF79D,0xF79D,0xF79D,0xF79D,0xEF9D,0xEF9D,0xEF9D,0xEF9D,0xEF9D,0xEF9D,0xEF7D,0xEF7D,0xF79D,0xEF9D,
0xEF9D,0xF79D,0xF79D,0xEF9D,0xEF9D,0xEF9D,0xEF9D,0xEF9D,0xEF9D,0xEF9D,0xEF7D,0xF79D,0xEF9D,0xEF9D,0xEF9D,0xEF9D,
0xF79D,0xEF9D,0xF79D,0xEF9D,0xEF9D,0xEF9D,0xEF9D,0xEF7D,0xEF9D,0xF79D,0xF79D,0xF79D,0xF79D,0xF77D,0xF77D,0xEF7D,
0xF77D,0xF79D,0xF79D,0xF79D,0xF79D,0xEF9D,0xEF9D,0xEF9D,0xEF9D,0xEF9D,0xF79D,0xF79D,0xEF9D,0xEF9D,0xEF9D,0xEF9D,
0xF79D,0xEF9D,0xEF9D,0xEF9D,0xEF9D,0xEF7D,0xF79D,0xEF9D,0xF79D,0xEF7D,0xEF7D,0xEF9D,0xF79D,0xEF9D,0xEF7D,0xEF9D,
0xF79D,0xF79D,0xEF9D,0xEF9D,0xF79D,0xF79D,0xF79D,0xEF9D,0xEF9D,0xEF9D,0xEF7D,0xEF7D,0xEF9D,0xEF9D,0xEF9D,0xEF9D,
0xF79D,0xF79D,0xF79D,0xF79D,0xF79D,0xF79D,0xF79D,0xEF9D,0xEF9D,0xF79D,0xEF9D,0xF79D,0xF79D,0xF79D,0xF77D,0xF77D,
0xF79D,0xF79D,0xF79D,0xF79D,0xF79D,0xF79D,0xF79D,0xF79D,0xF79D,0xEF9D,0xEF9D,0xEF9D,0xF79D,0xEF9D,0xEF9D,0xF79D,
0xF79D,0xF79D,0xF79D,0xEF9D,0xEF9D,0xEF9D,0xF79D,0xEF7D,0xEF9D,0xEF9D,0xF79D,0xF79D,0xEF9D,0xEF9D,0xF79D,0xF79D,
0xEF9D,0xF79D,0xEF9D,0xF79D,0xEF9D,0xF79D,0xF79D,0xF79D,0xF79D,0xF79D,0xF79D,0xF79D,0xEF9D,0xEF9D,0xEF9D,0xEF9D,
0xEF9D,0xEF9D,0xEF9D,0xEF9D,0xEF9D,0xEF7D,0xEF9D,0xF79D,0xF79D,0xEF9D,0xEF9D,0xF79D,0xEF9D,0xEF9D,0xF79D,0xF79D,
0xF79D,0xEF9D,0xEF9D,0xF79D,0xF79D,0xF79D,0xEF9D,0xEF9D,0xEF9D,0xEF9D,0xF79D,0xF79D,0xF77D,0xF79D,0xF79D,0xF79D,
0xF79D,0xF79D,0xF79D,0xF79D,0xEF9D,0xEF9D,0xEF9D,0xEF9D,0xF79D,0xF79D,0xF77D,0xF77D,0xF79D,0xEF7D,0xEF7D,0xF77D,
0xEF7D,0xEF9D,0xEF7D,0xEF7D,0xEF7D,0xEF7D,0xF79E,0xF79E,0xF79E,0xF79E,0xF79E,0xEF9D,0xEF7D,0xEF9D,0xF79D,0xF79D,
0xEF9D,0xF79D,0xEF7D,0xF79D,0xF79D,0xF79D,0xF79D,0xF79D,0xF79D,0xEF9D,0xF79D,0xF79D,0xF79D,0xEF9D,0xEF9D,0xEF9D,
0xEF9D,0xEF9D,0xEF9D,0xF79D,0xF79D,0xEF9D,0xF79D,0xF79D,0xF79D,0xEF9D,0xEF9D,0xEF9D,0xEF9D,0xEF9D,0xEF9D,0xF79D,
0xEF9D,0xEF9D,0xEF9D,0xEF9D,0xEF9D,0xEF9D,0xEF9D,0xEF9D,0xEF9D,0xF79D,0xF79D,0xF79D,0xF79D,0xF79D,0xF79D,0xF79D,
0xF79D,0xEF9D,0xEF9D,0xEF9D,0xEF9D,0xEF9D,0xEF9D,0xEF9D,0xEF7D,0xEF9D,0xEF9D,0xEF9D,0xF79D,0xF79D,0xEF9D,0xEF9D,
0xEF9D,0xEF9D,0xF79D,0xEF7D,0xEF9D,0xF79D,0xEF9D,0xEF9D,0xEF7D,0xEF7D,0xEF9D,0xF79D,0xEF9D,0xEF9D,0xF79D,0xEF7D,
0xEF9D,0xEF9D,0xEF9D,0xEF9D,0xEF9D,0xF79D,0xF79D,0xF79D,0xEF9D,0xEF7D,0xEF7D,0xF79D,0xEF9D,0xF79D,0xF79D,0xEF7D,
0xEF9D,0xF79D,0xF79D,0xEF9D,0xEF7D,0xEF9D,0xEF9D,0xEF9D,0xEF9D,0xEF9D,0xEF9D,0xEF9D,0xEF9D,0xEF9D,0xEF9D,0xEF9D,
0xEF9D,0xF79D,0xEF9D,0xF79D,0xEF9D,0xEF9D,0xEF9D,0xF79D,0xF79D,0xF79D,0xF79D,0xF79D,0xEF9D,0xEF9D,0xEF9D,0xF79D,
0xF79D,0xEF7D,0xEF7D,0xEF9D,0xF79D,0xF77D,0xF79D,0xEF9D,0xF79D,0xEF9D,0xEF9D,0xF79D,0xF79D,0xEF9D,0xEF9D,0xF79D,
0xF79D,0xEF9D,0xF79D,0xEF9D,0xEF9D,0xEF9D,0xEF9D,0xF79D,0xF79D,0xF79D,0xF79D,0xF79D,0xF79D,0xF79D,0xF79D,0xEF9D,
0xEF9D,0xEF9D,0xF79D,0xF79D,0xEF9D,0xEF9D,0xEF9D,0xEF9D,0xEF9D,0xEF9D,0xF79D,0xF79D,0xF79D,0xF79D,0xEF9D,0xF79D,
0xEF9D,0xEF9D,0xEF7D,0xF79D,0xEF9D,0xEF7D,0xEF9D,0xEF9D,0xEF9D,0xEF9D,0xEF9D,0xEF9D,0xEF9D,0xF79D,0xEF9D,0xEF9D,
0xEF9D,0xF79D,0xF79D,0xF79D,0xF79D,0xF79D,0xF79D,0xEF9D,0xEF9D,0xEF9D,0xEF9D,0xEF9D,0xEF9D,0xEF9D,0xEF9D,0xEF9D,
0xEF9D,0xEF9D,0xF79D,0xF79D,0xEF9D,0xF79D,0xF79D,0xF79D,0xEF9D,0xEF7D,0xEF9D,0xEF9D,0xEF9D,0xEF9D,0xF79D,0xF79D,
0xF79D,0xF79D,0xF79D,0xEF9D,0xF79D,0xF79D,0xF79D,0xF79D,0xF79D,0xEF9D,0xF79D,0xF79D,0xF79D,0xEF9D,0xEF9D,0xEF9D,
0xEF9D,0xEF9D,0xEF9D,0xF79D,0xF77D,0xEF7D,0xEF7D,0xF79D,0xF79D,0xF77D,0xF77D,0xEF7D,0xEF7D,0xEF7D,0xEF7D,0xEF7D,
0xEF7D,0xF79E,0xF79E,0xF79E,0xF79E,0xF79E,0xEF7D,0xEF9D,0xEF9D,0xF79D,0xF79D,0xF79D,0xF79D,0xF79D,0xF79D,0xEF9D,
0xF79D,0xF79D,0xF79D,0xF79D,0xEF9D,0xF79D,0xF79D,0xEF9D,0xEF9D,0xEF9D,0xEF9D,0xEF9D,0xEF9D,0xEF9D,0xF79D,0xF79D,
0xEF9D,0xF79D,0xEF9D,0xEF7D,0xF79D,0xF79D,0xF79D,0xEF9D,0xF79D,0xEF9D,0xEF9D,0xEF9D,0xEF9D,0xEF9D,0xEF9D,0xEF9D,
0xF79D,0xEF9D,0xEF9D,0xEF9D,0xEF9D,0xF79D,0xF79D,0xF79D,0xEF9D,0xEF9D,0xF79D,0xF79D,0xF79D,0xEF9D,0xEF7D,0xEF9D,
0xEF9D,0xEF7D,0xEF7D,0xEF7D,0xEF9D,0xEF9D,0xEF9D,0xEF9D,0xF79D,0xF79D,0xEF9D,0xEF9D,0xEF9D,0xF79D,0xEF7D,0xEF9D,
0xF79D,0xEF9D,0xEF9D,0xEF9D,0xEF9D,0xEF9D,0xEF9D,0xF79D,0xEF9D,0xEF9D,0xEF9D,0xEF9D,0xF79D,0xF79D,0xEF9D,0xEF9D,
0xF79D,0xF79D,0xEF9D,0xEF9D,0xEF9D,0xEF9D,0xEF7D,0xEF9D,0xF79D,0xF79D,0xEF9D,0xEF7D,0xF79D,0xF79D,0xF79D,0xEF7D,
0xEF7D,0xEF9D,0xF79D,0xEF9D,0xEF9D,0xEF9D,0xEF9D,0xEF7D,0xEF9D,0xEF9D,0xF79D,0xF79D,0xEF7D,0xEF7D,0xEF9D,0xEF9D,
0xEF9D,0xEF9D,0xF79D,0xEF9D,0xEF9D,0xF79D,0xF79D,0xEF9D,0xEF9D,0xEF9D,0xEF7D,0xEF9D,0xEF9D,0xEF7D,0xF77D,0xF77D,
0xF77D,0xF79D,0xEF9D,0xEF9D,0xEF9D,0xEF9D,0xEF7D,0xEF9D,0xF79D,0xEF9D,0xEF9D,0xEF7D,0xEF7D,0xEF9D,0xF79D,0xEF9D,
0xF79D,0xF79D,0xF79D,0xF79D,0xF79D,0xF79D,0xF79D,0xF79D,0xF79D,0xF79D,0xF79D,0xEF9D,0xEF9D,0xEF9D,0xEF9D,0xEF9D,
0xEF9D,0xEF9D,0xEF9D,0xF79D,0xF79D,0xF79D,0xF79D,0xF79D,0xF79D,0xF79D,0xEF9D,0xEF7D,0xEF9D,0xEF9D,0xF79D,0xEF9D,
0xF79D,0xEF9D,0xEF7D,0xF79D,0xEF9D,0xEF9D,0xF79D,0xEF9D,0xEF9D,0xEF9D,0xEF9D,0xEF9D,0xF79D,0xF79D,0xF79D,0xF79D,
0xF79D,0xEF7D,0xEF9D,0xEF9D,0xEF9D,0xEF9D,0xEF9D,0xEF7D,0xEF9D,0xEF9D,0xF79D,0xF79D,0xF79D,0xEF9D,0xEF9D,0xEF9D,
0xEF9D,0xF79D,0xEF9D,0xEF9D,0xEF7D,0xEF9D,0xEF9D,0xEF7D,0xF79D,0xF79D,0xF79D,0xF79D,0xF79D,0xEF9D,0xF79D,0xF79D,
0xF79D,0xF79D,0xF79D,0xF79D,0xEF9D,0xF79D,0xEF9D,0xEF9D,0xEF9D,0xEF9D,0xEF9D,0xEF9D,0xF79D,0xF79D,0xF79D,0xF77D,
0xEF7D,0xEF7D,0xEF7D,0xEF7D,0xF77D,0xF77D,0xEF7D,0xEF7D,0xEF7D,0xEF9D,0xEF9D,0xEF7D,0xF79E,0xF79E,0xF79E,0xF79E,
0xF79E,0xEF9D,0xEF9D,0xF79D,0xF79D,0xF79D,0xEF9D,0xEF9D,0xEF9D,0xEF9D,0xEF9D,0xEF9D,0xEF9D,0xF79D,0xF79D,0xF79D,
0xF79D,0xF79D,0xF79D,0xEF9D,0xEF9D,0xF79D,0xEF9D,0xEF9D,0xEF7D,0xEF9D,0xEF7D,0xEF9D,0xF79D,0xEF9D,0xEF7D,0xF79D,
0xF79D,0xF79D,0xEF9D,0xF79D,0xF79D,0xF79D,0xF79D,0xF79D,0xF79D,0xEF9D,0xEF9D,0xEF9D,0xEF9D,0xEF9D,0xEF7D,0xEF9D,
0xEF9D,0xEF9D,0xEF9D,0xF79D,0xF79D,0xF79D,0xF79D,0xF79D,0xF79D,0xF79D,0xF79D,0xF79D,0xEF9D,0xEF9D,0xEF9D,0xEF9D,
0xEF9D,0xEF9D,0xEF9D,0xEF7D,0xEF9D,0xEF9D,0xF79D,0xF79D,0xF79D,0xEF9D,0xF79D,0xF79D,0xF79D,0xF79D,0xF79D,0xF79D,
0xEF9D,0xEF9D,0xEF9D,0xEF9D,0xEF9D,0xEF7D,0xEF7D,0xEF9D,0xF79D,0xF79D,0xF79D,0xF79D,0xF79D,0xEF9D,0xEF9D,0xEF9D,
0xEF9D,0xEF9D,0xEF9D,0xF79D,0xF79D,0xEF7D,0xEF7D,0xEF9D,0xEF9D,0xEF9D,0xEF9D,0xEF9D,0xEF9D,0xEF9D,0xF79D,0xF79D,
0xEF9D,0xEF9D,0xEF9D,0xEF9D,0xF79D,0xEF9D,0xEF9D,0xEF9D,0xEF9D,0xEF9D,0xEF9D,0xF79D,0xF79D,0xF79D,0xEF9D,0xF79D,
0xF79D,0xF79D,0xF79D,0xF79D,0xF79D,0xF79D,0xF79D,0xF79D,0xF79D,0xF77D,0xF77D,0xF77D,0xEF9D,0xEF9D,0xEF7D,0xEF9D,
0xEF9D,0xEF7D,0xEF9D,0xF79D,0xF79D,0xF79D,0xF79D,0xF79D,0xF79D,0xF79D,0xF79D,0xEF9D,0xEF9D,0xEF7D,0xEF9D,0xF79D,
0xEF9D,0xEF9D,0xF79D,0xF79D,0xF79D,0xF79D,0xF79D,0xEF9D,0xEF9D,0xEF9D,0xF79D,0xF79D,0xEF9D,0xF79D,0xF79D,0xF79D,
0xEF9D,0xEF9D,0xEF9D,0xEF9D,0xEF9D,0xEF9D,0xF79D,0xF79D,0xEF9D,0xF79D,0xF79D,0xEF9D,0xF79D,0xEF9D,0xF79D,0xF79D,
0xF79D,0xF79D,0xEF9D,0xEF7D,0xEF7D,0xEF9D,0xEF9D,0xF79D,0xF79D,0xF79D,0xF79D,0xF79D,0xF79D,0xEF9D,0xEF9D,0xEF9D,
0xF79D,0xF79D,0xEF9D,0xF79D,0xF79D,0xF79D,0xEF9D,0xEF7D,0xEF7D,0xEF9D,0xEF7D,0xEF9D,0xEF9D,0xF79D,0xF79D,0xF79D,
0xF79D,0xF79D,0xF79D,0xF79D,0xF79D,0xF79D,0xF79D,0xF79D,0xEF9D,0xEF7D,0xEF9D,0xF79D,0xEF7D,0xEF9D,0xEF9D,0xEF9D,
0xEF9D,0xF79D,0xF79D,0xF79D,0xF79D,0xF79D,0xF79D,0xF79D,0xF79D,0xEF9D,0xEF7D,0xF77D,0xF77D,0xF77D,0xF77D,0xF79D,
0xF77D,0xEF7D,0xEF7D,0xEF9D,0xEF9D,0xEF7D,0xEF7D,0xF79E,0xF79E,0xF79E,0xF79E,0xF79E,0xEF9D,0xEF9D,0xEF9D,0xF79D,
0xF79D,0xEF9D,0xEF9D,0xEF9D,0xEF9D,0xEF9D,0xEF9D,0xF79D,0xF79D,0xF79D,0xF79D,0xF79D,0xF79D,0xF79D,0xEF9D,0xEF9D,
0xEF9D,0xEF9D,0xEF9D,0xEF9D,0xEF9D,0xEF9D,0xEF9D,0xF79D,0xF79D,0xF79D,0xF79D,0xF79D,0xF79D,0xEF9D,0xF79D,0xEF9D,
0xF79D,0xF79D,0xEF9D,0xEF9D,0xEF7D,0xEF9D,0xEF9D,0xEF9D,0xEF7D,0xEF9D,0xF79D,0xF79D,0xEF9D,0xEF7D,0xEF9D,0xF79D,
0xEF9D,0xF79D,0xF79D,0xF79D,0xF79D,0xF79D,0xF79D,0xF79D,0xEF9D,0xEF9D,0xF79D,0xEF7D,0xEF7D,0xEF9D,0xEF9D,0xEF9D,
0xEF9D,0xEF9D,0xF79D,0xEF9D,0xEF9D,0xEF9D,0xF79D,0xF79D,0xF79D,0xEF9D,0xEF9D,0xEF9D,0xEF9D,0xEF9D,0xEF9D,0xEF7D,
0xEF7D,0xEF9D,0xF79D,0xEF9D,0xEF9D,0xF79D,0xF79D,0xF79D,0xEF9D,0xEF9D,0xEF9D,0xF79D,0xF79D,0xEF9D,0xF79D,0xEF9D,
0xEF9D,0xEF7D,0xEF9D,0xEF9D,0xF79D,0xF79D,0xEF9D,0xEF9D,0xF79D,0xEF9D,0xEF9D,0xEF9D,0xEF9D,0xEF9D,0xEF9D,0xEF9D,
0xEF7D,0xEF7D,0xEF9D,0xF79D,0xEF9D,0xF79D,0xF79D,0xF79D,0xEF9D,0xEF9D,0xEF9D,0xEF9D,0xEF9D,0xEF9D,0xF79D,0xF79D,
0xEF9D,0xEF9D,0xF79D,0xF79D,0xF77D,0xF77D,0xEF7D,0xEF9D,0xEF9D,0xEF9D,0xF79D,0xF79D,0xF79D,0xF79D,0xF79D,0xF77D,
0xF77D,0xF79D,0xEF9D,0xF79D,0xF79D,0xEF9D,0xEF9D,0xEF9D,0xEF9D,0xF79D,0xF79D,0xEF7D,0xF79D,0xF79D,0xF79D,0xF79D,
0xEF9D,0xEF9D,0xEF9D,0xEF9D,0xEF7D,0xEF9D,0xF79D,0xEF9D,0xF79D,0xF77D,0xEF7D,0xEF7D,0xEF9D,0xEF9D,0xF79D,0xF79D,
0xEF9D,0xEF9D,0xF79D,0xEF7D,0xEF9D,0xF79D,0xEF9D,0xF79D,0xF79D,0xEF9D,0xEF9D,0xEF9D,0xF79D,0xF79D,0xEF9D,0xEF9D,
0xEF9D,0xEF9D,0xF79D,0xF79D,0xEF9D,0xF79D,0xF79D,0xEF9D,0xEF9D,0xF79D,0xF79D,0xF79D,0xEF7D,0xEF7D,0xF79D,0xF79D,
0xF79D,0xEF9D,0xEF9D,0xEF7D,0xF79D,0xF79D,0xEF9D,0xEF9D,0xF79D,0xF79D,0xF79D,0xF79D,0xF79D,0xF79D,0xF79D,0xEF9D,
0xF79D,0xEF7D,0xF79D,0xF79D,0xF79D,0xEF9D,0xF79D,0xEF7D,0xEF9D,0xEF9D,0xEF9D,0xEF9D,0xF79D,0xF79D,0xEF9D,0xF79D,
0xF79D,0xF77D,0xF77D,0xF77D,0xF79D,0xF79D,0xF77D,0xF77D,0xF77D,0xF77D,0xF79D,0xF79D,0xF77D,0xEF9D,0xF79D,0xEF9D,
0xEF7D,0xEF7D,0xF79E,0xF79E,0xF79E,0xF79E,0xF79E,0xEF9D,0xEF7D,0xEF9D,0xF79D,0xF79D,0xF79D,0xEF7D,0xEF9D,0xEF9D,
0xEF9D,0xEF7D,0xEF9D,0xF79D,0xF79D,0xEF9D,0xF79D,0xF79D,0xEF9D,0xF79D,0xEF9D,0xF79D,0xF79D,0xEF9D,0xEF9D,0xF79D,
0xEF9D,0xEF9D,0xF79D,0xF79D,0xEF9D,0xEF7D,0xEF9D,0xEF9D,0xEF9D,0xEF9D,0xEF9D,0xEF7D,0xEF9D,0xF79D,0xEF9D,0xEF7D,
0xEF7D,0xF77D,0xF77D,0xEF7D,0xEF7D,0xEF9D,0xEF9D,0xEF9D,0xEF7D,0xEF7D,0xF79D,0xF79D,0xF79D,0xEF9D,0xEF9D,0xEF9D,
0xEF9D,0xEF9D,0xEF9D,0xEF9D,0xEF9D,0xF77D,0xF77D,0xF77D,0xF79D,0xF79D,0xEF9D,0xEF9D,0xEF9D,0xEF9D,0xF79D,0xF79D,
0xF79D,0xF79D,0xF79D,0xEF9D,0xEF9D,0xEF7D,0xEF9D,0xEF9D,0xF79D,0xEF9D,0xEF7D,0xEF9D,0xF79D,0xF79D,0xF79D,0xF79D,
0xF79D,0xF79D,0xEF9D,0xEF9D,0xEF9D,0xEF9D,0xEF9D,0xEF7D,0xEF9D,0xEF9D,0xEF9D,0xEF9D,0xEF7D,0xEF9D,0xEF9D,0xEF9D,
0xEF9D,0xEF9D,0xEF9D,0xF79D,0xEF9D,0xEF7D,0xEF9D,0xEF9D,0xEF9D,0xEF9D,0xEF9D,0xEF9D,0xEF7D,0xF79D,0xF79D,0xEF9D,
0xEF9D,0xF79D,0xEF7D,0xF79D,0xEF9D,0xF79D,0xEF9D,0xEF9D,0xF79D,0xEF9D,0xEF9D,0xEF7D,0xEF7D,0xF79D,0xF79D,0xF79D,
0xEF9D,0xEF9D,0xEF9D,0xF79D,0xEF9D,0xEF9D,0xF79D,0xF79D,0xF79D,0xF79D,0xF79D,0xF79D,0xEF7D,0xEF7D,0xEF7D,0xEF9D,
0xF79D,0xF79D,0xEF9D,0xEF9D,0xF79D,0xEF9D,0xEF9D,0xF79D,0xF79D,0xF79D,0xF79D,0xEF9D,0xEF9D,0xF79D,0xF79D,0xEF9D,
0xEF9D,0xEF9D,0xEF9D,0xEF9D,0xEF7D,0xEF7D,0xEF7D,0xEF9D,0xEF9D,0xF79D,0xF79D,0xF79D,0xEF9D,0xEF9D,0xEF7D,0xEF9D,
0xF79D,0xEF9D,0xEF9D,0xF79D,0xEF9D,0xEF9D,0xEF9D,0xEF9D,0xEF9D,0xF79D,0xF79D,0xEF9D,0xEF9D,0xEF9D,0xF79D,0xF79D,
0xEF9D,0xF79D,0xF79D,0xEF9D,0xEF9D,0xF79D,0xF79D,0xEF7D,0xEF7D,0xF79D,0xF79D,0xEF9D,0xEF9D,0xEF9D,0xEF9D,0xF79D,
0xEF9D,0xEF9D,0xEF9D,0xEF9D,0xF79D,0xF79D,0xF79D,0xF79D,0xF79D,0xF79D,0xF79D,0xF79D,0xF79D,0xF79D,0xF79D,0xF79D,
0xF79D,0xF79D,0xF79D,0xEF9D,0xF79D,0xF79D,0xF79D,0xF79D,0xF79D,0xF79D,0xF79D,0xEF9D,0xEF9D,0xF79D,0xF79D,0xF79D,
0xF79D,0xF79D,0xF77D,0xF77D,0xF77D,0xF77D,0xF79D,0xF77D,0xF79D,0xEF7D,0xEF7D,0xEF7D,0xEF7D,0xF79E,0xF79E,0xF79E,
0xF79E,0xF79E,0xEF7D,0xEF7D,0xEF9D,0xF79D,0xF79D,0xEF9D,0xEF7D,0xEF9D,0xEF9D,0xEF9D,0xEF9D,0xF79D,0xF79D,0xF79D,
0xEF9D,0xEF9D,0xF79D,0xEF9D,0xF79D,0xF79D,0xEF9D,0xEF9D,0xF79D,0xF79D,0xF79D,0xF79D,0xEF9D,0xF77D,0xF77D,0xEF7D,
0xEF7D,0xF79D,0xEF9D,0xF79D,0xF79D,0xEF7D,0xEF7D,0xEF9D,0xF79D,0xEF9D,0xEF9D,0xEF7D,0xF77D,0xF77D,0xEF7D,0xEF9D,
0xF79D,0xEF9D,0xEF9D,0xEF9D,0xF79D,0xF79D,0xF79D,0xEF9D,0xEF9D,0xEF9D,0xEF9D,0xEF9D,0xEF9D,0xEF9D,0xEF9D,0xEF9D,
0xF79D,0xF77D,0xEF7D,0xF79D,0xF79D,0xEF9D,0xEF9D,0xEF9D,0xEF9D,0xEF9D,0xF79D,0xEF9D,0xF79D,0xF79D,0xEF9D,0xEF9D,
0xEF7D,0xEF7D,0xEF9D,0xEF9D,0xEF9D,0xEF9D,0xEF7D,0xEF7D,0xEF7D,0xEF9D,0xF79D,0xF79D,0xF79D,0xF79D,0xEF9D,0xEF9D,
0xEF9D,0xEF7D,0xEF7D,0xEF9D,0xEF9D,0xEF9D,0xEF7D,0xEF7D,0xEF9D,0xEF9D,0xEF9D,0xEF9D,0xEF9D,0xEF9D,0xEF7D,0xEF9D,
0xEF9D,0xEF9D,0xEF9D,0xEF7D,0xEF7D,0xEF9D,0xEF7D,0xEF7D,0xF79D,0xEF9D,0xEF9D,0xF79D,0xEF9D,0xEF7D,0xEF9D,0xF79D,
0xF79D,0xEF9D,0xF79D,0xEF9D,0xEF7D,0xEF9D,0xEF9D,0xEF9D,0xEF9D,0xF79D,0xF79D,0xEF9D,0xEF9D,0xEF9D,0xEF9D,0xEF9D,
0xEF7D,0xEF9D,0xF79D,0xF79D,0xEF9D,0xF79D,0xEF9D,0xEF9D,0xEF9D,0xEF9D,0xEF9D,0xF79D,0xF79D,0xEF9D,0xEF9D,0xEF9D,
0xEF7D,0xEF9D,0xEF9D,0xF79D,0xF79D,0xF79D,0xEF9D,0xF79D,0xEF9D,0xEF9D,0xEF7D,0xEF7D,0xEF9D,0xEF9D,0xEF9D,0xEF9D,
0xEF9D,0xEF7D,0xEF9D,0xEF7D,0xEF9D,0xEF9D,0xF79D,0xF79D,0xEF9D,0xEF9D,0xEF9D,0xEF9D,0xF79D,0xF79D,0xEF9D,0xEF7D,
0xEF9D,0xEF9D,0xF79D,0xEF9D,0xEF7D,0xEF9D,0xEF9D,0xF79D,0xEF9D,0xF79D,0xF79D,0xEF9D,0xF79D,0xF79D,0xEF9D,0xEF7D,
0xF79D,0xF77D,0xEF7D,0xF79D,0xF79D,0xF79D,0xEF7D,0xEF7D,0xEF9D,0xEF7D,0xEF7D,0xEF7D,0xEF9D,0xEF9D,0xEF7D,0xEF9D,
0xEF9D,0xEF9D,0xEF9D,0xF79D,0xF79D,0xF79D,0xF79D,0xEF9D,0xF77D,0xF77D,0xF79D,0xF79D,0xF79D,0xF79D,0xF79D,0xEF9D,
0xEF9D,0xF79D,0xEF9D,0xEF9D,0xEF9D,0xEF9D,0xEF9D,0xEF7D,0xF79D,0xF79D,0xF77D,0xF77D,0xF77D,0xF77D,0xEF7D,0xEF7D,
0xEF7D,0xEF7D,0xF77D,0xEF7D,0xEF7D,0xEF7D,0xEF7D,0xEF7D,0xF79E,0xF79E,0xF79E,0xF79E,0xF79E,0xEF7D,0xEF9D,0xEF9D,
0xEF9D,0xF79D,0xF79D,0xF79D,0xEF9D,0xEF9D,0xEF9D,0xF79D,0xF79D,0xF79D,0xF79D,0xF79D,0xF79D,0xF79D,0xF79D,0xF79D,
0xF79D,0xEF9D,0xEF9D,0xF79D,0xF79D,0xF79D,0xEF9D,0xEF9D,0xF77D,0xF77D,0xF77D,0xF79D,0xF79D,0xEF9D,0xF79D,0xEF9D,
0xEF9D,0xF79D,0xEF7D,0xEF7D,0xEF9D,0xF79D,0xEF7D,0xEF7D,0xF77D,0xF79D,0xEF9D,0xEF9D,0xEF9D,0xEF9D,0xEF9D,0xEF9D,
0xEF9D,0xF79D,0xF79D,0xEF9D,0xEF9D,0xEF9D,0xF79D,0xF79D,0xEF9D,0xEF9D,0xEF7D,0xEF7D,0xEF9D,0xEF9D,0xEF9D,0xEF9D,
0xEF9D,0xEF9D,0xF79D,0xF79D,0xEF9D,0xEF9D,0xEF9D,0xEF9D,0xF79D,0xEF9D,0xEF9D,0xEF9D,0xEF7D,0xEF9D,0xEF7D,0xEF7D,
0xEF7D,0xEF9D,0xEF9D,0xEF9D,0xEF9D,0xF79D,0xF79D,0xEF9D,0xEF9D,0xF79D,0xEF9D,0xEF9D,0xEF9D,0xEF7D,0xEF9D,0xEF9D,
0xEF9D,0xEF7D,0xEF7D,0xEF9D,0xEF9D,0xEF9D,0xF79D,0xEF9D,0xEF9D,0xEF9D,0xF79D,0xEF9D,0xEF9D,0xEF9D,0xEF9D,0xEF9D,
0xEF9D,0xEF9D,0xEF9D,0xEF9D,0xEF9D,0xEF9D,0xEF9D,0xEF9D,0xEF9D,0xEF9D,0xEF9D,0xEF7D,0xEF7D,0xF79D,0xEF9D,0xEF7D,
0xEF9D,0xF79D,0xF79D,0xF79D,0xEF9D,0xEF9D,0xEF9D,0xEF9D,0xEF9D,0xEF9D,0xEF9D,0xEF9D,0xEF9D,0xEF9D,0xF79D,0xF79D,
0xEF9D,0xEF9D,0xEF9D,0xEF9D,0xEF9D,0xEF9D,0xEF9D,0xEF9D,0xEF7D,0xEF7D,0xEF7D,0xEF7D,0xEF9D,0xEF9D,0xEF9D,0xF79D,
0xEF9D,0xEF7D,0xEF9D,0xEF9D,0xEF9D,0xEF9D,0xEF9D,0xEF9D,0xEF7D,0xEF7D,0xEF7D,0xEF7D,0xEF7D,0xEF7D,0xEF7D,0xEF7D,
0xEF9D,0xF79D,0xF79D,0xEF9D,0xF79D,0xF79D,0xF79D,0xF79D,0xF79D,0xF79D,0xEF9D,0xEF9D,0xEF7D,0xF77D,0xF79D,0xF79D,
0xEF9D,0xEF9D,0xF79D,0xF79D,0xF79D,0xF79D,0xF79D,0xF79D,0xF79D,0xF79D,0xF79D,0xF79D,0xF77D,0xEF7D,0xEF7D,0xEF9D,
0xEF7D,0xEF7D,0xEF7D,0xEF7D,0xEF7D,0xEF7D,0xEF9D,0xEF9D,0xF79D,0xF79D,0xF79D,0xEF9D,0xF79D,0xEF9D,0xF79D,0xF79D,
0xEF9D,0xF79D,0xEF9D,0xF77D,0xF77D,0xF77D,0xEF7D,0xF77D,0xF77D,0xF77D,0xF79D,0xF79D,0xF79D,0xF79D,0xEF9D,0xEF9D,
0xEF9D,0xF79D,0xF79D,0xEF7D,0xEF7D,0xEF7D,0xEF7D,0xF77D,0xF77D,0xF77D,0xF77D,0xF77D,0xF77D,0xF77D,0xF77D,0xF77D,
0xEF9D,0xEF7D,0xEF9D,0xF79E,0xF79E,0xF79E,0xF79E,0xF79E,0xEF7D,0xF79D,0xEF9D,0xF79D,0xF79D,0xF79D,0xEF9D,0xEF9D,
0xEF9D,0xEF9D,0xF79D,0xF79D,0xF79D,0xEF9D,0xF79D,0xF79D,0xF79D,0xF79D,0xF79D,0xF79D,0xEF7D,0xEF7D,0xF79D,0xEF9D,
0xEF9D,0xEF9D,0xEF9D,0xEF7D,0xEF7D,0xF79D,0xF79D,0xEF9D,0xEF9D,0xF79D,0xEF9D,0xEF9D,0xF79D,0xEF9D,0xEF9D,0xEF7D,
0xEF7D,0xEF7D,0xEF7D,0xEF7D,0xF79D,0xEF9D,0xEF9D,0xEF9D,0xEF9D,0xEF9D,0xEF9D,0xEF7D,0xEF9D,0xF79D,0xF79D,0xEF7D,
0xEF7D,0xEF9D,0xEF9D,0xEF9D,0xEF9D,0xEF7D,0xEF9D,0xEF9D,0xEF9D,0xF79D,0xEF9D,0xF79D,0xF79D,0xEF9D,0xEF9D,0xEF9D,
0xEF9D,0xEF9D,0xEF9D,0xEF9D,0xEF9D,0xEF9D,0xEF9D,0xEF9D,0xEF7D,0xEF7D,0xEF7D,0xEF7D,0xEF9D,0xEF9D,0xEF9D,0xEF9D,
0xF79D,0xF79D,0xEF9D,0xEF9D,0xF79D,0xEF7D,0xEF9D,0xEF9D,0xEF7D,0xEF7D,0xF79D,0xF79D,0xEF9D,0xEF7D,0xEF9D,0xF79D,
0xEF9D,0xEF9D,0xEF9D,0xEF9D,0xF79D,0xF79D,0xEF7D,0xEF9D,0xEF9D,0xEF9D,0xEF9D,0xEF9D,0xEF9D,0xEF7D,0xEF9D,0xEF9D,
0xEF9D,0xEF9D,0xEF9D,0xEF9D,0xEF9D,0xEF9D,0xEF9D,0xEF9D,0xF79D,0xEF7D,0xEF7D,0xEF9D,0xEF7D,0xEF7D,0xF79D,0xEF9D,
0xEF7D,0xEF7D,0xEF7D,0xEF7D,0xEF7D,0xEF9D,0xEF9D,0xEF9D,0xEF9D,0xF79D,0xF79D,0xF79D,0xF79D,0xEF9D,0xEF7D,0xEF7D,
0xEF9D,0xF79D,0xEF7D,0xEF7D,0xEF7D,0xEF7D,0xF79D,0xEF9D,0xF79D,0xF79D,0xF79D,0xEF9D,0xEF7D,0xEF9D,0xF79D,0xF79D,
0xF79D,0xF79D,0xEF7D,0xF77D,0xF77D,0xF77D,0xF79D,0xEF9D,0xEF7D,0xEF7D,0xEF7D,0xEF9D,0xF79D,0xF79D,0xEF9D,0xEF9D,
0xF79D,0xF79D,0xEF9D,0xEF9D,0xF79D,0xF79D,0xF79D,0xEF7D,0xF77D,0xF77D,0xF79D,0xEF7D,0xF79D,0xF79D,0xF79D,0xF79D,
0xEF9D,0xEF9D,0xF79D,0xF79D,0xF79D,0xF79D,0xF79D,0xF79D,0xEF7D,0xEF7D,0xEF7D,0xEF7D,0xEF7D,0xEF9D,0xEF7D,0xEF9D,
0xEF9D,0xEF9D,0xF79D,0xEF9D,0xEF9D,0xF79D,0xEF9D,0xF79D,0xF79D,0xF79D,0xF79D,0xEF9D,0xEF9D,0xEF9D,0xF77D,0xF77D,
0xF77D,0xF77D,0xF77D,0xF79D,0xF79D,0xF79D,0xEF9D,0xF79D,0xF79D,0xF79D,0xF79D,0xF79D,0xEF9D,0xEF7D,0xF77D,0xF77D,
0xEF7D,0xEF7D,0xF77D,0xEF7D,0xEF7D,0xF77D,0xF77D,0xEF7D,0xEF7D,0xF77D,0xF77D,0xEF7D,0xEF7D,0xEF9D,0xF79E,0xF79E,
0xF79E,0xF79E,0xF79E,0xEF9D,0xEF9D,0xEF9D,0xF79D,0xF79D,0xEF9D,0xEF9D,0xF79D,0xF79D,0xEF9D,0xEF9D,0xEF9D,0xF79D,
0xEF9D,0xEF9D,0xF79D,0xF79D,0xEF9D,0xF79D,0xF79D,0xEF7D,0xEF9D,0xEF9D,0xEF9D,0xEF9D,0xF79D,0xEF9D,0xEF9D,0xEF9D,
0xEF9D,0xF79D,0xF79D,0xEF9D,0xF79D,0xF79D,0xEF9D,0xF79D,0xEF9D,0xF79D,0xEF9D,0xEF7D,0xEF7D,0xF79D,0xEF7D,0xF79D,
0xEF9D,0xEF9D,0xF79D,0xF79D,0xEF9D,0xEF9D,0xEF9D,0xEF7D,0xEF9D,0xF79D,0xEF7D,0xEF7D,0xEF9D,0xEF9D,0xF79D,0xEF9D,
0xEF9D,0xEF9D,0xEF9D,0xEF9D,0xF79D,0xEF9D,0xF79D,0xEF9D,0xF79D,0xEF9D,0xEF9D,0xEF9D,0xF79D,0xF79D,0xEF9D,0xEF9D,
0xEF9D,0xEF7D,0xF79D,0xF77D,0xF77D,0xF79D,0xF79D,0xEF9D,0xEF7D,0xEF7D,0xEF9D,0xF79D,0xF79D,0xF79D,0xEF9D,0xEF9D,
0xEF7D,0xEF9D,0xEF9D,0xEF9D,0xEF9D,0xEF9D,0xEF9D,0xEF9D,0xF79D,0xEF9D,0xF79D,0xF79D,0xEF9D,0xEF9D,0xEF9D,0xF79D,
0xF79D,0xEF9D,0xF79D,0xF79D,0xEF9D,0xEF9D,0xF79D,0xEF7D,0xEF7D,0xEF9D,0xEF9D,0xEF9D,0xEF9D,0xEF9D,0xF79D,0xEF9D,
0xF79D,0xF79D,0xF79D,0xF79D,0xF77D,0xF77D,0xF77D,0xEF7D,0xEF7D,0xEF9D,0xF79D,0xEF9D,0xEF7D,0xEF7D,0xEF9D,0xEF9D,
0xF79D,0xF79D,0xF79D,0xF79D,0xF79D,0xEF9D,0xF79D,0xF79D,0xF79D,0xEF7D,0xEF7D,0xEF9D,0xEF7D,0xF79D,0xF77D,0xF77D,
0xF79D,0xF79D,0xEF9D,0xF79D,0xF79D,0xF79D,0xF79D,0xEF9D,0xEF9D,0xEF9D,0xF79D,0xF79D,0xF79D,0xEF7D,0xEF7D,0xF77D,
0xF77D,0xEF7D,0xEF9D,0xEF9D,0xEF9D,0xF79D,0xF79D,0xF79D,0xF79D,0xEF9D,0xF79D,0xEF9D,0xEF9D,0xEF7D,0xEF7D,0xEF9D,
0xEF9D,0xF79D,0xF79D,0xF77D,0xF77D,0xF79D,0xF79D,0xF79D,0xF79D,0xEF9D,0xEF9D,0xF79D,0xEF9D,0xF79D,0xF79D,0xF79D,
0xF79D,0xEF9D,0xEF9D,0xEF9D,0xEF7D,0xEF7D,0xEF9D,0xEF7D,0xEF9D,0xEF9D,0xEF9D,0xF79D,0xEF9D,0xF79D,0xEF9D,0xEF9D,
0xEF9D,0xEF9D,0xEF9D,0xF79D,0xEF9D,0xF79D,0xF79D,0xEF9D,0xF79D,0xF79D,0xF79D,0xF77D,0xF79D,0xF79D,0xF79D,0xF79D,
0xF79D,0xEF9D,0xEF9D,0xF79D,0xF79D,0xF79D,0xF79D,0xF77D,0xF77D,0xF77D,0xF77D,0xEF7D,0xEF7D,0xF77D,0xEF7D,0xEF7D,
0xEF7D,0xF77D,0xEF7D,0xEF7D,0xEF7D,0xEF7D,0xEF7D,0xEF7D,0xEF7D,0xF79E,0xF79E,0xF79E,0xF79E,0xF79E,0xEF9D,0xEF7D,
0xF79D,0xF79D,0xEF9D,0xEF9D,0xEF9D,0xEF9D,0xF79D,0xEF9D,0xEF9D,0xEF9D,0xF79D,0xF79D,0xEF9D,0xF79D,0xF79D,0xF79D,
0xF79D,0xF79D,0xEF9D,0xEF9D,0xEF9D,0xEF9D,0xF79D,0xEF9D,0xEF9D,0xEF9D,0xF79D,0xEF9D,0xF79D,0xF79D,0xEF9D,0xEF9D,
0xF79D,0xF79D,0xF79D,0xF79D,0xEF7D,0xF79D,0xF79D,0xF77D,0xF79D,0xF79D,0xF79D,0xEF9D,0xF79D,0xF79D,0xF79D,0xEF9D,
0xEF9D,0xEF9D,0xEF9D,0xEF9D,0xEF9D,0xEF9D,0xEF9D,0xEF9D,0xF79D,0xEF7D,0xEF7D,0xF79D,0xF79D,0xF79D,0xEF9D,0xEF9D,
0xEF9D,0xEF9D,0xEF9D,0xEF9D,0xEF9D,0xEF9D,0xEF7D,0xF79D,0xF79D,0xEF7D,0xEF9D,0xEF9D,0xEF9D,0xF79D,0xF77D,0xF77D,
0xF77D,0xEF7D,0xEF9D,0xEF9D,0xEF7D,0xEF7D,0xEF9D,0xF79D,0xEF9D,0xEF9D,0xF79D,0xF79D,0xF79D,0xEF7D,0xEF9D,0xF79D,
0xEF7D,0xF77D,0xF77D,0xF79D,0xF79D,0xEF9D,0xF79D,0xF79D,0xEF9D,0xEF9D,0xEF7D,0xEF9D,0xF79D,0xF79D,0xF79D,0xEF9D,
0xF79D,0xF79D,0xF77D,0xF77D,0xEF9D,0xEF9D,0xEF9D,0xEF7D,0xF79D,0xEF9D,0xEF9D,0xF79D,0xF79D,0xEF9D,0xEF7D,0xF77D,
0xF77D,0xF77D,0xEF9D,0xF79D,0xF79D,0xF79D,0xEF7D,0xEF7D,0xF79D,0xEF9D,0xF79D,0xF79D,0xF79D,0xEF9D,0xEF9D,0xEF9D,
0xEF9D,0xEF9D,0xEF9D,0xF79D,0xEF9D,0xEF9D,0xEF9D,0xF77D,0xEF7D,0xF77D,0xF77D,0xEF7D,0xEF9D,0xEF9D,0xEF9D,0xEF9D,
0xEF9D,0xEF9D,0xEF7D,0xEF7D,0xEF9D,0xF77D,0xF79D,0xF79D,0xF79D,0xF77D,0xEF7D,0xEF7D,0xF79D,0xF79D,0xEF9D,0xEF9D,
0xF79D,0xF79D,0xEF9D,0xEF7D,0xEF9D,0xF79D,0xEF9D,0xEF9D,0xEF9D,0xEF7D,0xEF7D,0xF79D,0xF79D,0xF79D,0xF79D,0xF77D,
0xF79D,0xF79D,0xEF9D,0xF79D,0xF79D,0xEF9D,0xF79D,0xF79D,0xEF9D,0xEF7D,0xF79D,0xF79D,0xEF9D,0xF79D,0xF79D,0xEF9D,
0xEF9D,0xF79D,0xF79D,0xEF7D,0xEF7D,0xEF9D,0xEF7D,0xEF9D,0xEF9D,0xEF9D,0xEF9D,0xEF9D,0xF79D,0xEF9D,0xEF9D,0xF79D,
0xF79D,0xF79D,0xF79D,0xF79D,0xF79D,0xF79D,0xF77D,0xF77D,0xF79D,0xF79D,0xF79D,0xF79D,0xF79D,0xEF9D,0xEF9D,0xF79D,
0xF79D,0xF79D,0xF79D,0xF79D,0xEF7D,0xEF7D,0xF79D,0xF79D,0xF77D,0xF77D,0xF79D,0xEF7D,0xEF7D,0xEF7D,0xEF7D,0xEF7D,
0xF77D,0xEF7D,0xEF7D,0xEF7D,0xF79E,0xF79E,0xF79E,0xF79E,0xF79E,0xEF7D,0xEF9D,0xF79D,0xEF9D,0xEF9D,0xEF9D,0xEF9D,
0xEF9D,0xEF9D,0xEF9D,0xEF9D,0xF79D,0xF79D,0xF79D,0xEF9D,0xEF9D,0xF79D,0xF79D,0xF79D,0xF79D,0xEF9D,0xF79D,0xF79D,
0xEF9D,0xEF9D,0xEF7D,0xEF7D,0xEF9D,0xF79D,0xF79D,0xF79D,0xF79D,0xF79D,0xF79D,0xF79D,0xF79D,0xEF9D,0xF79D,0xF77D,
0xF77D,0xF79D,0xF77D,0xEF7D,0xF77D,0xEF7D,0xEF9D,0xF79D,0xEF9D,0xEF9D,0xEF9D,0xEF9D,0xEF9D,0xEF9D,0xEF9D,0xEF9D,
0xEF9D,0xEF9D,0xEF9D,0xEF7D,0xF77D,0xF77D,0xEF7D,0xEF9D,0xF79D,0xEF7D,0xEF9D,0xEF9D,0xEF9D,0xF79D,0xEF9D,0xEF9D,
0xEF9D,0xEF7D,0xF77D,0xF77D,0xEF7D,0xEF7D,0xEF7D,0xEF9D,0xEF7D,0xEF7D,0xEF7D,0xEF7D,0xF77D,0xEF9D,0xEF9D,0xEF9D,
0xEF9D,0xEF9D,0xF79D,0xEF9D,0xEF9D,0xEF9D,0xEF9D,0xEF9D,0xEF7D,0xEF7D,0xF77D,0xF77D,0xF77D,0xF77D,0xEF7D,0xEF9D,
0xEF9D,0xEF9D,0xF79D,0xF79D,0xEF7D,0xEF9D,0xEF9D,0xEF9D,0xEF9D,0xEF9D,0xEF7D,0xF77D,0xF77D,0xF77D,0xF77D,0xEF7D,
0xEF7D,0xEF7D,0xF79D,0xF79D,0xEF9D,0xEF9D,0xEF9D,0xEF9D,0xEF9D,0xEF7D,0xEF7D,0xEF7D,0xEF7D,0xEF9D,0xEF9D,0xEF9D,
0xEF7D,0xF77D,0xF77D,0xF77D,0xEF7D,0xEF9D,0xF79D,0xF79D,0xEF9D,0xEF9D,0xEF9D,0xEF9D,0xEF9D,0xEF9D,0xF79D,0xEF9D,
0xEF7D,0xEF7D,0xEF7D,0xEF7D,0xF77D,0xF77D,0xF79D,0xEF9D,0xEF9D,0xEF9D,0xEF9D,0xEF9D,0xEF7D,0xEF7D,0xEF9D,0xEF9D,
0xF77D,0xF77D,0xF79D,0xF79D,0xF77D,0xEF7D,0xEF7D,0xEF7D,0xEF9D,0xEF9D,0xEF9D,0xEF9D,0xEF9D,0xF79D,0xEF9D,0xF79D,
0xEF9D,0xEF9D,0xEF9D,0xEF7D,0xEF7D,0xF77D,0xF77D,0xF77D,0xF77D,0xEF7D,0xF77D,0xEF7D,0xEF7D,0xEF7D,0xF79D,0xF79D,
0xF79D,0xF79D,0xF79D,0xEF9D,0xEF7D,0xF79D,0xEF9D,0xEF9D,0xEF9D,0xEF9D,0xEF9D,0xEF9D,0xEF9D,0xEF9D,0xEF7D,0xEF7D,
0xEF7D,0xEF7D,0xEF9D,0xEF7D,0xEF9D,0xEF9D,0xF79D,0xF79D,0xF79D,0xEF7D,0xF79D,0xEF7D,0xEF9D,0xEF9D,0xEF9D,0xEF7D,
0xEF7D,0xEF7D,0xF79D,0xEF9D,0xEF9D,0xF79D,0xF79D,0xF79D,0xF79D,0xF79D,0xF79D,0xF79D,0xF77D,0xF77D,0xF77D,0xEF7D,
0xEF7D,0xF77D,0xF77D,0xEF7D,0xEF7D,0xF77D,0xF77D,0xEF7D,0xEF7D,0xEF7D,0xF79D,0xEF7D,0xEF9D,0xEF7D,0xEF7D,0xF79E,
0xF79E,0xF79E,0xF79E,0xF79E,0xEF7D,0xF79D,0xF79D,0xEF9D,0xF79D,0xEF9D,0xF79D,0xF79D,0xEF9D,0xF79D,0xEF9D,0xEF9D,
0xF79D,0xF79D,0xF79D,0xEF9D,0xF79D,0xEF9D,0xF79D,0xF79D,0xEF7D,0xF77D,0xF77D,0xEF9D,0xEF9D,0xEF9D,0xEF7D,0xF79D,
0xF79D,0xF79D,0xF79D,0xF79D,0xF79D,0xF79D,0xF79D,0xF79D,0xEF7D,0xEF7D,0xF77D,0xF77D,0xF77D,0xEF7D,0xEF7D,0xEF7D,
0xF79D,0xEF7D,0xEF9D,0xEF9D,0xEF9D,0xF79D,0xEF9D,0xEF9D,0xF79D,0xEF9D,0xEF7D,0xEF9D,0xEF9D,0xEF9D,0xEF7D,0xEF7D,
0xEF9D,0xEF7D,0xEF9D,0xEF9D,0xEF7D,0xF79D,0xEF9D,0xEF9D,0xEF9D,0xF79D,0xEF9D,0xEF9D,0xEF9D,0xF77D,0xF77D,0xF77D,
0xEF7D,0xEF7D,0xEF7D,0xF77D,0xEF7D,0xEF7D,0xEF7D,0xF79D,0xF79D,0xF79D,0xEF9D,0xF79D,0xEF9D,0xF79D,0xF79D,0xEF9D,
0xEF9D,0xEF7D,0xEF7D,0xEF9D,0xEF7D,0xEF7D,0xEF7D,0xEF7D,0xF79D,0xEF7D,0xEF7D,0xF79D,0xEF9D,0xF79D,0xF79D,0xEF7D,
0xF79D,0xF79D,0xF79D,0xEF9D,0xEF9D,0xEF9D,0xEF7D,0xF77D,0xF77D,0xF77D,0xEF7D,0xEF7D,0xEF7D,0xF79D,0xEF9D,0xF79D,
0xEF9D,0xEF9D,0xF79D,0xEF9D,0xEF9D,0xEF7D,0xEF9D,0xEF9D,0xEF7D,0xF79D,0xF79D,0xEF9D,0xF79D,0xEF7D,0xEF7D,0xF77D,
0xF79D,0xEF9D,0xEF9D,0xF79D,0xF79D,0xF79D,0xEF9D,0xEF9D,0xF79D,0xF79D,0xEF7D,0xF77D,0xEF7D,0xEF7D,0xF77D,0xEF7D,
0xEF7D,0xEF9D,0xEF9D,0xEF9D,0xEF9D,0xEF9D,0xEF9D,0xF79D,0xEF9D,0xF79D,0xEF9D,0xEF7D,0xEF7D,0xEF7D,0xEF7D,0xEF7D,
0xF77D,0xEF7D,0xEF7D,0xEF9D,0xEF9D,0xEF9D,0xEF9D,0xF79D,0xF79D,0xF79D,0xF79D,0xEF9D,0xEF9D,0xEF9D,0xEF7D,0xF79D,
0xF77D,0xF77D,0xF77D,0xF77D,0xEF7D,0xF79D,0xEF7D,0xEF7D,0xF79D,0xF79D,0xF79D,0xF79D,0xF79D,0xF79D,0xF79D,0xF79D,
0xF79D,0xF79D,0xF79D,0xEF7D,0xEF9D,0xEF9D,0xEF7D,0xEF7D,0xEF7D,0xEF7D,0xEF7D,0xEF7D,0xEF9D,0xF79D,0xF79D,0xEF9D,
0xF79D,0xF79D,0xF77D,0xF79D,0xF77D,0xEF7D,0xEF9D,0xF77D,0xF77D,0xEF7D,0xEF7D,0xEF7D,0xEF7D,0xF79D,0xEF9D,0xEF9D,
0xEF9D,0xF79D,0xF79D,0xF79D,0xF79D,0xEF9D,0xF77D,0xF77D,0xF77D,0xEF7D,0xF77D,0xF77D,0xEF7D,0xF77D,0xEF7D,0xEF7D,
0xF77D,0xF77D,0xF77D,0xF79D,0xF77D,0xF79D,0xEF7D,0xEF9D,0xEF7D,0xEF9D,0xF79E,0xF79E,0xF79E,0xF79E,0xF79E,0xEF9D,
0xEF9D,0xEF9D,0xF79D,0xF79D,0xEF9D,0xEF9D,0xF79D,0xEF9D,0xF79D,0xF79D,0xEF9D,0xF79D,0xF79D,0xF79D,0xF79D,0xEF9D,
0xF79D,0xF79D,0xF79D,0xF77D,0xF77D,0xF77D,0xF79D,0xF79D,0xF79D,0xEF9D,0xF79D,0xEF9D,0xF79D,0xF79D,0xEF9D,0xEF9D,
0xEF9D,0xEF9D,0xEF9D,0xEF7D,0xEF9D,0xEF7D,0xEF7D,0xEF7D,0xEF9D,0xF79D,0xF77D,0xF77D,0xEF9D,0xF79D,0xEF9D,0xEF9D,
0xF79D,0xEF7D,0xEF7D,0xF79D,0xEF9D,0xEF7D,0xEF9D,0xEF9D,0xEF9D,0xEF9D,0xEF7D,0xEF9D,0xF79D,0xF79D,0xF79D,0xEF9D,
0xF79D,0xEF9D,0xEF9D,0xEF9D,0xF79D,0xEF7D,0xEF9D,0xEF9D,0xF77D,0xF77D,0xF77D,0xF79D,0xF77D,0xF77D,0xF79D,0xF77D,
0xEF9D,0xEF9D,0xEF9D,0xF79D,0xF79D,0xEF9D,0xF79D,0xEF9D,0xEF9D,0xF79D,0xEF9D,0xF79D,0xEF9D,0xEF7D,0xEF7D,0xEF7D,
0xEF9D,0xEF9D,0xEF9D,0xF79D,0xEF7D,0xEF9D,0xF79D,0xF79D,0xF79D,0xEF7D,0xEF9D,0xEF7D,0xEF9D,0xEF9D,0xEF7D,0xEF9D,
0xF79D,0xEF9D,0xEF9D,0xF79D,0xF79D,0xEF7D,0xF77D,0xF77D,0xEF7D,0xEF9D,0xF79D,0xF79D,0xEF9D,0xF79D,0xF79D,0xEF9D,
0xEF9D,0xF79D,0xF79D,0xF79D,0xF77D,0xF77D,0xEF9D,0xEF9D,0xEF9D,0xEF9D,0xF77D,0xF77D,0xEF7D,0xEF9D,0xF79D,0xF79D,
0xF79D,0xEF9D,0xEF9D,0xF79D,0xF79D,0xF77D,0xF79D,0xF77D,0xF77D,0xF79D,0xEF7D,0xEF7D,0xEF7D,0xEF9D,0xF79D,0xEF9D,
0xEF9D,0xEF7D,0xEF9D,0xF79D,0xEF9D,0xEF7D,0xEF7D,0xF79D,0xEF7D,0xEF7D,0xF77D,0xF77D,0xF77D,0xF77D,0xF79D,0xEF9D,
0xEF9D,0xF79D,0xF79D,0xEF9D,0xEF9D,0xEF7D,0xEF9D,0xEF9D,0xEF9D,0xF79D,0xF79D,0xEF7D,0xF77D,0xF79D,0xF77D,0xF77D,
0xEF7D,0xEF9D,0xEF9D,0xF79D,0xF79D,0xF79D,0xF79D,0xF79D,0xF79D,0xF79D,0xF79D,0xEF9D,0xF79D,0xEF9D,0xEF9D,0xF79D,
0xEF9D,0xEF7D,0xEF9D,0xEF7D,0xEF9D,0xEF9D,0xEF7D,0xEF9D,0xF79D,0xF79D,0xEF9D,0xEF7D,0xF77D,0xF77D,0xF79D,0xF79D,
0xEF7D,0xF79D,0xF79D,0xF79D,0xF79D,0xF77D,0xF77D,0xF79D,0xF79D,0xF79D,0xF79D,0xEF9D,0xF79D,0xF79D,0xF79D,0xEF9D,
0xEF9D,0xF77D,0xF77D,0xF77D,0xF79D,0xF79D,0xEF7D,0xEF7D,0xF79D,0xF79D,0xF79D,0xF79D,0xF79D,0xEF7D,0xEF7D,0xEF7D,
0xF77D,0xF77D,0xEF7D,0xEF7D,0xEF9D,0xF79E,0xF79E,0xF79E,0xF79E,0xF79E,0xEF9D,0xEF9D,0xEF9D,0xF79D,0xF79D,0xF79D,
0xEF9D,0xF79D,0xEF9D,0xEF9D,0xF79D,0xF79D,0xEF9D,0xEF9D,0xEF9D,0xEF9D,0xEF9D,0xF79D,0xF79D,0xEF7D,0xEF7D,0xF77D,
0xF77D,0xF79D,0xF79D,0xF79D,0xEF9D,0xEF9D,0xF79D,0xEF9D,0xEF9D,0xEF9D,0xEF7D,0xEF7D,0xF79D,0xF79D,0xF79D,0xF79D,
0xF77D,0xEF7D,0xEF7D,0xEF9D,0xF79D,0xF77D,0xEF7D,0xEF9D,0xF79D,0xEF9D,0xEF9D,0xEF9D,0xEF7D,0xEF7D,0xEF7D,0xEF9D,
0xEF9D,0xF79D,0xF77D,0xF77D,0xF79D,0xEF9D,0xEF9D,0xF79D,0xEF9D,0xF79D,0xEF9D,0xEF9D,0xEF9D,0xEF9D,0xF79D,0xEF9D,
0xEF7D,0xF79D,0xF79D,0xF77D,0xF77D,0xF79D,0xF77D,0xF77D,0xF77D,0xF77D,0xF77D,0xEF7D,0xEF9D,0xF79D,0xEF9D,0xEF9D,
0xEF9D,0xEF7D,0xEF9D,0xEF9D,0xF79D,0xF79D,0xEF9D,0xEF9D,0xEF7D,0xF77D,0xF77D,0xEF9D,0xEF9D,0xEF7D,0xEF9D,0xEF9D,
0xEF9D,0xEF9D,0xF79D,0xEF9D,0xEF7D,0xEF7D,0xEF7D,0xEF7D,0xEF7D,0xEF9D,0xEF9D,0xEF9D,0xEF9D,0xEF9D,0xEF7D,0xF79D,
0xF79D,0xEF7D,0xF77D,0xF79D,0xEF9D,0xF79D,0xEF9D,0xEF9D,0xEF9D,0xF79D,0xEF9D,0xEF9D,0xF79D,0xEF9D,0xF77D,0xF77D,
0xF77D,0xF79D,0xF79D,0xEF9D,0xEF9D,0xEF7D,0xF77D,0xEF9D,0xEF9D,0xEF9D,0xEF9D,0xEF9D,0xEF9D,0xEF9D,0xEF9D,0xF79D,
0xF77D,0xF77D,0xEF7D,0xEF7D,0xEF7D,0xF79D,0xEF9D,0xEF9D,0xEF9D,0xEF7D,0xEF9D,0xF79D,0xEF7D,0xEF7D,0xF79D,0xEF9D,
0xEF9D,0xEF9D,0xF79D,0xF77D,0xEF7D,0xEF7D,0xEF7D,0xF77D,0xF77D,0xEF9D,0xEF7D,0xEF9D,0xEF9D,0xEF9D,0xF79D,0xEF9D,
0xEF7D,0xEF9D,0xEF9D,0xF79D,0xF79D,0xF77D,0xF77D,0xF77D,0xF77D,0xEF7D,0xF77D,0xEF7D,0xEF9D,0xEF9D,0xEF9D,0xF79D,
0xF79D,0xF79D,0xF79D,0xF79D,0xF79D,0xF79D,0xF79D,0xEF7D,0xF77D,0xF79D,0xF77D,0xEF9D,0xEF9D,0xEF9D,0xEF9D,0xEF9D,
0xEF7D,0xEF7D,0xEF7D,0xEF7D,0xF79D,0xEF7D,0xEF7D,0xF77D,0xF77D,0xF79D,0xF79D,0xF79D,0xF77D,0xF79D,0xF77D,0xF79D,
0xF77D,0xF77D,0xF79D,0xF77D,0xF79D,0xF79D,0xF79D,0xEF9D,0xEF9D,0xEF9D,0xF79D,0xF79D,0xF79D,0xF77D,0xF79D,0xF79D,
0xF79D,0xF77D,0xF77D,0xF79D,0xF79D,0xF79D,0xF79D,0xF79D,0xEF7D,0xEF7D,0xEF7D,0xF77D,0xEF7D,0xEF7D,0xEF7D,0xEF7D,
0xF79E,0xF79E,0xF79E,0xF79E,0xF79E,0xEF7D,0xEF9D,0xF79D,0xF79D,0xF79D,0xF79D,0xF79D,0xF79D,0xF79D,0xEF9D,0xF79D,
0xF79D,0xEF9D,0xEF9D,0xEF9D,0xEF9D,0xF79D,0xEF9D,0xEF7D,0xEF7D,0xEF7D,0xEF7D,0xEF7D,0xF79D,0xF79D,0xEF9D,0xEF9D,
0xEF9D,0xF79D,0xEF9D,0xEF9D,0xEF9D,0xEF9D,0xEF7D,0xF79D,0xF79D,0xF79D,0xF79D,0xF79D,0xF77D,0xEF7D,0xEF9D,0xF79D,
0xF77D,0xEF7D,0xEF7D,0xEF9D,0xEF9D,0xEF9D,0xEF9D,0xEF7D,0xEF7D,0xEF7D,0xEF9D,0xEF9D,0xF77D,0xF77D,0xF77D,0xF77D,
0xF79D,0xF79D,0xEF7D,0xEF7D,0xEF9D,0xF79D,0xEF9D,0xEF9D,0xF79D,0xEF9D,0xEF9D,0xEF9D,0xF79D,0xF79D,0xF77D,0xF77D,
0xF77D,0xF77D,0xF77D,0xF77D,0xF77D,0xEF7D,0xEF9D,0xEF9D,0xF79D,0xF79D,0xEF9D,0xEF9D,0xEF7D,0xEF9D,0xEF9D,0xEF9D,
0xF79D,0xEF9D,0xF77D,0xF77D,0xF77D,0xF77D,0xEF9D,0xEF9D,0xEF9D,0xEF7D,0xEF7D,0xEF9D,0xF79D,0xEF9D,0xEF7D,0xF79D,
0xEF7D,0xEF9D,0xEF9D,0xEF9D,0xEF7D,0xEF7D,0xF77D,0xEF9D,0xEF7D,0xEF7D,0xEF7D,0xEF7D,0xF79D,0xF77D,0xF79D,0xEF9D,
0xEF9D,0xEF9D,0xEF9D,0xEF9D,0xEF9D,0xEF9D,0xF79D,0xEF9D,0xEF7D,0xF77D,0xF79D,0xF79D,0xEF7D,0xF79D,0xEF9D,0xEF9D,
0xEF7D,0xF77D,0xEF7D,0xEF7D,0xEF9D,0xEF9D,0xEF7D,0xEF9D,0xEF7D,0xEF9D,0xEF7D,0xEF7D,0xF77D,0xF77D,0xEF7D,0xEF7D,
0xF79D,0xEF9D,0xEF9D,0xEF7D,0xEF7D,0xEF9D,0xF79D,0xF79D,0xEF9D,0xEF9D,0xEF9D,0xEF9D,0xEF9D,0xEF9D,0xF77D,0xF77D,
0xF77D,0xF77D,0xEF7D,0xEF9D,0xF79D,0xEF7D,0xEF7D,0xEF7D,0xEF9D,0xF79D,0xF79D,0xF79D,0xF79D,0xF79D,0xF79D,0xEF7D,
0xF77D,0xF79D,0xF77D,0xEF7D,0xEF7D,0xEF7D,0xF79D,0xF79D,0xEF9D,0xEF9D,0xEF9D,0xEF9D,0xEF7D,0xEF9D,0xF79D,0xF79D,
0xEF9D,0xF79D,0xF79D,0xF77D,0xF77D,0xF77D,0xF79D,0xEF9D,0xEF7D,0xEF7D,0xEF9D,0xEF7D,0xEF9D,0xEF9D,0xEF7D,0xEF9D,
0xEF7D,0xF79D,0xF77D,0xF79D,0xF79D,0xF77D,0xF79D,0xF77D,0xF79D,0xF79D,0xF79D,0xF77D,0xF77D,0xEF7D,0xEF9D,0xF79D,
0xEF9D,0xF79D,0xEF9D,0xEF9D,0xEF9D,0xEF9D,0xF79D,0xF79D,0xF77D,0xF79D,0xF77D,0xEF7D,0xF79D,0xF79D,0xF79D,0xF77D,
0xF77D,0xF77D,0xF77D,0xF77D,0xF77D,0xF77D,0xEF7D,0xEF7D,0xEF9D,0xEF7D,0xEF7D,0xF79E,0xF79E,0xF79E,0xF79E,0xF79E,
0xEF9D,0xEF9D,0xEF7D,0xF79D,0xF79D,0xF79D,0xEF9D,0xEF7D,0xF79D,0xF79D,0xF79D,0xF79D,0xEF9D,0xF79D,0xEF9D,0xEF9D,
0xEF9D,0xEF9D,0xEF7D,0xF77D,0xEF7D,0xEF7D,0xEF7D,0xEF9D,0xEF7D,0xEF9D,0xEF9D,0xEF9D,0xEF9D,0xEF9D,0xEF7D,0xEF9D,
0xF79D,0xEF9D,0xEF9D,0xEF9D,0xF79D,0xF79D,0xEF9D,0xEF7D,0xEF7D,0xEF7D,0xEF9D,0xEF7D,0xEF7D,0xEF9D,0xEF9D,0xEF9D,
0xEF9D,0xEF9D,0xF79D,0xEF7D,0xEF9D,0xEF9D,0xEF7D,0xF77D,0xF77D,0xEF7D,0xF77D,0xF77D,0xF77D,0xEF7D,0xEF9D,0xEF9D,
0xEF9D,0xF79D,0xF79D,0xF79D,0xEF9D,0xEF9D,0xEF9D,0xEF9D,0xEF7D,0xF77D,0xF77D,0xEF7D,0xF77D,0xF77D,0xF77D,0xF77D,
0xEF7D,0xEF7D,0xEF9D,0xEF9D,0xEF9D,0xEF9D,0xEF9D,0xEF9D,0xEF9D,0xEF9D,0xEF7D,0xEF7D,0xEF9D,0xEF7D,0xF77D,0xF77D,
0xF77D,0xEF7D,0xEF7D,0xEF9D,0xEF9D,0xEF7D,0xF79D,0xEF9D,0xEF9D,0xEF9D,0xEF9D,0xEF9D,0xEF9D,0xEF9D,0xEF9D,0xEF7D,
0xF77D,0xF77D,0xF77D,0xEF7D,0xEF9D,0xEF9D,0xEF7D,0xEF9D,0xEF9D,0xEF9D,0xEF9D,0xEF9D,0xF79D,0xF79D,0xEF9D,0xEF9D,
0xEF9D,0xEF9D,0xEF9D,0xEF9D,0xEF9D,0xEF9D,0xEF7D,0xEF7D,0xEF9D,0xEF7D,0xEF7D,0xEF9D,0xEF7D,0xEF9D,0xEF9D,0xF77D,
0xF77D,0xEF7D,0xEF7D,0xEF7D,0xEF9D,0xEF7D,0xEF7D,0xF77D,0xEF7D,0xEF7D,0xEF7D,0xEF9D,0xF79D,0xF79D,0xEF7D,0xEF9D,
0xEF9D,0xEF9D,0xF79D,0xEF9D,0xEF9D,0xEF7D,0xEF7D,0xEF7D,0xEF7D,0xEF7D,0xF77D,0xF77D,0xEF7D,0xEF7D,0xEF9D,0xEF9D,
0xEF9D,0xEF7D,0xEF9D,0xF79D,0xF79D,0xF79D,0xF79D,0xEF9D,0xF79D,0xEF7D,0xEF7D,0xEF7D,0xF77D,0xF77D,0xEF9D,0xEF7D,
0xEF7D,0xEF7D,0xF79D,0xF79D,0xF79D,0xEF9D,0xEF9D,0xEF9D,0xEF9D,0xF79D,0xEF7D,0xEF7D,0xEF9D,0xEF7D,0xEF7D,0xEF7D,
0xF77D,0xF79D,0xEF7D,0xEF7D,0xEF7D,0xEF9D,0xEF9D,0xEF9D,0xEF9D,0xEF9D,0xEF9D,0xEF9D,0xF79D,0xF79D,0xF79D,0xF79D,
0xEF7D,0xF77D,0xF77D,0xEF9D,0xEF7D,0xEF9D,0xEF7D,0xEF7D,0xEF9D,0xEF9D,0xF79D,0xEF9D,0xEF9D,0xF79D,0xF79D,0xEF9D,
0xF79D,0xF79D,0xF77D,0xF77D,0xF77D,0xEF7D,0xEF7D,0xF77D,0xF77D,0xF77D,0xF77D,0xEF7D,0xEF7D,0xF77D,0xEF7D,0xF77D,
0xEF7D,0xEF7D,0xEF7D,0xEF7D,0xEF7D,0xEF7D,0xF79E,0xF79E,0xF79E,0xF79E,0xF79E,0xEF7D,0xEF7D,0xEF7D,0xF79D,0xF79D,
0xF79D,0xEF7D,0xEF9D,0xF79D,0xF79D,0xEF9D,0xEF9D,0xEF7D,0xEF9D,0xF79D,0xEF7D,0xEF9D,0xF79D,0xEF7D,0xF77D,0xEF7D,
0xEF7D,0xEF7D,0xEF9D,0xEF7D,0xEF9D,0xEF9D,0xF79D,0xF79D,0xEF9D,0xEF7D,0xEF7D,0xEF7D,0xEF9D,0xEF9D,0xEF9D,0xEF9D,
0xEF7D,0xEF9D,0xEF7D,0xEF7D,0xEF7D,0xEF9D,0xEF9D,0xEF9D,0xEF9D,0xEF9D,0xEF7D,0xEF9D,0xF79D,0xF79D,0xEF9D,0xEF9D,
0xEF9D,0xEF7D,0xEF7D,0xEF7D,0xEF7D,0xEF7D,0xEF7D,0xEF7D,0xEF7D,0xEF9D,0xEF9D,0xEF9D,0xF79D,0xF79D,0xEF9D,0xF79D,
0xF79D,0xEF9D,0xEF9D,0xEF9D,0xF77D,0xEF7D,0xEF7D,0xEF7D,0xEF7D,0xEF7D,0xEF7D,0xEF7D,0xEF9D,0xEF7D,0xEF9D,0xEF9D,
0xEF9D,0xEF9D,0xEF9D,0xEF9D,0xEF9D,0xEF9D,0xEF7D,0xEF7D,0xEF7D,0xEF7D,0xEF7D,0xEF7D,0xEF7D,0xEF7D,0xF79D,0xF79D,
0xEF9D,0xEF9D,0xEF9D,0xEF7D,0xEF9D,0xEF7D,0xEF7D,0xEF9D,0xEF7D,0xEF7D,0xEF7D,0xEF7D,0xEF7D,0xF77D,0xF77D,0xEF9D,
0xEF9D,0xEF7D,0xEF7D,0xEF9D,0xF79D,0xEF7D,0xEF9D,0xEF9D,0xF79D,0xEF9D,0xEF9D,0xEF9D,0xEF9D,0xEF9D,0xEF9D,0xEF9D,
0xEF9D,0xEF7D,0xEF9D,0xEF9D,0xEF9D,0xEF7D,0xEF9D,0xEF9D,0xEF9D,0xEF9D,0xF77D,0xF77D,0xF77D,0xEF7D,0xEF7D,0xEF9D,
0xEF9D,0xF77D,0xF77D,0xEF7D,0xF79D,0xEF9D,0xEF9D,0xF79D,0xF79D,0xEF9D,0xEF9D,0xF79D,0xEF9D,0xEF9D,0xEF7D,0xEF9D,
0xEF9D,0xEF7D,0xF77D,0xEF7D,0xEF7D,0xF77D,0xF79D,0xEF9D,0xEF9D,0xEF9D,0xEF9D,0xEF9D,0xF79D,0xEF9D,0xF79D,0xF79D,
0xEF9D,0xF79D,0xEF9D,0xF77D,0xF77D,0xF77D,0xF77D,0xF77D,0xF79D,0xEF9D,0xEF7D,0xEF9D,0xEF9D,0xEF9D,0xF79D,0xEF9D,
0xEF7D,0xEF9D,0xF79D,0xF79D,0xF79D,0xEF9D,0xEF9D,0xEF9D,0xEF7D,0xEF7D,0xEF7D,0xF77D,0xEF7D,0xEF7D,0xEF7D,0xEF9D,
0xEF9D,0xEF9D,0xEF9D,0xEF7D,0xEF9D,0xEF7D,0xEF9D,0xEF9D,0xEF9D,0xF79D,0xF79D,0xF77D,0xF77D,0xF77D,0xEF9D,0xF79D,
0xEF9D,0xF77D,0xEF9D,0xF79D,0xEF9D,0xEF9D,0xEF9D,0xEF9D,0xEF9D,0xF79D,0xEF9D,0xF77D,0xF77D,0xEF7D,0xF77D,0xF77D,
0xEF7D,0xF77D,0xF77D,0xF77D,0xF77D,0xF77D,0xEF7D,0xEF7D,0xF77D,0xF77D,0xF77D,0xF77D,0xEF7D,0xEF7D,0xEF9D,0xEF7D,
0xEF7D,0xF79E,0xF79E,0xF79E,0xF79E,0xF79E,0xEF7D,0xEF7D,0xEF7D,0xEF9D,0xF79D,0xF79D,0xEF9D,0xEF7D,0xF79D,0xF79D,
0xEF9D,0xF79D,0xEF7D,0xEF9D,0xEF9D,0xF79D,0xF79D,0xEF9D,0xF77D,0xF77D,0xEF7D,0xEF7D,0xEF9D,0xEF9D,0xEF9D,0xEF9D,
0xF79D,0xF79D,0xF79D,0xEF9D,0xEF9D,0xEF7D,0xEF7D,0xEF9D,0xEF9D,0xEF9D,0xEF9D,0xEF9D,0xEF9D,0xF79D,0xEF9D,0xEF9D,
0xEF9D,0xEF9D,0xEF9D,0xEF9D,0xEF9D,0xEF7D,0xF79D,0xEF9D,0xEF9D,0xF79D,0xEF7D,0xEF7D,0xEF9D,0xEF9D,0xEF7D,0xEF9D,
0xF79D,0xEF9D,0xEF9D,0xEF7D,0xEF9D,0xF79D,0xF79D,0xF79D,0xEF9D,0xF79D,0xF79D,0xEF9D,0xF79D,0xEF9D,0xEF9D,0xEF7D,
0xF79D,0xEF9D,0xEF9D,0xEF7D,0xEF9D,0xEF7D,0xEF7D,0xEF9D,0xEF9D,0xEF7D,0xEF9D,0xEF9D,0xEF9D,0xEF9D,0xEF9D,0xEF9D,
0xEF7D,0xEF7D,0xEF9D,0xEF9D,0xEF9D,0xEF7D,0xEF7D,0xEF7D,0xEF9D,0xEF9D,0xEF9D,0xEF9D,0xEF9D,0xF79D,0xF79D,0xEF7D,
0xEF9D,0xEF9D,0xEF7D,0xEF9D,0xF79D,0xF79D,0xEF9D,0xEF7D,0xEF7D,0xF77D,0xF79D,0xEF9D,0xEF9D,0xEF9D,0xEF9D,0xEF9D,
0xF79D,0xEF9D,0xEF9D,0xEF9D,0xEF9D,0xEF9D,0xEF9D,0xEF9D,0xEF9D,0xF79D,0xF79D,0xF79D,0xEF9D,0xF79D,0xF79D,0xEF9D,
0xEF9D,0xEF9D,0xEF9D,0xEF9D,0xF79D,0xF77D,0xF77D,0xF77D,0xEF7D,0xEF9D,0xEF7D,0xEF7D,0xEF7D,0xF77D,0xEF7D,0xEF9D,
0xF79D,0xEF9D,0xEF9D,0xF79D,0xEF9D,0xF79D,0xEF9D,0xF79D,0xEF9D,0xEF9D,0xEF9D,0xEF9D,0xEF7D,0xEF7D,0xF77D,0xF77D,
0xF77D,0xF79D,0xF79D,0xEF9D,0xEF9D,0xEF9D,0xEF9D,0xF79D,0xEF9D,0xEF9D,0xF79D,0xF79D,0xF79D,0xF79D,0xEF7D,0xF77D,
0xF77D,0xEF7D,0xEF7D,0xF77D,0xEF7D,0xEF7D,0xEF7D,0xEF7D,0xEF9D,0xEF9D,0xEF7D,0xEF9D,0xEF9D,0xEF7D,0xEF9D,0xEF9D,
0xF79D,0xEF9D,0xF79D,0xF79D,0xEF7D,0xEF7D,0xF79D,0xEF9D,0xEF7D,0xEF7D,0xEF9D,0xEF9D,0xEF9D,0xEF7D,0xEF7D,0xEF7D,
0xEF7D,0xF79D,0xF79D,0xF79D,0xF79D,0xF79D,0xF77D,0xF79D,0xF79D,0xEF9D,0xF79D,0xF79D,0xF79D,0xF79D,0xEF9D,0xEF9D,
0xF79D,0xEF9D,0xF79D,0xF77D,0xF77D,0xF77D,0xF77D,0xF77D,0xEF7D,0xF77D,0xF77D,0xF77D,0xF77D,0xF79D,0xF79D,0xF77D,
0xF77D,0xF77D,0xF77D,0xF77D,0xF77D,0xF77D,0xF77D,0xEF9D,0xEF7D,0xEF9D,0xEF7D,0xEF9D,0xF79E,0xF79E,0xF79E,0xF79E,
0xF79E,0xF77D,0xF77D,0xF77D,0xF79D,0xF79D,0xF79D,0xF77D,0xF77D,0xF79D,0xEF7D,0xF79D,0xEF9D,0xEF9D,0xF79D,0xF79D,
0xEF9D,0xEF9D,0xEF7D,0xF77D,0xF79D,0xF77D,0xEF9D,0xEF9D,0xEF7D,0xEF9D,0xF79D,0xF79D,0xEF9D,0xEF7D,0xEF9D,0xF79D,
0xEF7D,0xEF9D,0xEF9D,0xEF9D,0xEF7D,0xEF9D,0xEF9D,0xF79D,0xEF9D,0xEF9D,0xEF9D,0xEF9D,0xEF9D,0xEF9D,0xEF9D,0xEF9D,
0xEF9D,0xF79D,0xEF9D,0xF79D,0xEF9D,0xEF7D,0xEF9D,0xEF9D,0xF79D,0xEF7D,0xEF7D,0xEF9D,0xEF9D,0xF79D,0xF79D,0xF79D,
0xEF9D,0xEF9D,0xEF9D,0xEF9D,0xF79D,0xEF9D,0xF79D,0xF79D,0xEF9D,0xEF9D,0xEF9D,0xF79D,0xEF9D,0xF77D,0xEF7D,0xF77D,
0xF79D,0xEF9D,0xEF9D,0xEF9D,0xEF7D,0xEF7D,0xEF9D,0xEF9D,0xEF9D,0xF79D,0xEF9D,0xEF9D,0xEF9D,0xEF9D,0xF79D,0xF79D,
0xF79D,0xEF9D,0xEF7D,0xEF9D,0xEF9D,0xEF7D,0xEF9D,0xEF9D,0xEF9D,0xEF9D,0xEF9D,0xEF9D,0xEF9D,0xEF9D,0xF79D,0xF79D,
0xEF9D,0xF79D,0xEF9D,0xEF9D,0xEF7D,0xF79D,0xF79D,0xEF9D,0xEF9D,0xEF9D,0xEF9D,0xF79D,0xEF9D,0xEF9D,0xF79D,0xF79D,
0xF79D,0xEF9D,0xF79D,0xF79D,0xEF7D,0xEF9D,0xEF9D,0xEF7D,0xF79D,0xF79D,0xEF9D,0xEF9D,0xEF7D,0xEF7D,0xEF9D,0xEF9D,
0xEF7D,0xF79D,0xF79D,0xF77D,0xF77D,0xF77D,0xF77D,0xF79D,0xF79D,0xEF9D,0xF79D,0xEF9D,0xEF9D,0xEF9D,0xEF9D,0xF79D,
0xEF9D,0xEF9D,0xEF9D,0xEF7D,0xF79D,0xEF9D,0xEF9D,0xEF7D,0xEF9D,0xEF7D,0xEF9D,0xF79D,0xF79D,0xF79D,0xEF9D,0xEF9D,
0xEF7D,0xEF7D,0xEF9D,0xEF9D,0xF79D,0xF79D,0xF79D,0xF79D,0xEF9D,0xEF9D,0xF77D,0xF77D,0xF77D,0xF79D,0xEF9D,0xEF9D,
0xEF7D,0xEF7D,0xEF7D,0xEF7D,0xEF7D,0xEF9D,0xEF9D,0xEF7D,0xEF7D,0xEF7D,0xEF9D,0xEF7D,0xEF7D,0xF77D,0xEF7D,0xEF7D,
0xF79D,0xEF9D,0xEF9D,0xEF9D,0xEF9D,0xEF9D,0xEF9D,0xEF9D,0xEF7D,0xEF9D,0xEF9D,0xEF9D,0xEF9D,0xEF9D,0xEF9D,0xF79D,
0xF79D,0xF79D,0xF79D,0xF79D,0xF79D,0xF79D,0xF79D,0xF79D,0xEF9D,0xEF9D,0xF79D,0xF79D,0xEF9D,0xF79D,0xF77D,0xF77D,
0xF77D,0xF79D,0xF79D,0xF77D,0xF79D,0xF79D,0xF79D,0xF79D,0xF79D,0xF77D,0xF79D,0xF79D,0xEF7D,0xEF7D,0xEF7D,0xEF9D,
0xEF7D,0xF79D,0xEF9D,0xEF7D,0xEF9D,0xEF7D,0xEF9D,0xF79E,0xF79E,0xF79E,0xF79E,0xF79E,0xEF7D,0xF77D,0xF77D,0xF79D,
0xF79D,0xF79D,0xF79D,0xF79D,0xF79D,0xF79D,0xF79D,0xEF9D,0xEF7D,0xF79D,0xF79D,0xEF7D,0xEF7D,0xEF7D,0xF77D,0xF77D,
0xEF7D,0xEF9D,0xEF9D,0xEF9D,0xEF9D,0xF79D,0xF79D,0xEF9D,0xEF7D,0xF79D,0xEF9D,0xEF7D,0xEF9D,0xEF9D,0xEF7D,0xF79D,
0xEF7D,0xEF7D,0xEF7D,0xEF7D,0xEF9D,0xF79D,0xEF9D,0xF79D,0xF79D,0xF79D,0xF79D,0xEF9D,0xEF9D,0xEF9D,0xEF9D,0xEF7D,
0xEF9D,0xEF7D,0xEF7D,0xEF7D,0xEF7D,0xEF7D,0xEF7D,0xEF9D,0xF79D,0xF79D,0xF79D,0xF79D,0xF79D,0xF79D,0xF79D,0xEF9D,
0xEF7D,0xF79D,0xEF9D,0xEF9D,0xEF9D,0xEF9D,0xEF7D,0xEF7D,0xF77D,0xEF7D,0xF77D,0xF79D,0xEF9D,0xEF9D,0xEF9D,0xEF9D,
0xEF7D,0xEF9D,0xEF9D,0xEF9D,0xEF9D,0xEF9D,0xEF9D,0xEF9D,0xEF7D,0xEF7D,0xEF9D,0xF79D,0xF79D,0xEF7D,0xEF7D,0xEF9D,
0xEF9D,0xF79D,0xF79D,0xEF9D,0xEF7D,0xEF7D,0xEF9D,0xEF9D,0xEF9D,0xEF9D,0xEF7D,0xEF7D,0xEF9D,0xEF7D,0xEF7D,0xEF9D,
0xEF7D,0xEF9D,0xEF9D,0xEF9D,0xF79D,0xEF9D,0xEF9D,0xEF9D,0xF79D,0xEF7D,0xEF9D,0xEF9D,0xEF7D,0xEF7D,0xEF7D,0xEF7D,
0xEF7D,0xEF7D,0xEF7D,0xEF9D,0xEF9D,0xEF9D,0xEF9D,0xEF9D,0xF79D,0xF79D,0xF79D,0xEF9D,0xEF9D,0xEF9D,0xEF7D,0xEF7D,
0xEF7D,0xEF7D,0xEF9D,0xEF9D,0xEF7D,0xEF9D,0xEF9D,0xEF9D,0xF79D,0xF79D,0xEF9D,0xEF9D,0xEF9D,0xEF9D,0xEF9D,0xEF7D,
0xEF9D,0xEF9D,0xEF7D,0xEF7D,0xEF7D,0xEF7D,0xEF9D,0xEF9D,0xEF9D,0xEF9D,0xEF9D,0xEF9D,0xEF9D,0xEF9D,0xEF9D,0xF79D,
0xF79D,0xF79D,0xEF9D,0xEF9D,0xEF9D,0xEF7D,0xEF7D,0xEF7D,0xEF7D,0xEF7D,0xEF7D,0xEF7D,0xEF9D,0xEF9D,0xEF9D,0xEF9D,
0xEF9D,0xF79D,0xEF9D,0xEF7D,0xEF7D,0xEF7D,0xEF7D,0xEF7D,0xEF7D,0xEF7D,0xEF7D,0xEF9D,0xEF7D,0xEF7D,0xEF7D,0xF79D,
0xF79D,0xF79D,0xF79D,0xEF9D,0xEF9D,0xF79D,0xF79D,0xEF9D,0xEF7D,0xEF9D,0xEF9D,0xEF9D,0xEF9D,0xEF7D,0xEF9D,0xEF9D,
0xEF9D,0xF79D,0xF79D,0xF79D,0xEF9D,0xF79D,0xF79D,0xF79D,0xEF9D,0xF77D,0xF77D,0xEF7D,0xF77D,0xF77D,0xF77D,0xF77D,
0xEF7D,0xEF7D,0xF77D,0xF77D,0xF77D,0xF77D,0xF77D,0xF77D,0xEF9D,0xEF9D,0xEF9D,0xEF9D,0xEF9D,0xEF9D,0xEF7D,0xEF9D,
0xEF7D,0xEF7D,0xF79E,0xF79E,0xF79E,0xF79E,0xF79E,0xEF9D,0xEF9D,0xEF7D,0xF77D,0xF77D,0xF77D,0xF79D,0xF77D,0xF77D,
0xEF9D,0xF79D,0xF79D,0xF79D,0xF79D,0xEF9D,0xF79D,0xF77D,0xF77D,0xF77D,0xF77D,0xF77D,0xF79D,0xF79D,0xF79D,0xEF9D,
0xF79D,0xF79D,0xEF9D,0xEF9D,0xEF9D,0xEF9D,0xEF7D,0xEF7D,0xEF9D,0xF77D,0xF77D,0xF77D,0xF77D,0xF77D,0xF77D,0xF79D,
0xEF9D,0xEF7D,0xF79D,0xEF9D,0xEF9D,0xEF9D,0xF79D,0xEF9D,0xEF9D,0xEF9D,0xEF7D,0xEF7D,0xEF7D,0xEF7D,0xEF7D,0xEF9D,
0xEF9D,0xEF9D,0xEF9D,0xEF9D,0xEF9D,0xEF9D,0xF79D,0xEF9D,0xF79D,0xEF9D,0xEF9D,0xEF9D,0xEF9D,0xEF9D,0xEF9D,0xF79D,
0xF77D,0xF77D,0xF79D,0xF77D,0xEF7D,0xF77D,0xEF7D,0xEF9D,0xEF9D,0xF79D,0xEF9D,0xEF7D,0xEF9D,0xEF9D,0xEF9D,0xF79D,
0xEF9D,0xEF9D,0xEF9D,0xEF9D,0xF79D,0xEF7D,0xEF7D,0xEF9D,0xEF9D,0xEF9D,0xEF9D,0xEF9D,0xF79D,0xF79D,0xF79D,0xEF9D,
0xEF9D,0xEF7D,0xEF9D,0xEF9D,0xEF9D,0xEF9D,0xEF9D,0xEF7D,0xEF9D,0xEF9D,0xF79D,0xEF7D,0xEF7D,0xEF9D,0xEF9D,0xEF9D,
0xEF9D,0xEF9D,0xEF9D,0xEF9D,0xEF9D,0xEF7D,0xF79D,0xF79D,0xEF7D,0xEF9D,0xEF9D,0xEF9D,0xEF7D,0xEF7D,0xEF9D,0xEF9D,
0xF79D,0xEF9D,0xF79D,0xF79D,0xEF9D,0xF79D,0xEF9D,0xEF9D,0xEF9D,0xEF7D,0xEF9D,0xEF9D,0xEF9D,0xEF7D,0xEF9D,0xEF9D,
0xEF9D,0xEF9D,0xF79D,0xF79D,0xF79D,0xEF9D,0xEF9D,0xEF9D,0xEF9D,0xEF9D,0xEF9D,0xEF7D,0xEF7D,0xEF7D,0xEF9D,0xEF7D,
0xEF7D,0xEF9D,0xEF9D,0xEF9D,0xF79D,0xF79D,0xEF9D,0xEF9D,0xEF9D,0xF79D,0xF79D,0xEF9D,0xEF9D,0xEF7D,0xEF9D,0xEF9D,
0xEF9D,0xEF7D,0xEF7D,0xEF7D,0xEF7D,0xEF9D,0xEF9D,0xF79D,0xF79D,0xF79D,0xEF9D,0xF79D,0xEF9D,0xEF9D,0xEF9D,0xEF9D,
0xEF7D,0xEF7D,0xF77D,0xEF7D,0xEF7D,0xEF7D,0xEF7D,0xEF7D,0xEF9D,0xEF9D,0xEF7D,0xF79D,0xF79D,0xEF9D,0xEF9D,0xF79D,
0xF79D,0xEF9D,0xEF7D,0xEF7D,0xEF9D,0xEF9D,0xEF9D,0xF79D,0xEF7D,0xEF9D,0xF79D,0xEF9D,0xF79D,0xF79D,0xEF9D,0xEF9D,
0xF79D,0xF79D,0xEF9D,0xEF7D,0xF79D,0xF79D,0xF79D,0xF79D,0xF77D,0xEF7D,0xF77D,0xEF7D,0xEF7D,0xF79D,0xF77D,0xF77D,
0xF79D,0xF77D,0xF79D,0xF79D,0xF79D,0xF79D,0xF79D,0xEF9D,0xEF9D,0xEF9D,0xEF7D,0xEF7D,0xEF7D,0xF79E,0xF79E,0xF79E,
0xF79E,0xF79E,0xEF9D,0xEF7D,0xF79D,0xF77D,0xF77D,0xF77D,0xF79D,0xF79D,0xF79D,0xF79D,0xF79D,0xF79D,0xEF9D,0xEF9D,
0xF79D,0xF79D,0xF79D,0xF77D,0xF79D,0xF79D,0xF79D,0xEF9D,0xEF9D,0xEF7D,0xF79D,0xEF9D,0xF79D,0xF79D,0xF79D,0xEF9D,
0xEF9D,0xEF9D,0xEF9D,0xEF9D,0xF77D,0xF77D,0xF77D,0xF77D,0xF77D,0xF77D,0xF79D,0xF79D,0xEF7D,0xF79D,0xEF9D,0xEF9D,
0xEF9D,0xF79D,0xEF9D,0xEF9D,0xEF9D,0xEF9D,0xEF9D,0xEF9D,0xEF9D,0xEF9D,0xEF7D,0xEF7D,0xEF9D,0xEF9D,0xF79D,0xF79D,
0xF79D,0xEF9D,0xEF9D,0xEF9D,0xEF9D,0xF79D,0xEF9D,0xEF9D,0xEF9D,0xEF9D,0xF79D,0xF77D,0xF77D,0xF77D,0xF79D,0xF77D,
0xF79D,0xF79D,0xEF9D,0xF79D,0xF79D,0xF79D,0xEF9D,0xEF7D,0xEF9D,0xEF9D,0xEF9D,0xEF9D,0xEF7D,0xEF7D,0xF79D,0xF79D,
0xEF9D,0xEF9D,0xEF9D,0xEF9D,0xEF7D,0xEF9D,0xF79D,0xF79D,0xF79D,0xF79D,0xF79D,0xF79D,0xEF9D,0xEF9D,0xF79D,0xEF9D,
0xF79D,0xF79D,0xEF9D,0xEF9D,0xEF9D,0xF79D,0xF79D,0xEF9D,0xEF9D,0xEF9D,0xEF9D,0xEF9D,0xEF9D,0xEF9D,0xEF9D,0xF79D,
0xEF9D,0xEF9D,0xEF9D,0xEF9D,0xF79D,0xEF9D,0xEF7D,0xEF9D,0xEF9D,0xEF9D,0xEF9D,0xEF9D,0xEF9D,0xEF9D,0xF79D,0xEF9D,
0xEF9D,0xEF9D,0xEF9D,0xEF7D,0xEF7D,0xEF9D,0xF79D,0xEF9D,0xEF9D,0xEF9D,0xEF9D,0xEF7D,0xF79D,0xF79D,0xF79D,0xEF9D,
0xEF9D,0xEF9D,0xEF9D,0xEF9D,0xEF9D,0xEF9D,0xEF9D,0xEF9D,0xEF9D,0xF79D,0xEF9D,0xEF9D,0xF79D,0xEF9D,0xEF9D,0xEF9D,
0xEF9D,0xEF9D,0xEF9D,0xEF9D,0xF79D,0xEF9D,0xEF9D,0xEF9D,0xF79D,0xEF9D,0xEF9D,0xF79D,0xEF9D,0xEF7D,0xEF9D,0xEF9D,
0xEF9D,0xF79D,0xF79D,0xF79D,0xF79D,0xF79D,0xF79D,0xEF9D,0xEF9D,0xEF9D,0xEF9D,0xF79D,0xF79D,0xF77D,0xF77D,0xF77D,
0xEF7D,0xEF9D,0xEF9D,0xEF9D,0xEF9D,0xEF9D,0xEF9D,0xEF9D,0xEF9D,0xEF9D,0xF79D,0xF79D,0xF79D,0xEF9D,0xEF9D,0xEF9D,
0xEF9D,0xEF9D,0xF79D,0xF79D,0xF79D,0xF79D,0xEF9D,0xF79D,0xF79D,0xF79D,0xEF9D,0xF79D,0xF79D,0xF79D,0xEF9D,0xF79D,
0xF77D,0xF77D,0xF79D,0xF79D,0xF77D,0xF77D,0xF79D,0xF79D,0xF79D,0xF79D,0xF79D,0xF79D,0xF79D,0xF79D,0xF79D,0xF79D,
0xF79D,0xF79D,0xEF9D,0xEF7D,0xEF7D,0xEF9D,0xEF7D,0xEF7D,0xF79E,0xF79E,0xF79E,0xF79E,0xF79E,0xEF7D,0xEF7D,0xEF9D,
0xF79D,0xF79D,0xF79D,0xF79D,0xF79D,0xEF9D,0xF79D,0xF79D,0xF79D,0xF79D,0xEF9D,0xEF9D,0xF79D,0xF79D,0xF79D,0xF79D,
0xF79D,0xEF9D,0xEF9D,0xF79D,0xEF7D,0xEF9D,0xF79D,0xEF9D,0xEF9D,0xEF9D,0xEF9D,0xEF9D,0xEF9D,0xF79D,0xF79D,0xF79D,
0xF79D,0xF79D,0xF79D,0xEF9D,0xF79D,0xF79D,0xEF9D,0xEF9D,0xEF9D,0xEF7D,0xEF9D,0xEF9D,0xEF9D,0xEF9D,0xEF9D,0xEF7D,
0xEF9D,0xEF9D,0xEF9D,0xEF7D,0xEF7D,0xEF7D,0xF79D,0xEF9D,0xEF9D,0xF79D,0xEF9D,0xEF9D,0xEF9D,0xF79D,0xEF9D,0xF79D,
0xF79D,0xF77D,0xEF7D,0xEF9D,0xEF9D,0xF79D,0xEF9D,0xEF9D,0xEF7D,0xEF9D,0xEF9D,0xF79D,0xF79D,0xEF9D,0xF79D,0xF79D,
0xEF9D,0xEF7D,0xEF9D,0xEF9D,0xEF7D,0xEF7D,0xEF7D,0xEF9D,0xEF9D,0xEF9D,0xEF7D,0xEF9D,0xF79D,0xEF9D,0xF79D,0xEF9D,
0xEF9D,0xEF9D,0xF79D,0xF79D,0xEF9D,0xF79D,0xEF9D,0xEF9D,0xEF9D,0xF79D,0xF79D,0xEF9D,0xEF9D,0xEF9D,0xEF9D,0xEF7D,
0xF79D,0xF79D,0xEF7D,0xEF9D,0xEF9D,0xEF9D,0xF79D,0xEF9D,0xEF9D,0xEF9D,0xEF9D,0xEF9D,0xEF9D,0xEF9D,0xEF9D,0xEF9D,
0xEF9D,0xEF9D,0xEF9D,0xEF9D,0xEF9D,0xEF7D,0xEF7D,0xEF9D,0xEF9D,0xEF9D,0xEF7D,0xEF9D,0xEF7D,0xEF9D,0xEF9D,0xEF9D,
0xEF9D,0xF79D,0xF79D,0xF79D,0xEF9D,0xF79D,0xEF9D,0xF79D,0xEF9D,0xEF9D,0xEF9D,0xEF9D,0xEF9D,0xEF7D,0xEF7D,0xEF9D,
0xEF9D,0xEF9D,0xEF9D,0xEF9D,0xF79D,0xF79D,0xEF9D,0xEF9D,0xEF9D,0xEF9D,0xEF9D,0xEF9D,0xEF9D,0xEF9D,0xF79D,0xEF9D,
0xEF9D,0xF79D,0xEF9D,0xEF9D,0xEF9D,0xEF9D,0xEF7D,0xEF9D,0xEF7D,0xEF9D,0xEF9D,0xEF9D,0xEF9D,0xEF9D,0xEF9D,0xEF9D,
0xF79D,0xF79D,0xF79D,0xF79D,0xF79D,0xF79D,0xF79D,0xEF9D,0xEF9D,0xF79D,0xEF9D,0xEF9D,0xF79D,0xF79D,0xEF9D,0xEF9D,
0xEF9D,0xEF9D,0xF79D,0xF79D,0xEF7D,0xEF7D,0xF79D,0xF79D,0xF79D,0xEF9D,0xF79D,0xF79D,0xF79D,0xF79D,0xF79D,0xEF9D,
0xEF9D,0xEF7D,0xEF9D,0xF79D,0xF79D,0xEF9D,0xF79D,0xF79D,0xF79D,0xEF9D,0xF77D,0xF79D,0xF79D,0xF79D,0xEF9D,0xEF9D,
0xF79D,0xF79D,0xF79D,0xF79D,0xF79D,0xEF9D,0xEF9D,0xF79D,0xF79D,0xEF9D,0xEF9D,0xEF9D,0xEF9D,0xEF9D,0xEF7D,0xEF7D,
0xEF7D,0xEF7D,0xEF9D,0xF79E,0xF79E,0xF79E,0xF79E,0xF79E,0xEF9D,0xEF9D,0xF79D,0xF79D,0xF79D,0xEF9D,0xF79D,0xF79D,
0xF79D,0xF79D,0xF79D,0xF79D,0xF79D,0xEF9D,0xEF9D,0xF79D,0xF79D,0xF79D,0xF79D,0xF79D,0xEF9D,0xEF9D,0xEF9D,0xEF9D,
0xEF9D,0xF79D,0xF79D,0xEF9D,0xEF7D,0xEF9D,0xEF9D,0xEF9D,0xEF9D,0xEF9D,0xEF9D,0xEF9D,0xEF9D,0xF79D,0xEF9D,0xF79D,
0xF79D,0xEF7D,0xEF9D,0xEF9D,0xEF7D,0xEF9D,0xEF9D,0xEF9D,0xEF9D,0xEF7D,0xEF9D,0xEF7D,0xEF9D,0xEF9D,0xEF9D,0xEF7D,
0xEF7D,0xF79D,0xF79D,0xEF9D,0xEF9D,0xEF9D,0xEF9D,0xEF9D,0xF79D,0xF79D,0xF79D,0xF77D,0xF77D,0xEF9D,0xF79D,0xEF9D,
0xF79D,0xEF9D,0xEF7D,0xEF9D,0xEF9D,0xF79D,0xF79D,0xF79D,0xEF9D,0xF79D,0xF79D,0xEF9D,0xEF9D,0xEF9D,0xEF9D,0xEF7D,
0xEF7D,0xEF7D,0xEF9D,0xF79D,0xEF9D,0xEF7D,0xEF7D,0xEF9D,0xEF9D,0xEF9D,0xEF9D,0xEF9D,0xF79D,0xF79D,0xEF9D,0xEF9D,
0xF79D,0xF79D,0xEF9D,0xEF7D,0xEF9D,0xEF9D,0xEF9D,0xEF9D,0xEF9D,0xF79D,0xEF9D,0xF77D,0xEF9D,0xEF9D,0xEF9D,0xEF9D,
0xEF7D,0xEF9D,0xEF9D,0xEF9D,0xEF9D,0xEF7D,0xEF7D,0xEF9D,0xEF7D,0xEF9D,0xEF9D,0xEF9D,0xEF9D,0xEF9D,0xEF9D,0xEF9D,
0xF79D,0xF79D,0xEF9D,0xEF9D,0xEF9D,0xF79D,0xF79D,0xF79D,0xEF7D,0xEF9D,0xEF7D,0xEF9D,0xEF9D,0xEF9D,0xEF9D,0xF79D,
0xF79D,0xEF9D,0xF79D,0xEF9D,0xEF7D,0xEF9D,0xF79D,0xEF9D,0xEF9D,0xEF7D,0xEF9D,0xEF7D,0xEF7D,0xEF9D,0xEF7D,0xEF7D,
0xF79D,0xF79D,0xEF9D,0xF79D,0xF79D,0xF79D,0xEF9D,0xEF9D,0xEF9D,0xEF9D,0xEF9D,0xEF9D,0xEF9D,0xEF9D,0xEF9D,0xEF7D,
0xF79D,0xEF7D,0xEF7D,0xEF7D,0xEF7D,0xEF9D,0xEF9D,0xEF9D,0xEF9D,0xEF9D,0xEF9D,0xEF9D,0xF79D,0xEF9D,0xEF9D,0xF79D,
0xF79D,0xEF9D,0xEF9D,0xEF9D,0xEF9D,0xEF9D,0xEF9D,0xF79D,0xF79D,0xEF9D,0xEF9D,0xEF9D,0xEF9D,0xF79D,0xF79D,0xEF7D,
0xEF7D,0xEF9D,0xEF7D,0xEF9D,0xEF9D,0xF79D,0xF79D,0xF79D,0xF79D,0xEF9D,0xF79D,0xEF9D,0xEF9D,0xF79D,0xF79D,0xF79D,
0xF79D,0xF79D,0xF79D,0xF79D,0xF79D,0xEF7D,0xEF7D,0xEF7D,0xEF7D,0xEF7D,0xEF7D,0xF77D,0xF79D,0xF79D,0xF79D,0xF79D,
0xEF9D,0xF79D,0xF79D,0xF79D,0xF79D,0xF79D,0xF79D,0xEF9D,0xEF7D,0xEF7D,0xEF9D,0xEF7D,0xEF7D,0xEF7D,0xF79E,0xF79E,
0xF79E,0xF79E,0xF79E,0xEF9D,0xEF9D,0xF79D,0xF79D,0xF79D,0xF79D,0xF79D,0xF79D,0xF79D,0xEF9D,0xF79D,0xF79D,0xF79D,
0xF79D,0xEF9D,0xEF9D,0xF79D,0xF79D,0xEF9D,0xEF7D,0xEF9D,0xEF9D,0xEF9D,0xF79D,0xF79D,0xF79D,0xF79D,0xF79D,0xEF9D,
0xEF9D,0xEF9D,0xEF7D,0xEF7D,0xEF9D,0xEF9D,0xF79D,0xF79D,0xEF9D,0xEF9D,0xEF9D,0xEF9D,0xF79D,0xEF9D,0xEF9D,0xEF9D,
0xEF9D,0xEF9D,0xEF9D,0xF79D,0xEF9D,0xEF9D,0xEF7D,0xEF9D,0xEF9D,0xF79D,0xF79D,0xEF9D,0xEF9D,0xEF9D,0xF79D,0xF79D,
0xF79D,0xF79D,0xEF9D,0xF79D,0xF79D,0xF77D,0xF77D,0xF77D,0xEF9D,0xEF9D,0xEF9D,0xF79D,0xEF9D,0xEF9D,0xEF9D,0xEF9D,
0xF79D,0xF79D,0xF79D,0xEF9D,0xEF9D,0xF79D,0xEF9D,0xF79D,0xEF9D,0xEF7D,0xEF9D,0xEF7D,0xEF9D,0xEF9D,0xEF9D,0xF79D,
0xF79D,0xF79D,0xF79D,0xEF9D,0xEF9D,0xEF9D,0xEF9D,0xEF9D,0xF79D,0xF79D,0xF79D,0xF79D,0xF79D,0xEF9D,0xEF9D,0xEF9D,
0xEF9D,0xEF9D,0xEF9D,0xF79D,0xF79D,0xF79D,0xF79D,0xEF9D,0xEF9D,0xEF9D,0xEF9D,0xF79D,0xEF9D,0xEF9D,0xEF9D,0xEF9D,
0xEF7D,0xEF9D,0xEF9D,0xEF7D,0xEF7D,0xEF9D,0xEF9D,0xEF9D,0xEF9D,0xEF9D,0xF79D,0xF79D,0xF79D,0xF79D,0xEF9D,0xEF9D,
0xEF9D,0xF79D,0xF79D,0xEF9D,0xEF9D,0xEF9D,0xEF9D,0xF79D,0xEF9D,0xF79D,0xF79D,0xF79D,0xEF9D,0xF79D,0xEF9D,0xEF9D,
0xF79D,0xF79D,0xEF9D,0xF79D,0xF79D,0xEF9D,0xEF7D,0xEF9D,0xEF9D,0xEF9D,0xEF9D,0xEF9D,0xF79D,0xF79D,0xF79D,0xF79D,
0xF79D,0xF79D,0xF79D,0xEF9D,0xEF9D,0xF79D,0xF79D,0xEF9D,0xF79D,0xF79D,0xEF9D,0xEF9D,0xF79D,0xEF7D,0xEF7D,0xEF7D,
0xEF9D,0xEF7D,0xEF9D,0xEF9D,0xEF9D,0xEF9D,0xEF9D,0xF79D,0xEF9D,0xEF9D,0xEF9D,0xEF9D,0xEF9D,0xEF9D,0xEF9D,0xEF9D,
0xEF9D,0xEF9D,0xF79D,0xF79D,0xEF9D,0xEF9D,0xEF9D,0xF79D,0xF79D,0xF79D,0xF79D,0xF79D,0xEF9D,0xEF7D,0xEF9D,0xF79D,
0xF79D,0xF79D,0xF79D,0xF79D,0xF79D,0xF79D,0xF79D,0xF79D,0xF79D,0xF79D,0xF79D,0xF79D,0xF79D,0xF79D,0xF79D,0xEF9D,
0xEF9D,0xEF9D,0xEF9D,0xEF9D,0xEF9D,0xF77D,0xF79D,0xF79D,0xF79D,0xF79D,0xF79D,0xEF9D,0xEF9D,0xF79D,0xF79D,0xEF9D,
0xEF9D,0xEF9D,0xEF9D,0xEF9D,0xEF9D,0xEF9D,0xEF7D,0xEF7D,0xEF7D,0xF79E,0xF79E,0xF79E,0xF79E,0xF79E,0xEF9D,0xEF9D,
0xEF9D,0xEF9D,0xEF9D,0xF79D,0xF79D,0xEF7D,0xEF7D,0xEF9D,0xF79D,0xF79D,0xF79D,0xF79D,0xEF9D,0xEF9D,0xF79D,0xEF9D,
0xEF9D,0xEF9D,0xEF9D,0xEF9D,0xEF9D,0xF79D,0xF79D,0xF79D,0xF79D,0xF79D,0xEF7D,0xEF7D,0xEF7D,0xEF7D,0xEF7D,0xEF9D,
0xEF9D,0xEF9D,0xEF9D,0xF79D,0xEF9D,0xEF9D,0xF79D,0xF79D,0xF79D,0xEF9D,0xEF9D,0xEF9D,0xEF9D,0xEF9D,0xF79D,0xF79D,
0xEF9D,0xEF7D,0xEF7D,0xF79D,0xEF9D,0xEF9D,0xEF9D,0xF79D,0xF79D,0xEF9D,0xEF9D,0xEF9D,0xF79D,0xF79D,0xF79D,0xF79D,
0xEF9D,0xEF9D,0xF79D,0xF77D,0xEF7D,0xF77D,0xF79D,0xEF9D,0xEF9D,0xF79D,0xF79D,0xF79D,0xF79D,0xF79D,0xEF9D,0xF79D,
0xF79D,0xEF9D,0xEF9D,0xEF9D,0xEF9D,0xEF9D,0xEF7D,0xEF7D,0xEF9D,0xEF9D,0xEF9D,0xEF9D,0xF79D,0xF79D,0xF79D,0xF79D,
0xF79D,0xF79D,0xF79D,0xEF9D,0xF79D,0xF79D,0xEF9D,0xEF9D,0xEF9D,0xEF9D,0xEF9D,0xEF9D,0xEF7D,0xF79D,0xF79D,0xEF9D,
0xEF9D,0xF79D,0xEF9D,0xEF9D,0xF79D,0xEF9D,0xF79D,0xEF9D,0xEF9D,0xEF9D,0xEF9D,0xEF9D,0xF79D,0xEF9D,0xEF9D,0xEF9D,
0xF79D,0xF79D,0xF79D,0xF79D,0xF79D,0xF79D,0xF79D,0xF79D,0xEF9D,0xF79D,0xF79D,0xEF9D,0xF79D,0xF79D,0xEF9D,0xEF9D,
0xEF9D,0xEF9D,0xEF9D,0xEF7D,0xEF9D,0xF79D,0xF79D,0xEF9D,0xEF9D,0xEF9D,0xEF9D,0xF79D,0xEF9D,0xEF7D,0xEF9D,0xEF9D,
0xEF9D,0xEF9D,0xEF7D,0xEF7D,0xF79D,0xF79D,0xF77D,0xF77D,0xF79D,0xF79D,0xF79D,0xF77D,0xF79D,0xF79D,0xEF9D,0xEF9D,
0xEF7D,0xEF7D,0xEF9D,0xEF7D,0xEF7D,0xEF9D,0xF79D,0xEF9D,0xEF9D,0xF79D,0xEF9D,0xEF9D,0xEF9D,0xEF9D,0xF79D,0xEF9D,
0xEF9D,0xEF9D,0xEF9D,0xEF9D,0xEF9D,0xEF9D,0xF79D,0xF79D,0xF79D,0xEF7D,0xEF7D,0xF79D,0xF79D,0xF79D,0xF79D,0xF79D,
0xEF9D,0xEF9D,0xF79D,0xF79D,0xF79D,0xF79D,0xF79D,0xF79D,0xEF9D,0xEF9D,0xEF7D,0xEF9D,0xEF9D,0xF79D,0xF79D,0xF79D,
0xF79D,0xF79D,0xEF9D,0xF79D,0xF79D,0xEF9D,0xF79D,0xF79D,0xF79D,0xF79D,0xEF9D,0xEF9D,0xEF9D,0xEF9D,0xF79D,0xF79D,
0xF79D,0xF77D,0xF79D,0xF79D,0xF79D,0xF79D,0xF79D,0xF79D,0xF79D,0xF79D,0xEF7D,0xEF7D,0xF77D,0xF77D,0xEF7D,0xEF9D,
0xEF9D,0xEF9D,0xEF7D,0xEF7D,0xF79E,0xF79E,0xF79E,0xF79E,0xF79E,0xEF9D,0xEF9D,0xF79D,0xF79D,0xF79D,0xF79D,0xF79D,
0xEF9D,0xEF9D,0xF79D,0xF79D,0xEF9D,0xF79D,0xF79D,0xF79D,0xEF9D,0xEF9D,0xF79D,0xF79D,0xEF9D,0xEF9D,0xEF9D,0xEF9D,
0xEF9D,0xEF7D,0xEF9D,0xEF9D,0xEF9D,0xEF9D,0xEF7D,0xEF9D,0xEF9D,0xEF9D,0xEF9D,0xEF9D,0xEF9D,0xF79D,0xEF9D,0xF79D,
0xEF7D,0xEF9D,0xEF7D,0xEF9D,0xEF9D,0xEF7D,0xEF7D,0xF79D,0xF79D,0xF79D,0xEF9D,0xEF9D,0xF79D,0xF79D,0xF79D,0xEF9D,
0xEF9D,0xEF9D,0xEF9D,0xF79D,0xF79D,0xEF9D,0xEF9D,0xEF9D,0xEF9D,0xF79D,0xEF9D,0xEF9D,0xEF9D,0xEF9D,0xF77D,0xF77D,
0xF77D,0xF77D,0xEF9D,0xEF9D,0xF79D,0xEF9D,0xF79D,0xEF7D,0xEF7D,0xEF9D,0xEF9D,0xF79D,0xEF9D,0xEF9D,0xEF9D,0xEF9D,
0xEF9D,0xEF9D,0xEF7D,0xEF9D,0xEF9D,0xEF9D,0xEF9D,0xF79D,0xEF9D,0xEF7D,0xEF9D,0xEF9D,0xF79D,0xF79D,0xEF9D,0xF79D,
0xEF9D,0xEF9D,0xEF9D,0xEF9D,0xEF9D,0xEF9D,0xEF9D,0xEF9D,0xEF9D,0xEF7D,0xEF9D,0xEF9D,0xEF9D,0xEF9D,0xEF7D,0xEF9D,
0xEF9D,0xEF9D,0xEF9D,0xEF9D,0xEF9D,0xEF9D,0xF79D,0xF79D,0xEF9D,0xEF9D,0xEF9D,0xEF9D,0xEF9D,0xEF9D,0xF79D,0xF79D,
0xEF9D,0xEF9D,0xEF9D,0xF79D,0xF79D,0xF79D,0xF79D,0xF79D,0xF79D,0xEF9D,0xEF9D,0xEF9D,0xF79D,0xF79D,0xEF9D,0xEF7D,
0xEF9D,0xEF9D,0xEF9D,0xEF9D,0xEF9D,0xEF9D,0xEF9D,0xEF9D,0xEF9D,0xF79D,0xF79D,0xF79D,0xF79D,0xEF9D,0xEF9D,0xF79D,
0xEF7D,0xEF7D,0xEF7D,0xF79D,0xF79D,0xEF9D,0xEF7D,0xF79D,0xEF9D,0xEF9D,0xF79D,0xF79D,0xEF9D,0xEF9D,0xEF7D,0xEF7D,
0xEF7D,0xEF7D,0xEF9D,0xEF7D,0xEF9D,0xEF9D,0xEF9D,0xEF9D,0xEF9D,0xEF7D,0xEF7D,0xEF9D,0xEF9D,0xEF9D,0xEF9D,0xF79D,
0xF79D,0xEF9D,0xF79D,0xEF9D,0xEF9D,0xEF9D,0xF79D,0xF77D,0xEF7D,0xF77D,0xF79D,0xEF9D,0xEF9D,0xF79D,0xF79D,0xF79D,
0xF79D,0xF79D,0xF79D,0xF79D,0xF79D,0xEF9D,0xF79D,0xEF9D,0xF79D,0xF79D,0xF79D,0xF79D,0xEF7D,0xEF9D,0xF79D,0xF79D,
0xEF9D,0xF79D,0xF79D,0xF79D,0xF79D,0xF79D,0xF79D,0xF79D,0xEF9D,0xF79D,0xF79D,0xF77D,0xEF7D,0xF79D,0xF79D,0xF79D,
0xF79D,0xEF9D,0xEF9D,0xEF7D,0xEF7D,0xEF7D,0xF77D,0xF77D,0xF77D,0xF77D,0xEF7D,0xEF7D,0xEF9D,0xEF7D,0xEF7D,0xF79E,
0xF79E,0xF79E,0xF79E,0xF79E,0xEF9D,0xEF9D,0xF79D,0xF79D,0xF79D,0xF79D,0xF79D,0xF79D,0xF79D,0xEF9D,0xEF9D,0xEF9D,
0xF79D,0xF79D,0xF79D,0xF79D,0xF79D,0xF79D,0xF79D,0xF79D,0xF79D,0xF79D,0xF79D,0xF79D,0xEF9D,0xF79D,0xF79D,0xF79D,
0xEF9D,0xF79D,0xEF7D,0xEF9D,0xEF7D,0xEF9D,0xF79D,0xF79D,0xF79D,0xF79D,0xF79D,0xF79D,0xF79D,0xEF9D,0xEF9D,0xF79D,
0xEF9D,0xF79D,0xEF9D,0xF79D,0xEF9D,0xEF9D,0xEF9D,0xF79D,0xF79D,0xEF9D,0xEF9D,0xF79D,0xF79D,0xF79D,0xF79D,0xF79D,
0xF79D,0xF79D,0xF79D,0xEF9D,0xF79D,0xF79D,0xF79D,0xEF9D,0xEF9D,0xF79D,0xF77D,0xF77D,0xEF7D,0xEF9D,0xEF9D,0xEF9D,
0xF79D,0xF79D,0xF79D,0xF79D,0xF79D,0xEF9D,0xF79D,0xF79D,0xEF9D,0xEF9D,0xEF7D,0xEF9D,0xEF9D,0xEF7D,0xEF7D,0xF79D,
0xF79D,0xF79D,0xF79D,0xF79D,0xEF9D,0xEF9D,0xF79D,0xF79D,0xF79D,0xF79D,0xEF9D,0xEF9D,0xEF9D,0xEF9D,0xEF9D,0xEF9D,
0xEF7D,0xF79D,0xEF9D,0xEF9D,0xEF9D,0xF79D,0xEF9D,0xF79D,0xF79D,0xF79D,0xF79D,0xEF9D,0xF79D,0xEF7D,0xEF9D,0xF79D,
0xEF9D,0xEF9D,0xEF7D,0xEF9D,0xEF9D,0xEF9D,0xF79D,0xF79D,0xF79D,0xF79D,0xF79D,0xF79D,0xF79D,0xF79D,0xF79D,0xF79D,
0xEF9D,0xEF9D,0xEF9D,0xEF9D,0xEF7D,0xEF9D,0xEF9D,0xEF9D,0xF79D,0xF79D,0xEF9D,0xEF9D,0xEF9D,0xF79D,0xF79D,0xF79D,
0xEF9D,0xEF7D,0xEF9D,0xEF9D,0xF79D,0xF79D,0xEF9D,0xEF9D,0xF79D,0xF79D,0xEF9D,0xEF9D,0xEF9D,0xF79D,0xF79D,0xF79D,
0xF79D,0xF79D,0xF79D,0xF79D,0xEF9D,0xEF9D,0xEF9D,0xEF9D,0xEF9D,0xEF9D,0xEF9D,0xEF7D,0xEF7D,0xEF9D,0xEF9D,0xF79D,
0xEF9D,0xEF9D,0xEF9D,0xEF9D,0xEF7D,0xEF9D,0xEF9D,0xEF9D,0xEF9D,0xF79D,0xEF9D,0xEF9D,0xEF9D,0xEF9D,0xEF9D,0xEF9D,
0xEF9D,0xF79D,0xF79D,0xF79D,0xF79D,0xF79D,0xF79D,0xF79D,0xF79D,0xF79D,0xF79D,0xF79D,0xF79D,0xF77D,0xEF7D,0xEF9D,
0xEF9D,0xF79D,0xF79D,0xF79D,0xF79D,0xF79D,0xF79D,0xF79D,0xF79D,0xF79D,0xF79D,0xF79D,0xEF9D,0xF79D,0xEF9D,0xEF9D,
0xEF7D,0xEF9D,0xEF9D,0xEF9D,0xEF7D,0xEF9D,0xF79D,0xF79D,0xF79D,0xF79D,0xF79D,0xF79D,0xF79D,0xEF9D,0xEF9D,0xEF9D,
0xF79D,0xF77D,0xF77D,0xEF7D,0xEF7D,0xEF7D,0xEF7D,0xEF9D,0xEF7D,0xEF7D,0xF79E,0xF79E,0xF79E,0xF79E,0xF79E,0xEF9D,
0xEF9D,0xEF9D,0xF79D,0xEF9D,0xF79D,0xF79D,0xF79D,0xF79D,0xEF9D,0xEF7D,0xEF9D,0xF79D,0xF79D,0xF79D,0xF79D,0xF79D,
0xEF9D,0xF79D,0xF79D,0xEF9D,0xEF9D,0xF79D,0xF79D,0xEF7D,0xEF7D,0xEF9D,0xF79D,0xEF9D,0xEF9D,0xEF9D,0xEF7D,0xEF7D,
0xEF7D,0xEF7D,0xEF9D,0xEF9D,0xF79D,0xF79D,0xF79D,0xF79D,0xF79D,0xEF9D,0xF79D,0xF79D,0xEF9D,0xF79D,0xF79D,0xEF7D,
0xEF9D,0xF79D,0xEF7D,0xEF9D,0xEF9D,0xEF9D,0xF79D,0xEF9D,0xEF9D,0xF79D,0xF79D,0xEF9D,0xEF9D,0xF79D,0xEF9D,0xEF9D,
0xEF7D,0xEF9D,0xEF9D,0xEF7D,0xF77D,0xF79D,0xF77D,0xF79D,0xEF9D,0xEF9D,0xEF9D,0xF79D,0xEF9D,0xEF9D,0xEF9D,0xEF9D,
0xEF9D,0xEF9D,0xEF9D,0xEF7D,0xEF9D,0xEF7D,0xEF9D,0xEF7D,0xEF9D,0xEF9D,0xF79D,0xF79D,0xF79D,0xF79D,0xF79D,0xF79D,
0xEF9D,0xEF9D,0xEF9D,0xF79D,0xEF9D,0xEF9D,0xEF9D,0xEF9D,0xEF9D,0xEF9D,0xEF9D,0xEF7D,0xEF7D,0xEF9D,0xEF9D,0xEF9D,
0xF79D,0xEF9D,0xEF9D,0xF79D,0xF79D,0xF79D,0xEF9D,0xEF9D,0xEF7D,0xEF9D,0xEF7D,0xEF9D,0xEF9D,0xEF9D,0xEF9D,0xEF9D,
0xEF9D,0xEF9D,0xF79D,0xF79D,0xF79D,0xF79D,0xF79D,0xF79D,0xF79D,0xEF9D,0xEF9D,0xEF9D,0xEF9D,0xEF9D,0xF79D,0xF79D,
0xEF9D,0xEF9D,0xEF9D,0xF79D,0xF79D,0xEF9D,0xEF9D,0xEF9D,0xEF9D,0xF79D,0xEF9D,0xEF9D,0xEF9D,0xEF9D,0xF79D,0xEF9D,
0xF79D,0xEF9D,0xEF9D,0xEF9D,0xF79D,0xEF9D,0xEF9D,0xEF9D,0xEF9D,0xEF9D,0xEF9D,0xF79D,0xF79D,0xF79D,0xF79D,0xEF7D,
0xEF7D,0xEF9D,0xEF9D,0xEF9D,0xEF9D,0xEF7D,0xEF7D,0xEF7D,0xEF9D,0xEF7D,0xEF9D,0xEF7D,0xEF9D,0xEF9D,0xEF9D,0xEF7D,
0xEF9D,0xEF9D,0xEF9D,0xEF9D,0xEF7D,0xEF7D,0xEF9D,0xF79D,0xF79D,0xF79D,0xF79D,0xEF9D,0xEF9D,0xEF9D,0xEF9D,0xEF9D,
0xF79D,0xF79D,0xF79D,0xEF9D,0xEF9D,0xF79D,0xEF9D,0xEF9D,0xF77D,0xEF7D,0xEF9D,0xEF9D,0xF79D,0xF79D,0xF79D,0xF79D,
0xEF9D,0xEF9D,0xF79D,0xF79D,0xF79D,0xF79D,0xF79D,0xF79D,0xF79D,0xF79D,0xEF9D,0xEF9D,0xEF9D,0xF79D,0xF79D,0xEF9D,
0xEF9D,0xEF9D,0xF79D,0xEF9D,0xEF9D,0xEF9D,0xEF9D,0xEF9D,0xEF9D,0xF79D,0xEF9D,0xEF9D,0xF79D,0xF79D,0xF77D,0xF77D,
0xEF9D,0xEF7D,0xEF7D,0xEF7D,0xEF9D,0xF79E,0xF79E,0xF79E,0xF79E,0xF79E,0xEF9D,0xEF9D,0xF79D,0xF79D,0xF79D,0xEF9D,
0xF79D,0xF79D,0xF79D,0xEF9D,0xEF9D,0xEF9D,0xF79D,0xF79D,0xF79D,0xEF9D,0xF79D,0xF79D,0xEF9D,0xEF9D,0xEF9D,0xEF9D,
0xF79D,0xF79D,0xF79D,0xF79D,0xF79D,0xEF9D,0xEF9D,0xEF9D,0xEF9D,0xEF9D,0xEF9D,0xF79D,0xEF9D,0xEF7D,0xEF9D,0xEF9D,
0xEF9D,0xEF9D,0xEF9D,0xEF9D,0xEF9D,0xEF9D,0xF79D,0xEF9D,0xF79D,0xEF9D,0xEF9D,0xEF9D,0xEF9D,0xEF9D,0xF79D,0xF79D,
0xEF9D,0xEF9D,0xEF9D,0xEF9D,0xEF9D,0xEF9D,0xEF9D,0xEF7D,0xEF9D,0xEF9D,0xEF9D,0xEF7D,0xEF9D,0xEF9D,0xEF9D,0xEF9D,
0xF79D,0xF79D,0xF79D,0xF79D,0xEF9D,0xEF9D,0xEF9D,0xEF9D,0xEF9D,0xEF9D,0xF79D,0xEF9D,0xEF9D,0xEF9D,0xEF7D,0xF79D,
0xEF9D,0xEF9D,0xEF9D,0xEF9D,0xEF9D,0xEF9D,0xEF9D,0xEF9D,0xEF9D,0xEF9D,0xEF9D,0xEF9D,0xEF9D,0xEF9D,0xF79D,0xF79D,
0xEF9D,0xEF9D,0xF79D,0xF79D,0xEF9D,0xEF9D,0xEF9D,0xEF9D,0xEF7D,0xEF9D,0xEF9D,0xEF9D,0xEF9D,0xEF9D,0xEF9D,0xEF9D,
0xEF9D,0xF79D,0xEF9D,0xEF7D,0xEF9D,0xEF9D,0xEF9D,0xEF9D,0xEF9D,0xEF9D,0xEF9D,0xF79D,0xEF9D,0xEF9D,0xEF9D,0xEF9D,
0xEF9D,0xEF9D,0xEF9D,0xEF9D,0xEF9D,0xEF9D,0xEF9D,0xEF9D,0xEF9D,0xEF9D,0xF79D,0xEF9D,0xF79D,0xF79D,0xEF9D,0xEF9D,
0xEF9D,0xEF9D,0xEF9D,0xEF9D,0xF79D,0xEF9D,0xF79D,0xF79D,0xEF9D,0xEF9D,0xEF9D,0xEF9D,0xF79D,0xEF9D,0xEF9D,0xEF9D,
0xEF7D,0xEF9D,0xF79D,0xEF9D,0xEF9D,0xEF9D,0xEF9D,0xEF9D,0xF79D,0xF79D,0xEF7D,0xEF9D,0xF79D,0xEF7D,0xEF7D,0xEF9D,
0xEF9D,0xEF9D,0xEF9D,0xEF9D,0xEF9D,0xEF9D,0xEF9D,0xEF9D,0xEF9D,0xEF9D,0xEF9D,0xEF9D,0xEF7D,0xEF9D,0xEF9D,0xEF7D,
0xEF9D,0xEF9D,0xEF9D,0xF79D,0xF79D,0xF79D,0xEF9D,0xEF7D,0xEF9D,0xEF9D,0xEF9D,0xEF9D,0xEF9D,0xEF9D,0xEF9D,0xEF9D,
0xF79D,0xF79D,0xEF9D,0xF79D,0xEF9D,0xEF9D,0xEF9D,0xEF9D,0xEF9D,0xEF9D,0xF79D,0xEF9D,0xEF9D,0xEF9D,0xEF9D,0xF79D,
0xF79D,0xF79D,0xEF9D,0xEF9D,0xF79D,0xF79D,0xF79D,0xEF9D,0xF79D,0xF79D,0xEF9D,0xEF9D,0xEF9D,0xEF9D,0xEF9D,0xEF9D,
0xEF9D,0xEF9D,0xEF7D,0xEF7D,0xEF9D,0xEF9D,0xF79D,0xF79D,0xEF9D,0xEF7D,0xEF7D,0xEF7D,0xEF7D,0xEF7D,0xEF7C,0xEF7D,
0xF79E,0xF79E,0xF79E,0xF79E,0xF79E,0xEF9D,0xEF9D,0xF79D,0xF79D,0xF79D,0xEF9D,0xEF9D,0xF79D,0xEF9D,0xEF9D,0xF79D,
0xEF9D,0xEF9D,0xEF9D,0xF79D,0xEF9D,0xF79D,0xF79D,0xEF9D,0xEF9D,0xEF9D,0xEF9D,0xEF9D,0xEF9D,0xF79D,0xF79D,0xF79D,
0xF79D,0xF79D,0xF79D,0xEF9D,0xF79D,0xF79D,0xF79D,0xEF9D,0xEF9D,0xF79D,0xEF9D,0xEF9D,0xEF9D,0xEF9D,0xEF9D,0xEF9D,
0xF79D,0xF79D,0xF79D,0xF79D,0xF79D,0xEF9D,0xEF9D,0xEF9D,0xEF9D,0xEF9D,0xEF9D,0xEF9D,0xEF9D,0xEF9D,0xEF9D,0xF79D,
0xF79D,0xEF9D,0xEF7D,0xEF9D,0xEF9D,0xEF9D,0xEF9D,0xF79D,0xEF9D,0xF79D,0xF79D,0xF79D,0xF79D,0xF79D,0xF79D,0xF79D,
0xF79D,0xEF9D,0xEF9D,0xEF7D,0xEF9D,0xF79D,0xEF9D,0xF79D,0xEF7D,0xEF7D,0xEF9D,0xEF9D,0xEF9D,0xEF9D,0xEF9D,0xEF9D,
0xEF9D,0xEF9D,0xEF9D,0xEF9D,0xEF9D,0xEF9D,0xEF9D,0xEF9D,0xEF9D,0xF79D,0xEF9D,0xF79D,0xF79D,0xEF9D,0xEF9D,0xEF9D,
0xF79D,0xF79D,0xF79D,0xF79D,0xEF9D,0xEF9D,0xEF9D,0xEF9D,0xEF9D,0xEF9D,0xF79D,0xEF9D,0xEF9D,0xEF9D,0xF79D,0xEF9D,
0xEF9D,0xF79D,0xEF9D,0xEF9D,0xEF9D,0xEF9D,0xF79D,0xF79D,0xEF9D,0xEF9D,0xEF9D,0xEF9D,0xEF9D,0xF79D,0xEF9D,0xEF9D,
0xEF9D,0xEF9D,0xEF9D,0xEF9D,0xEF9D,0xEF9D,0xEF9D,0xF79D,0xEF9D,0xF79D,0xEF9D,0xEF9D,0xEF9D,0xEF9D,0xEF9D,0xEF9D,
0xF79D,0xEF9D,0xF79D,0xF79D,0xEF7D,0xEF7D,0xEF9D,0xF79D,0xEF9D,0xEF9D,0xEF9D,0xF79D,0xF79D,0xF79D,0xF79D,0xEF9D,
0xEF9D,0xEF9D,0xEF9D,0xF79D,0xF79D,0xF79D,0xEF9D,0xEF9D,0xEF9D,0xEF7D,0xF79D,0xEF9D,0xEF9D,0xF79D,0xEF9D,0xF79D,
0xF79D,0xEF9D,0xEF9D,0xEF9D,0xEF9D,0xEF9D,0xEF9D,0xEF9D,0xEF9D,0xF79D,0xEF9D,0xEF9D,0xEF9D,0xEF9D,0xEF9D,0xF79D,
0xEF9D,0xEF9D,0xEF9D,0xEF9D,0xEF9D,0xEF9D,0xF79D,0xEF9D,0xEF7D,0xEF9D,0xEF9D,0xF79D,0xF79D,0xEF9D,0xEF9D,0xEF9D,
0xF79D,0xEF9D,0xEF9D,0xEF9D,0xF79D,0xF79D,0xEF9D,0xEF9D,0xEF9D,0xEF9D,0xF79D,0xF79D,0xF79D,0xF79D,0xF79D,0xEF9D,
0xF79D,0xF79D,0xEF9D,0xF79D,0xEF9D,0xEF9D,0xEF9D,0xF79D,0xF79D,0xEF9D,0xEF9D,0xEF9D,0xEF9D,0xEF9D,0xEF9D,0xEF9D,
0xEF9D,0xF79D,0xF79D,0xEF9D,0xF77D,0xF77D,0xEF7D,0xEF7D,0xEF9D,0xEF7D,0xEF7D,0xF79E,0xF79E,0xF79E,0xF79E,0xF79E,
};
